loan_id,received_date,actual_is_loss,svm_score,logreg_probability_of_loss,risk_decile
LRQ-267780,2024-11-16,0,12.789969476834175,0.9989072025404988,1
LRQ-233460,2024-12-09,0,10.145324614182345,0.9942674846462137,1
LRQ-334732,2025-10-06,0,4.734404859900837,0.9055589024552203,1
LRQ-366824,2024-12-17,0,3.718347170198302,0.9425163960274873,1
LRQ-678407,2024-12-17,0,3.718347170198302,0.9425163960274873,1
LRQ-893688,2025-06-11,0,3.561833732338914,0.8527663095116964,1
LRQ-546750,2025-06-11,0,3.561833732338914,0.8527663095116964,1
LRQ-570814,2025-03-18,0,3.218793402051733,0.8496451029266365,1
LRQ-143263,2025-03-18,0,3.218793402051733,0.8496451029266365,1
LRQ-894514,2025-01-15,1,3.198378132633354,0.9402787358765599,1
LRQ-286213,2024-10-20,0,2.8716462166076324,0.7716690935776456,1
LRQ-216621,2025-02-22,0,2.8623720980412797,0.8054325552724974,1
LRQ-108102,2025-02-22,0,2.8623720980412797,0.8054325552724974,1
LRQ-942718,2025-04-16,0,2.6032810734468113,0.9130221076838935,1
LRQ-733080,2025-04-16,0,2.6032810734468113,0.9130221076838935,1
LRQ-643650,2025-11-03,0,2.582386766272424,0.8668107989544336,1
LRQ-144003,2024-10-14,0,2.580118584111733,0.8806577472021739,1
LRQ-752946,2025-05-06,0,2.4911586738374067,0.7903749445759247,1
LRQ-323939,2025-04-27,0,2.4566679119728176,0.9199973809879678,1
LRQ-876891,2025-05-25,1,2.4276060788690357,0.888738566297267,1
LRQ-912722,2024-12-01,1,2.242114280894529,0.8493708577440002,1
LRQ-900737,2024-12-01,1,2.242114280894529,0.8493708577440002,1
LRQ-703508,2024-11-18,0,2.1636964346227954,0.8518414846843273,1
LRQ-888620,2024-11-18,0,2.1636964346227954,0.8518414846843273,1
LRQ-925734,2025-04-15,0,2.1514898736145183,0.7391865836827504,1
LRQ-620930,2025-04-15,0,2.1514898736145183,0.7391865836827504,1
LRQ-312574,2025-02-13,0,2.144313958383168,0.8532961956774756,1
LRQ-228988,2025-05-01,0,2.121693677203626,0.8420457581174952,1
LRQ-159130,2024-10-31,1,2.113417383688943,0.8227421860519825,1
LRQ-384664,2024-12-10,0,2.073567065103666,0.8335374198406089,1
LRQ-787325,2024-12-10,0,2.073567065103666,0.8335374198406089,1
LRQ-621412,2025-02-24,1,2.05344343562827,0.8160098743088512,1
LRQ-244901,2025-06-20,0,2.000947185185157,0.8027245049360499,1
LRQ-287273,2025-01-12,1,1.9745086653090764,0.7816724052934804,1
LRQ-552997,2025-04-20,1,1.9446317529104133,0.7980721639688406,1
LRQ-119258,2025-05-26,1,1.9425206741103578,0.8700912484594246,1
LRQ-867587,2025-06-19,0,1.929924663200313,0.628096141783009,1
LRQ-613042,2025-06-19,0,1.929924663200313,0.628096141783009,1
LRQ-567020,2025-06-19,0,1.929924663200313,0.628096141783009,1
LRQ-136621,2025-11-26,0,1.9223382963604534,0.7744551155515128,1
LRQ-339762,2025-01-25,0,1.8860401709497863,0.7971203734732495,1
LRQ-861070,2025-02-02,0,1.8757974787085336,0.8222391242216074,1
LRQ-699541,2025-01-19,0,1.8688518718842486,0.7468506179786655,1
LRQ-727195,2025-01-04,0,1.8582533187813963,0.7673899218691886,1
LRQ-838160,2025-06-22,1,1.8512904169962097,0.7309145545991157,1
LRQ-267001,2025-11-18,0,1.8441100507856047,0.8424793007265685,1
LRQ-818071,2025-06-07,1,1.762045238106384,0.7968697767897558,1
LRQ-959827,2025-07-13,0,1.7605027603420238,0.7393586741949176,1
LRQ-504124,2025-10-27,0,1.7555024314680052,0.8273995493734867,1
LRQ-507078,2025-10-27,0,1.7555024314680052,0.8273995493734867,1
LRQ-327067,2025-04-19,0,1.7538570221626228,0.7865920837164095,1
LRQ-765730,2025-04-19,0,1.7538570221626228,0.7865920837164095,1
LRQ-176905,2025-05-18,0,1.7245823677453016,0.791232120964305,1
LRQ-710487,2025-05-18,0,1.7245823677453016,0.791232120964305,1
LRQ-998928,2025-09-19,1,1.7177127557949516,0.778623208116466,1
LRQ-929550,2025-02-11,0,1.7062736435593022,0.7189528694948654,1
LRQ-551627,2025-02-18,1,1.7028955077316992,0.7530385136088814,1
LRQ-490633,2025-02-16,1,1.6959367436505088,0.7451198939052397,1
LRQ-882788,2025-09-04,1,1.6767672608713609,0.6822147158442523,1
LRQ-714508,2025-09-04,1,1.6767672608713609,0.6822147158442523,1
LRQ-688928,2025-09-04,1,1.6767672608713609,0.6822147158442523,1
LRQ-458387,2025-09-04,1,1.6767672608713609,0.6822147158442523,1
LRQ-495780,2025-01-09,1,1.6754353037223018,0.7757324173174621,1
LRQ-614544,2024-12-27,1,1.661375526919346,0.8199018439134176,1
LRQ-756000,2024-12-27,1,1.661375526919346,0.8199018439134176,1
LRQ-416831,2025-06-12,1,1.657655938282562,0.7429932095122259,1
LRQ-724280,2025-06-26,1,1.6563087228231934,0.7575129937825569,1
LRQ-484084,2024-11-10,0,1.6497039687757988,0.7758306341858765,1
LRQ-620140,2024-12-27,0,1.643738065980858,0.7680888645209542,1
LRQ-343819,2025-01-25,0,1.6245200534577604,0.6823410204244109,1
LRQ-313492,2025-01-25,0,1.6245200534577604,0.6823410204244109,1
LRQ-360594,2025-01-25,0,1.6245200534577604,0.6823410204244109,1
LRQ-852278,2024-12-10,1,1.6012883237198023,0.7929192922567427,1
LRQ-611011,2024-12-19,0,1.598587917506424,0.6982596097912633,1
LRQ-745011,2024-10-08,0,1.597971490942217,0.8114719160366608,1
LRQ-937176,2025-07-12,0,1.5872564411749748,0.7635933929932314,1
LRQ-451715,2025-02-07,0,1.582859775566038,0.6875704814684589,1
LRQ-908864,2025-02-07,0,1.582859775566038,0.6875704814684589,1
LRQ-568035,2024-10-15,0,1.5783247217391816,0.7865971114694165,1
LRQ-303366,2025-12-18,1,1.5782676716237516,0.8048035527227948,1
LRQ-300358,2025-12-18,1,1.5782676716237516,0.8048035527227948,1
LRQ-232836,2025-10-16,1,1.5749634872519094,0.6937522360330164,1
LRQ-255447,2025-04-05,0,1.5508445366936483,0.7624816899939201,1
LRQ-250797,2025-02-05,0,1.5464569583748924,0.7235408972664147,1
LRQ-133650,2025-02-05,0,1.5464569583748924,0.7235408972664147,1
LRQ-729871,2025-04-13,0,1.5065611863086472,0.7296464940847133,1
LRQ-967869,2025-04-13,0,1.5065611863086472,0.7296464940847133,1
LRQ-371348,2024-12-28,1,1.4996226929528005,0.8032696507613719,1
LRQ-583996,2025-01-02,0,1.4869031858006165,0.7554012148932804,1
LRQ-941470,2025-01-02,0,1.4869031858006165,0.7554012148932804,1
LRQ-459518,2025-08-21,0,1.4838737627573435,0.7343282678543185,1
LRQ-836265,2025-11-19,0,1.4801208833470296,0.735100364177989,1
LRQ-723612,2025-02-24,0,1.4596661283131196,0.725594376839447,1
LRQ-983321,2024-12-19,0,1.4572716139439192,0.7042318020007827,1
LRQ-547566,2025-06-13,1,1.4425864971802183,0.8317204111178429,1
LRQ-914729,2025-06-13,1,1.4425864971802183,0.8317204111178429,1
LRQ-697100,2025-06-13,1,1.4425864971802183,0.8317204111178429,1
LRQ-514262,2025-04-18,1,1.4411938095429262,0.7170694503288131,1
LRQ-475874,2025-04-30,0,1.4286203745478359,0.6932051005881671,1
LRQ-656164,2025-03-10,0,1.4141248886033706,0.7532653732553709,1
LRQ-840018,2025-01-12,0,1.4111243902805652,0.780505778399121,1
LRQ-492764,2025-01-12,0,1.4111243902805652,0.780505778399121,1
LRQ-444421,2025-08-06,1,1.3945701584323897,0.7664825559784058,1
LRQ-562817,2025-08-06,1,1.3945701584323897,0.7664825559784058,1
LRQ-764506,2025-03-21,1,1.3889603341801147,0.7454307485887168,1
LRQ-142337,2025-03-21,1,1.3889603341801147,0.7454307485887168,1
LRQ-956031,2025-05-31,0,1.3880596656699025,0.6852347760354187,1
LRQ-449974,2025-03-20,1,1.3775203190768819,0.6442980927755304,1
LRQ-150766,2025-03-20,1,1.3775203190768819,0.6442980927755304,1
LRQ-563599,2025-02-07,0,1.3498355975617384,0.7026253357872541,1
LRQ-763198,2025-02-07,0,1.3498355975617384,0.7026253357872541,1
LRQ-336980,2024-10-20,0,1.3425602819734648,0.7409941437066601,1
LRQ-180849,2025-09-19,1,1.3399518255554197,0.6457717697926104,1
LRQ-685291,2025-06-09,1,1.3255832655702475,0.7206854038676569,1
LRQ-886310,2024-11-03,0,1.312757701274296,0.7225489833408181,1
LRQ-860236,2025-01-19,0,1.3119794461416516,0.6994938981011637,1
LRQ-377542,2024-10-07,0,1.3090613370564368,0.6908568103666715,1
LRQ-738903,2024-10-07,0,1.3090613370564368,0.6908568103666715,1
LRQ-450268,2025-06-15,1,1.288746053479744,0.7231089216531091,1
LRQ-257920,2025-06-15,1,1.288746053479744,0.7231089216531091,1
LRQ-228011,2025-05-16,0,1.2852302101004396,0.6722669574945566,1
LRQ-226201,2025-12-06,0,1.2720479973692589,0.6842637465164537,1
LRQ-555380,2025-12-06,0,1.2720479973692589,0.6842637465164537,1
LRQ-571359,2025-04-16,0,1.2512462874268406,0.665301819735015,1
LRQ-955840,2025-02-02,0,1.2481533711272332,0.7396606045098876,1
LRQ-620652,2024-10-05,0,1.24220076541899,0.580033364564997,1
LRQ-861324,2025-05-06,0,1.2417747066470453,0.7210283154880657,1
LRQ-505275,2025-03-03,0,1.241545834788826,0.6497972580179867,1
LRQ-640272,2025-03-28,0,1.2301798056695246,0.7036409261036021,1
LRQ-888083,2025-03-28,0,1.2301798056695246,0.7036409261036021,1
LRQ-908848,2024-11-22,1,1.226847820541309,0.6331136584199674,1
LRQ-503078,2024-11-02,1,1.2183104566124312,0.7514148476170892,1
LRQ-931587,2024-11-02,1,1.2183104566124312,0.7514148476170892,1
LRQ-264495,2024-11-02,1,1.2183104566124312,0.7514148476170892,1
LRQ-860397,2025-06-30,0,1.2130259834736306,0.7193975430520108,1
LRQ-484093,2025-05-22,0,1.2061867968359818,0.7636706400548631,1
LRQ-627775,2025-05-26,0,1.1927763558277773,0.6660503960859664,1
LRQ-247564,2025-01-16,0,1.1871551582410573,0.7356450349195022,1
LRQ-246705,2025-04-28,0,1.1766178900715145,0.6971862899392024,1
LRQ-342346,2025-04-28,0,1.1766178900715145,0.6971862899392024,1
LRQ-545907,2024-11-22,0,1.1763482056993153,0.7244181562540831,1
LRQ-173800,2024-10-09,0,1.170520672537438,0.6866454155427533,1
LRQ-646361,2025-02-25,0,1.160404382146098,0.7336072016141568,1
LRQ-742322,2025-02-25,0,1.160404382146098,0.7336072016141568,1
LRQ-283333,2025-05-31,0,1.1553732850346021,0.7685005429633472,1
LRQ-393230,2025-05-31,0,1.1553732850346021,0.7685005429633472,1
LRQ-840265,2025-08-19,0,1.1432245839394453,0.701234292415604,1
LRQ-524859,2025-06-13,0,1.1410847358673548,0.7391579926347854,1
LRQ-797821,2025-04-10,0,1.138351224836799,0.6609721515789232,1
LRQ-175631,2025-04-10,0,1.138351224836799,0.6609721515789232,1
LRQ-903623,2024-12-31,0,1.1369837072161202,0.6581008964403288,1
LRQ-308789,2024-12-31,0,1.1369837072161202,0.6581008964403288,1
LRQ-386099,2024-12-31,0,1.1369837072161202,0.6581008964403288,1
LRQ-673927,2025-07-12,1,1.1275755546819708,0.6122117955726225,1
LRQ-437898,2025-06-14,0,1.1148434783906636,0.6652215095708099,1
LRQ-852114,2025-02-23,1,1.1115258257767406,0.7406121274758417,1
LRQ-713295,2025-05-30,1,1.0846688428489868,0.697864308197324,1
LRQ-618440,2024-10-25,0,1.0839712510709658,0.6853941091761052,1
LRQ-502491,2024-10-25,0,1.0839712510709658,0.6853941091761052,1
LRQ-229831,2024-10-25,0,1.0839712510709658,0.6853941091761052,1
LRQ-478776,2024-11-03,1,1.0820739592373796,0.6697453245537442,1
LRQ-928530,2025-07-02,0,1.080572760210873,0.6384687639026169,1
LRQ-577855,2024-11-15,0,1.0750360130203829,0.6909522422288171,1
LRQ-351581,2025-08-10,1,1.0748652367737348,0.6664026669359489,1
LRQ-576872,2025-06-24,0,1.06555207578167,0.6473735652526488,1
LRQ-305539,2024-12-15,0,1.060470421129966,0.6716896004747406,1
LRQ-598698,2024-12-15,0,1.060470421129966,0.6716896004747406,1
LRQ-480222,2025-01-10,1,1.0594787553886844,0.6891072256551904,1
LRQ-539200,2025-01-10,1,1.0594787553886844,0.6891072256551904,1
LRQ-502066,2025-01-10,1,1.0560949129810409,0.7226822167909536,1
LRQ-630125,2025-06-04,1,1.0512870578700584,0.6424018620981038,1
LRQ-931401,2025-06-04,1,1.0512870578700584,0.6424018620981038,1
LRQ-372898,2024-12-16,0,1.05010093046464,0.7390898828228892,1
LRQ-609508,2024-12-15,0,1.041568630921165,0.7373969607898468,1
LRQ-688313,2024-10-28,0,1.0394358575202203,0.7016548107500107,1
LRQ-838524,2025-01-31,0,1.030412223931168,0.7142487735451216,1
LRQ-881316,2024-11-06,1,1.0231911321891323,0.6224207272676203,1
LRQ-289312,2024-11-06,1,1.0231911321891323,0.6224207272676203,1
LRQ-381103,2025-11-04,0,1.0205179621663545,0.5931170042821314,1
LRQ-931666,2025-11-23,0,1.0032026937607865,0.6364004760247113,1
LRQ-496285,2025-11-23,0,1.0032026937607865,0.6364004760247113,1
LRQ-520750,2024-10-13,0,0.9976402567862506,0.5861239526914747,1
LRQ-696824,2025-10-07,0,0.9970815425459021,0.5911760080160373,1
LRQ-758873,2025-02-21,0,0.9919577211203885,0.6450881394463791,1
LRQ-950173,2025-06-13,0,0.9915635870272803,0.6389629029950337,1
LRQ-346287,2025-10-27,1,0.9859691802544921,0.6568548153419168,1
LRQ-324128,2025-10-27,1,0.9859691802544921,0.6568548153419168,1
LRQ-153446,2025-02-08,0,0.98105857620327,0.6235954575402194,1
LRQ-745187,2024-12-06,0,0.9784374994210792,0.7061052565004536,1
LRQ-939201,2024-10-03,1,0.9761698743268878,0.6665842248211044,1
LRQ-857758,2024-10-03,1,0.9761698743268878,0.6665842248211044,1
LRQ-373240,2024-10-29,1,0.9731876997959601,0.7355185278171985,1
LRQ-111413,2025-03-12,1,0.9731300442385189,0.6533112017295928,1
LRQ-422556,2025-08-16,1,0.9627295083292209,0.625280979985096,1
LRQ-386992,2025-09-15,0,0.9547049534007384,0.6556433071272738,1
LRQ-562177,2025-09-15,0,0.9547049534007384,0.6556433071272738,1
LRQ-687754,2025-03-24,0,0.9532044997343858,0.605868262382905,2
LRQ-930235,2025-03-24,0,0.9532044997343858,0.605868262382905,2
LRQ-624140,2024-12-23,1,0.9528794145286836,0.7252903939136797,2
LRQ-626509,2025-06-15,0,0.9527135680868382,0.6961118498685255,2
LRQ-933806,2025-06-15,0,0.9527135680868382,0.6961118498685255,2
LRQ-935952,2024-12-27,0,0.9473991455567754,0.661675984711748,2
LRQ-663778,2024-12-27,0,0.9473991455567754,0.661675984711748,2
LRQ-858480,2025-02-23,0,0.9448872321194299,0.7135812594302031,2
LRQ-377293,2025-02-23,0,0.9448872321194299,0.7135812594302031,2
LRQ-383799,2025-11-01,0,0.9422201579048872,0.6784502090790063,2
LRQ-213157,2025-11-01,0,0.9422201579048872,0.6784502090790063,2
LRQ-592015,2025-07-24,0,0.931765796130196,0.6268808133549495,2
LRQ-816986,2025-07-24,0,0.931765796130196,0.6268808133549495,2
LRQ-234346,2025-08-05,1,0.9245200570535301,0.6824702072952656,2
LRQ-456127,2025-02-25,1,0.9227031478782122,0.6719644671083111,2
LRQ-956520,2025-02-25,1,0.9227031478782122,0.6719644671083111,2
LRQ-461597,2025-02-02,1,0.9215622837200668,0.6172272649825885,2
LRQ-984911,2025-09-19,1,0.9203613763384508,0.6349884115338897,2
LRQ-752734,2024-12-10,0,0.9134433948488399,0.6812823017712245,2
LRQ-379252,2024-12-10,0,0.9134433948488399,0.6812823017712245,2
LRQ-520698,2024-12-10,0,0.9134433948488399,0.6812823017712245,2
LRQ-194394,2025-02-10,0,0.9067611476295481,0.681016895022244,2
LRQ-743135,2025-06-19,0,0.9048209400518656,0.6534546551304458,2
LRQ-977121,2025-01-12,1,0.9037551336196996,0.5911497143237685,2
LRQ-406325,2024-10-05,1,0.9035326888658402,0.641725041118039,2
LRQ-450614,2024-10-05,1,0.9035326888658402,0.641725041118039,2
LRQ-456464,2024-10-08,0,0.8925392650278523,0.6391265781042588,2
LRQ-941263,2024-10-08,0,0.8925392650278523,0.6391265781042588,2
LRQ-426350,2025-01-29,1,0.8919163324441568,0.6293041596446036,2
LRQ-846171,2025-06-18,1,0.886827444204985,0.6877113363400138,2
LRQ-276356,2025-06-18,1,0.886827444204985,0.6877113363400138,2
LRQ-398256,2025-02-26,0,0.8852961241886161,0.6858705779709277,2
LRQ-534528,2025-02-28,1,0.8842944661828822,0.7100022972735106,2
LRQ-197032,2025-03-25,1,0.8819992499548617,0.6817898360178469,2
LRQ-174107,2025-01-03,0,0.8736114441967855,0.6221418160716858,2
LRQ-183393,2025-07-13,1,0.8732006829165497,0.6199013251125578,2
LRQ-589381,2025-05-30,0,0.864643102166144,0.6503197632620628,2
LRQ-244735,2024-10-26,1,0.8628371136972701,0.6549316475342242,2
LRQ-207247,2025-06-25,1,0.8619830024194384,0.6608868028087903,2
LRQ-659179,2024-11-14,0,0.8598255443334208,0.6351250281359736,2
LRQ-555401,2025-02-04,0,0.8590818254330541,0.6006899458549368,2
LRQ-991161,2025-01-01,1,0.8552534770214661,0.6126127766757112,2
LRQ-163461,2025-09-27,0,0.8532839045236527,0.6378295010594518,2
LRQ-913825,2024-10-16,0,0.8521164688144607,0.605444567677825,2
LRQ-142463,2024-10-16,0,0.8521164688144607,0.605444567677825,2
LRQ-682295,2025-02-24,0,0.851227012004915,0.5529731659171951,2
LRQ-892713,2025-05-31,1,0.8438954971810331,0.666224666600668,2
LRQ-307232,2025-05-31,1,0.8438954971810331,0.666224666600668,2
LRQ-203170,2024-10-03,1,0.8345091372901505,0.5998329067421229,2
LRQ-812064,2024-10-03,1,0.8345091372901505,0.5998329067421229,2
LRQ-341980,2024-12-20,1,0.8315050428614894,0.6873915864773178,2
LRQ-995780,2024-12-19,1,0.8282634063468093,0.7069300142701491,2
LRQ-485941,2024-12-08,0,0.822865032176014,0.5581613396271354,2
LRQ-862382,2024-12-08,0,0.822865032176014,0.5581613396271354,2
LRQ-878347,2025-10-20,0,0.8221804799706431,0.6615553024062467,2
LRQ-547757,2025-10-20,0,0.8221804799706431,0.6615553024062467,2
LRQ-408021,2025-07-11,1,0.8192135111821868,0.6479402945534176,2
LRQ-406043,2024-10-29,1,0.8112294904689064,0.6717028883321474,2
LRQ-511305,2024-10-26,0,0.8018711491426549,0.6347158675227523,2
LRQ-511640,2025-09-21,0,0.8007029718081382,0.5920677414420843,2
LRQ-343912,2025-09-21,0,0.8007029718081382,0.5920677414420843,2
LRQ-971355,2025-06-29,0,0.797135698329245,0.6485932275417032,2
LRQ-460245,2025-06-29,0,0.797135698329245,0.6485932275417032,2
LRQ-770378,2025-06-06,0,0.7943916520611252,0.5124908562127573,2
LRQ-697198,2025-02-18,1,0.7935196886221716,0.576416373531945,2
LRQ-124162,2024-12-01,0,0.7892612428619499,0.6689739477993244,2
LRQ-620942,2024-12-01,0,0.7892612428619499,0.6689739477993244,2
LRQ-431592,2025-11-04,1,0.7822437100292232,0.5796017799845133,2
LRQ-898925,2024-12-18,1,0.774058355700407,0.662302691180212,2
LRQ-540143,2024-12-13,1,0.7665931540196622,0.66309530201214,2
LRQ-586860,2025-02-14,0,0.7649621842729628,0.6077915766622889,2
LRQ-505322,2025-02-14,0,0.7649621842729628,0.6077915766622889,2
LRQ-720083,2025-04-21,1,0.7633248322184043,0.595884761439377,2
LRQ-928013,2025-04-21,1,0.7633248322184043,0.595884761439377,2
LRQ-186412,2025-11-03,0,0.7598593720057805,0.7081654501380927,2
LRQ-336529,2025-03-27,1,0.7503497087555706,0.5842553128367725,2
LRQ-841347,2025-03-27,1,0.7503497087555706,0.5842553128367725,2
LRQ-615242,2025-02-16,0,0.7465823518758894,0.6703455895394174,2
LRQ-126940,2025-04-14,0,0.7411481706036396,0.5609312755335034,2
LRQ-567443,2025-03-30,0,0.738277758046638,0.5462080478298554,2
LRQ-642522,2025-09-29,1,0.7288983959869482,0.5783039288020971,2
LRQ-640681,2025-03-02,1,0.7282868630505162,0.6441154501417989,2
LRQ-377625,2025-07-29,0,0.7250372044245124,0.6043056161476034,2
LRQ-590251,2024-12-03,0,0.7241499426690323,0.5800193273830296,2
LRQ-537137,2024-12-03,0,0.7241499426690323,0.5800193273830296,2
LRQ-130756,2024-12-03,0,0.7241499426690323,0.5800193273830296,2
LRQ-331790,2025-03-15,1,0.7150181993031195,0.6413300787364921,2
LRQ-377678,2025-04-23,0,0.7144709993652212,0.5661422763699433,2
LRQ-158076,2025-04-23,0,0.7128043679821188,0.5059918842653193,2
LRQ-739810,2025-07-11,0,0.711832114959793,0.6698380006715174,2
LRQ-673519,2025-02-24,0,0.7075807664646332,0.5646023019187368,2
LRQ-541675,2025-02-24,0,0.7075807664646332,0.5646023019187368,2
LRQ-220882,2025-02-24,0,0.7075807664646332,0.5646023019187368,2
LRQ-944640,2025-06-09,0,0.7070309227995493,0.6747076619745418,2
LRQ-895164,2025-06-09,0,0.7070309227995493,0.6747076619745418,2
LRQ-996565,2025-10-26,0,0.7047660202886901,0.6376435532469481,2
LRQ-546488,2025-10-26,0,0.7047660202886901,0.6376435532469481,2
LRQ-634593,2025-06-17,1,0.7027662825898942,0.6110472949788381,2
LRQ-888300,2025-04-24,0,0.7021004429154294,0.6865406446030363,2
LRQ-445758,2025-09-08,1,0.6986649572297265,0.659607716678543,2
LRQ-304990,2024-12-01,0,0.69730430300483,0.6217053242057446,2
LRQ-659779,2025-10-30,0,0.6965049254739624,0.6233776717026674,2
LRQ-226309,2025-08-10,0,0.6955460225726879,0.6456894497194666,2
LRQ-795007,2025-06-09,1,0.6930319845745201,0.593156870873737,2
LRQ-771228,2025-03-16,1,0.692921623049318,0.6437689835629482,2
LRQ-350296,2025-10-01,0,0.6901982361566352,0.6115881980769127,2
LRQ-374102,2025-09-08,0,0.6901928328491662,0.46559804904671886,2
LRQ-836591,2025-01-10,0,0.6892916696064075,0.6128330412901596,2
LRQ-852148,2025-09-18,0,0.6865878631717122,0.6096131955249138,2
LRQ-177547,2025-09-18,0,0.6865878631717122,0.6096131955249138,2
LRQ-106761,2025-09-14,0,0.6859319887273498,0.5873156694410813,2
LRQ-745754,2024-10-12,1,0.6855142016429339,0.673419851804167,2
LRQ-120147,2024-10-12,1,0.6855142016429339,0.673419851804167,2
LRQ-625691,2025-01-01,1,0.6840421006727864,0.5994593842912079,2
LRQ-570971,2025-01-26,0,0.6814438399472236,0.4913262338703554,2
LRQ-140618,2025-10-18,0,0.6790853973491684,0.5504894277760184,2
LRQ-294502,2025-10-18,0,0.6790853973491684,0.5504894277760184,2
LRQ-465406,2024-11-21,0,0.6787450762501974,0.5661170297213448,2
LRQ-200454,2025-01-10,1,0.6783327720730083,0.582521140669663,2
LRQ-729297,2025-01-18,0,0.6746155828613238,0.583318146711664,2
LRQ-587174,2025-02-20,1,0.6723705528020671,0.5751400760883733,2
LRQ-396050,2024-11-14,0,0.6704582296746535,0.6895001788623752,2
LRQ-260871,2024-11-14,0,0.6704582296746535,0.6895001788623752,2
LRQ-999513,2025-01-09,0,0.6702727344648904,0.49890606887345423,2
LRQ-437577,2024-12-06,1,0.6689720001346577,0.48240266128827275,2
LRQ-426084,2024-12-21,0,0.6683241993495583,0.6694216798968462,2
LRQ-501584,2024-12-21,0,0.6683241993495583,0.6694216798968462,2
LRQ-188171,2024-12-21,0,0.6683241993495583,0.6694216798968462,2
LRQ-905037,2025-04-17,0,0.6667167241752621,0.5890601836391628,2
LRQ-846808,2025-02-13,0,0.6650763222177885,0.5672669449406695,2
LRQ-679020,2025-02-13,0,0.6650763222177885,0.5672669449406695,2
LRQ-784309,2025-10-05,0,0.6649180016246019,0.5476649190910666,2
LRQ-331684,2025-06-15,0,0.6633968179641441,0.6372313062999533,2
LRQ-758704,2025-06-15,0,0.6633968179641441,0.6372313062999533,2
LRQ-428317,2024-12-03,0,0.6602779153607683,0.6445581310260659,2
LRQ-603987,2024-12-03,0,0.6602779153607683,0.6445581310260659,2
LRQ-150925,2024-12-03,0,0.6602779153607683,0.6445581310260659,2
LRQ-424090,2025-11-04,0,0.6594331680283743,0.5533554188027647,2
LRQ-175437,2024-11-18,0,0.6593724951064983,0.6014319473267506,2
LRQ-570993,2025-02-05,0,0.6502776622415238,0.5659786726791435,2
LRQ-420842,2025-06-27,0,0.6455186765291385,0.5895352542764116,2
LRQ-711546,2025-05-09,0,0.6453535149921263,0.5258625051164257,2
LRQ-161245,2025-05-09,0,0.6453535149921263,0.5258625051164257,2
LRQ-327566,2025-09-16,1,0.6420620755030084,0.6240247378930991,2
LRQ-997935,2025-01-05,0,0.6409855440484362,0.6119925945685868,2
LRQ-698478,2025-01-05,0,0.6409855440484362,0.6119925945685868,2
LRQ-964968,2025-01-05,0,0.6409855440484362,0.6119925945685868,2
LRQ-817622,2025-01-05,0,0.6409855440484362,0.6119925945685868,2
LRQ-641079,2025-01-05,0,0.6409855440484362,0.6119925945685868,2
LRQ-425872,2025-06-05,0,0.6375171915673432,0.5982363231835323,2
LRQ-124109,2025-01-07,0,0.6267121102705344,0.7083733810069043,2
LRQ-304780,2025-01-07,0,0.6267121102705344,0.7083733810069043,2
LRQ-156923,2024-12-13,1,0.6244465166295301,0.5568765704880384,2
LRQ-661471,2024-12-13,1,0.6244465166295301,0.5568765704880384,2
LRQ-137820,2025-06-22,0,0.6218604763664244,0.7053764026887737,2
LRQ-324363,2025-08-22,1,0.6196923587525474,0.5856206511084645,2
LRQ-100284,2025-02-01,1,0.6194777630299084,0.5817987970089604,2
LRQ-621376,2025-04-20,1,0.6172355274597292,0.6019974585808966,2
LRQ-516922,2025-02-18,0,0.6138841393643828,0.49124175722396124,2
LRQ-386886,2025-02-18,0,0.6138841393643828,0.49124175722396124,2
LRQ-906825,2025-05-28,0,0.6103908928718509,0.5528926133755864,2
LRQ-186115,2025-05-28,0,0.6103908928718509,0.5528926133755864,2
LRQ-394030,2025-02-01,0,0.6095569963603849,0.5940256006108128,2
LRQ-179032,2024-12-14,0,0.6080640976642142,0.652737581961183,2
LRQ-765238,2025-01-28,0,0.6057429213398846,0.5373816949613862,2
LRQ-568449,2024-12-28,0,0.6039821551612929,0.573088859548403,2
LRQ-198847,2024-12-28,0,0.6039821551612929,0.573088859548403,2
LRQ-683606,2025-10-08,0,0.6032486676519566,0.6165460622135176,2
LRQ-159434,2024-12-23,0,0.6019889230501887,0.5602762902288735,2
LRQ-626719,2024-12-23,0,0.6019889230501887,0.5602762902288735,2
LRQ-736454,2025-05-04,0,0.60166105004821,0.5598539210846974,2
LRQ-175800,2025-04-12,1,0.6008438715204418,0.546177442304626,2
LRQ-266217,2025-01-30,1,0.5973330828818346,0.6113172073437732,2
LRQ-270979,2025-01-30,1,0.5973330828818346,0.6113172073437732,2
LRQ-857332,2025-04-11,1,0.5969730215679645,0.6245431390171021,2
LRQ-313171,2025-04-11,1,0.5969730215679645,0.6245431390171021,2
LRQ-535950,2025-04-11,1,0.5969730215679645,0.6245431390171021,2
LRQ-783794,2025-02-01,0,0.5878957850529103,0.6039201185928119,2
LRQ-348725,2025-02-01,0,0.5878957850529103,0.6039201185928119,2
LRQ-758568,2025-03-22,0,0.587522046648334,0.5801902861998325,2
LRQ-206655,2025-03-22,0,0.587522046648334,0.5801902861998325,2
LRQ-507815,2025-05-24,1,0.5808221628803265,0.5892136029344045,2
LRQ-592665,2025-03-08,0,0.5805279529229095,0.6865470802729823,2
LRQ-289546,2025-03-08,0,0.5805279529229095,0.6865470802729823,2
LRQ-154109,2025-03-08,0,0.5805279529229095,0.6865470802729823,2
LRQ-159863,2025-03-08,0,0.5805279529229095,0.6865470802729823,2
LRQ-291923,2025-03-08,0,0.5805279529229095,0.6865470802729823,2
LRQ-172699,2025-11-26,0,0.5802604237641615,0.5310566267202543,2
LRQ-679037,2025-03-07,0,0.575606237712285,0.5745459257173355,2
LRQ-729738,2025-03-07,0,0.575606237712285,0.5745459257173355,2
LRQ-347959,2025-02-12,0,0.5694308397923775,0.6042660003564874,2
LRQ-513577,2025-10-17,0,0.5686441885693965,0.6604129502674073,2
LRQ-977691,2025-04-11,0,0.5666936917972292,0.5503820863220651,2
LRQ-382148,2025-04-11,0,0.5666936917972292,0.5503820863220651,2
LRQ-856484,2024-11-21,0,0.5661515273931199,0.6253650216808868,2
LRQ-985316,2024-11-21,0,0.5661515273931199,0.6253650216808868,2
LRQ-769435,2025-03-11,0,0.5643731101593401,0.6420769714967385,2
LRQ-220219,2025-10-14,0,0.5629660788618649,0.6294642036542856,3
LRQ-473588,2025-01-27,0,0.5626642247892901,0.6170816803653273,3
LRQ-732690,2025-01-27,0,0.5626642247892901,0.6170816803653273,3
LRQ-466632,2024-12-02,1,0.5583560444270743,0.6323924611878272,3
LRQ-735205,2025-01-12,0,0.5569812285871647,0.6009582389637904,3
LRQ-182569,2025-01-12,0,0.5569812285871647,0.6009582389637904,3
LRQ-184781,2024-10-19,0,0.5552803335969996,0.48749090517776267,3
LRQ-916053,2024-11-02,0,0.5534914914671161,0.5499241041268905,3
LRQ-608339,2025-04-15,1,0.5527337409411528,0.5652238777434532,3
LRQ-554914,2025-04-15,1,0.5527337409411528,0.5652238777434532,3
LRQ-938646,2025-06-25,0,0.5517361590958556,0.5593558821291422,3
LRQ-620229,2024-10-22,0,0.5507450889476351,0.6260110892234301,3
LRQ-985398,2025-11-17,0,0.5440945238507195,0.6060223715737153,3
LRQ-660692,2025-11-17,0,0.5440945238507195,0.6060223715737153,3
LRQ-239232,2025-08-12,1,0.5342656591675334,0.5618519754337828,3
LRQ-992492,2024-10-16,0,0.5337944251333964,0.6456400834454067,3
LRQ-172533,2024-10-20,0,0.5324710742678063,0.6374021044146463,3
LRQ-386248,2024-11-22,1,0.5299629717294918,0.5974243059556292,3
LRQ-157132,2025-09-20,0,0.52736239753317,0.62197584771193,3
LRQ-366120,2025-10-21,1,0.5257835865721061,0.600917662236245,3
LRQ-374466,2024-11-21,0,0.5257762067909608,0.5258126606295837,3
LRQ-875233,2025-01-21,0,0.5247906736900125,0.5279030044230741,3
LRQ-564008,2025-01-21,0,0.5247906736900125,0.5279030044230741,3
LRQ-203166,2025-03-15,1,0.5235245587026638,0.633024491991813,3
LRQ-261519,2024-12-29,0,0.5219613005466952,0.6098410720679784,3
LRQ-275936,2024-12-19,1,0.5201193237790696,0.6310098689209054,3
LRQ-640676,2024-12-19,1,0.5201193237790696,0.6310098689209054,3
LRQ-710464,2024-12-19,0,0.5195247381968668,0.5821693495280282,3
LRQ-959029,2025-11-26,1,0.5190424343098696,0.6374715871209439,3
LRQ-935566,2025-04-30,1,0.5116086494746552,0.6473749864887984,3
LRQ-426749,2025-06-21,0,0.5080560694359404,0.5950784639146256,3
LRQ-945802,2025-06-21,0,0.5080560694359404,0.5950784639146256,3
LRQ-318996,2024-10-04,0,0.5055943642778145,0.6048168572571201,3
LRQ-496300,2024-12-31,0,0.5043114682355734,0.6001483048968076,3
LRQ-231348,2025-03-05,0,0.49770220632790346,0.5783647003407718,3
LRQ-323903,2025-02-08,1,0.4971958208994804,0.6200957681828471,3
LRQ-251804,2025-06-20,0,0.49685022207016777,0.3718550195688348,3
LRQ-471717,2025-10-08,0,0.4928164265799521,0.4926250565775374,3
LRQ-279757,2025-10-27,1,0.49205094456373194,0.5099963280394274,3
LRQ-445726,2025-04-14,0,0.48506684997596755,0.5861778861211191,3
LRQ-395406,2024-10-29,0,0.48366894968747237,0.5707824146209878,3
LRQ-572231,2025-03-30,0,0.4832705429220309,0.6539479028260109,3
LRQ-178578,2024-12-08,1,0.48315235437438536,0.6269943609310598,3
LRQ-732117,2024-11-02,0,0.48132840480211575,0.5552553258692098,3
LRQ-197059,2024-11-02,0,0.48132840480211575,0.5552553258692098,3
LRQ-951540,2025-07-07,1,0.47974880961105487,0.5723627773326226,3
LRQ-960666,2025-02-05,0,0.4740933428767446,0.5522496186303438,3
LRQ-131897,2025-02-05,0,0.4740933428767446,0.5522496186303438,3
LRQ-245037,2025-02-05,0,0.4740933428767446,0.5522496186303438,3
LRQ-392910,2024-12-25,1,0.4715842765807449,0.5578374260226883,3
LRQ-103089,2024-12-25,1,0.4715842765807449,0.5578374260226883,3
LRQ-815303,2024-11-23,1,0.4652930959116927,0.5762257577215535,3
LRQ-340857,2025-05-03,0,0.46340647780953054,0.5680942286520427,3
LRQ-178008,2025-05-03,0,0.46340647780953054,0.5680942286520427,3
LRQ-338396,2025-05-03,0,0.46340647780953054,0.5680942286520427,3
LRQ-802631,2025-02-03,1,0.4574353985303387,0.5620753621882907,3
LRQ-328317,2024-12-26,0,0.45612782061169715,0.560921844155379,3
LRQ-672114,2025-07-21,0,0.451331723771136,0.5593973258856604,3
LRQ-451237,2025-06-24,0,0.45077962229292984,0.5026224600581757,3
LRQ-526103,2025-07-16,0,0.4477921059281042,0.5421068682785317,3
LRQ-549888,2025-07-06,1,0.44728194968813545,0.5736595259533608,3
LRQ-132849,2025-04-07,0,0.44431608919812765,0.5987592109210218,3
LRQ-855002,2025-06-19,0,0.4420266222854136,0.6008277288435558,3
LRQ-816596,2025-12-04,0,0.44139335580085776,0.4454376823690936,3
LRQ-167846,2025-12-04,0,0.44139335580085776,0.4454376823690936,3
LRQ-224617,2025-05-01,0,0.4408041463853349,0.5565544878077471,3
LRQ-459185,2025-08-15,0,0.4336306103086142,0.5548903855450201,3
LRQ-776753,2025-03-15,1,0.4325052226753198,0.5140127123007227,3
LRQ-839762,2024-11-28,0,0.4322422934562437,0.5876915559973751,3
LRQ-260492,2025-02-04,1,0.42830796227757423,0.5159183290885828,3
LRQ-678786,2024-10-23,0,0.42678160971785223,0.5665415523937986,3
LRQ-213320,2025-03-11,0,0.4259589681883424,0.5460175148583852,3
LRQ-494542,2025-03-11,0,0.4259589681883424,0.5460175148583852,3
LRQ-391535,2025-03-11,0,0.4259589681883424,0.5460175148583852,3
LRQ-827733,2025-04-06,0,0.42586628375171903,0.5290325299254932,3
LRQ-898147,2025-04-06,0,0.42586628375171903,0.5290325299254932,3
LRQ-237015,2025-04-06,0,0.4225201397494968,0.49121076704216754,3
LRQ-506692,2025-06-26,0,0.42036389735690255,0.5387983738342182,3
LRQ-248467,2025-06-26,0,0.42036389735690255,0.5387983738342182,3
LRQ-753646,2024-12-28,0,0.41574872575997807,0.6182436804646171,3
LRQ-227264,2025-06-06,1,0.4157182937950549,0.5537030280324599,3
LRQ-269206,2024-11-26,0,0.4130298181881242,0.5358696986434631,3
LRQ-894385,2024-12-11,1,0.41216219001255444,0.5364518634683711,3
LRQ-986208,2024-12-11,1,0.41216219001255444,0.5364518634683711,3
LRQ-742821,2024-12-11,1,0.41216219001255444,0.5364518634683711,3
LRQ-449958,2024-12-11,1,0.41216219001255444,0.5364518634683711,3
LRQ-416599,2024-11-28,1,0.4088087630569132,0.5629275259085381,3
LRQ-480889,2025-01-11,1,0.4030159919141622,0.5164275458887028,3
LRQ-545018,2025-01-11,1,0.4030159919141622,0.5164275458887028,3
LRQ-311709,2025-07-05,0,0.4015908766432856,0.5319267483397171,3
LRQ-148216,2025-01-05,0,0.39983533303417834,0.5836673970846483,3
LRQ-115064,2024-10-11,0,0.399718396933383,0.5001734772280246,3
LRQ-111583,2024-12-06,0,0.398696080964501,0.5409861890269412,3
LRQ-536162,2025-07-19,0,0.3985910989141414,0.5545169327187403,3
LRQ-620466,2025-07-19,0,0.3985910989141414,0.5545169327187403,3
LRQ-502971,2025-02-04,1,0.39822718962465137,0.5412338053822586,3
LRQ-205416,2025-04-01,0,0.39728639754990785,0.5527877984830271,3
LRQ-962079,2025-04-01,0,0.39728639754990785,0.5527877984830271,3
LRQ-519886,2025-05-16,0,0.39694650234226264,0.5693050151970871,3
LRQ-197886,2025-05-16,0,0.39694650234226264,0.5693050151970871,3
LRQ-570733,2025-05-19,0,0.3953753909652162,0.551857755747904,3
LRQ-593579,2025-05-19,0,0.3953753909652162,0.551857755747904,3
LRQ-184204,2025-12-15,0,0.39430851261203065,0.5873275851109385,3
LRQ-231253,2025-07-08,0,0.3942694670187618,0.5984849902488121,3
LRQ-201234,2024-11-06,1,0.3921993860768564,0.512818194944815,3
LRQ-448316,2024-12-19,0,0.3892747090770738,0.5733385074692054,3
LRQ-382825,2024-12-18,1,0.38714995602639396,0.5537033838552388,3
LRQ-106105,2025-10-29,0,0.3869807226333987,0.6094382489660073,3
LRQ-420954,2024-10-04,0,0.3821238215731579,0.5735021749453384,3
LRQ-512723,2024-10-04,0,0.3821238215731579,0.5735021749453384,3
LRQ-885791,2024-12-22,0,0.381816705331448,0.5207589316466579,3
LRQ-626168,2025-05-19,0,0.3802551800085778,0.5501497153797411,3
LRQ-231547,2024-12-17,1,0.37753689062690915,0.5205474081414855,3
LRQ-882463,2025-03-06,1,0.37706285493777875,0.5963807226029667,3
LRQ-640971,2025-02-20,0,0.3762249234291514,0.4553419381049335,3
LRQ-308345,2025-10-25,1,0.37523615838407925,0.5584282476838975,3
LRQ-772207,2025-04-20,0,0.37329727802459706,0.5284465115264251,3
LRQ-478645,2024-10-28,0,0.36890324124162793,0.5607373679019554,3
LRQ-855416,2024-12-12,0,0.3675890591251116,0.5340667296820046,3
LRQ-724811,2024-12-12,0,0.3675890591251116,0.5340667296820046,3
LRQ-523806,2025-01-16,0,0.3660186697482101,0.5395442682961086,3
LRQ-100191,2025-04-05,0,0.3607374589579448,0.5534348211639898,3
LRQ-371818,2025-11-14,0,0.3607281965555939,0.545734695604344,3
LRQ-268818,2024-12-25,0,0.3553062941663709,0.6187961945583343,3
LRQ-471811,2024-12-25,0,0.3553062941663709,0.6187961945583343,3
LRQ-338554,2025-12-15,1,0.350440510131011,0.5313507590103631,3
LRQ-709132,2025-12-08,0,0.3498648264938166,0.5667500903456071,3
LRQ-108484,2025-07-18,0,0.3490360666296963,0.48132385116783843,3
LRQ-133157,2025-05-03,0,0.34757522206454444,0.5085871069095096,3
LRQ-241683,2025-02-24,0,0.3462790525146486,0.5787757584925449,3
LRQ-470706,2024-11-30,1,0.3396312403718182,0.40577743457287935,3
LRQ-820858,2024-11-30,1,0.3396312403718182,0.40577743457287935,3
LRQ-280181,2024-11-30,1,0.3396312403718182,0.40577743457287935,3
LRQ-710234,2024-12-17,0,0.33746290485128133,0.5721906512082243,3
LRQ-790723,2025-05-12,0,0.3365113985691321,0.5420568830947805,3
LRQ-676919,2025-05-12,0,0.3365113985691321,0.5420568830947805,3
LRQ-995774,2025-11-20,0,0.33643042786677574,0.5438759790236546,3
LRQ-887413,2025-05-16,0,0.3357646437821868,0.5162763785966552,3
LRQ-100944,2025-05-16,0,0.3357646437821868,0.5162763785966552,3
LRQ-156664,2025-05-16,0,0.3357646437821868,0.5162763785966552,3
LRQ-716314,2025-11-30,1,0.3355228730682595,0.4936095748887625,3
LRQ-141891,2025-06-05,0,0.33338550247394755,0.44525635906693184,3
LRQ-855235,2025-01-29,1,0.3237305737845188,0.5682738965179186,3
LRQ-919846,2025-05-20,0,0.3166192552408828,0.45001406932074267,3
LRQ-864326,2025-05-20,0,0.3166192552408828,0.45001406932074267,3
LRQ-893267,2025-05-26,1,0.30668262601618584,0.5073311724421928,3
LRQ-829199,2025-05-26,1,0.30668262601618584,0.5073311724421928,3
LRQ-561973,2025-04-07,0,0.3044469705006802,0.5640881566291919,3
LRQ-814463,2025-06-05,1,0.30404836295018617,0.5720988953380203,3
LRQ-267503,2024-12-01,0,0.301800744945484,0.49817382437265567,3
LRQ-532163,2025-03-30,0,0.30177024836199257,0.532559952977361,3
LRQ-490635,2025-05-24,0,0.30004246818479435,0.5054289110004571,3
LRQ-777672,2025-01-26,1,0.2988704236986334,0.5051381433255221,3
LRQ-857063,2024-10-11,1,0.2987089419853772,0.5324771233386091,3
LRQ-383493,2025-06-15,0,0.29550807580305877,0.5578690649708284,3
LRQ-931464,2025-06-15,0,0.29550807580305877,0.5578690649708284,3
LRQ-462434,2025-03-26,0,0.29274440049197187,0.49426756204334643,3
LRQ-829367,2025-01-15,0,0.2924605091634928,0.5586497297452616,3
LRQ-514141,2025-01-15,0,0.2924605091634928,0.5586497297452616,3
LRQ-990608,2025-09-12,0,0.29212042835532065,0.5846456411448022,3
LRQ-371775,2025-09-12,0,0.29212042835532065,0.5846456411448022,3
LRQ-374195,2025-09-12,0,0.29212042835532065,0.5846456411448022,3
LRQ-629986,2025-07-27,0,0.29128493013040474,0.49969327624358767,3
LRQ-816216,2024-12-25,0,0.29111444950355553,0.541138013049382,3
LRQ-796940,2024-12-25,0,0.29111444950355553,0.541138013049382,3
LRQ-771825,2025-09-28,0,0.28972871075721945,0.5325823617666928,3
LRQ-975264,2024-12-11,0,0.2875306374594854,0.5850744730642606,3
LRQ-431469,2025-01-06,0,0.28631479923608344,0.48612985179477847,3
LRQ-894122,2025-01-06,0,0.28631479923608344,0.48612985179477847,3
LRQ-602355,2024-10-21,0,0.2862950797806602,0.6002111957690023,3
LRQ-191231,2025-02-13,0,0.2815746100542808,0.47113289621002497,3
LRQ-264086,2025-06-21,0,0.2789390328228362,0.5191768699505259,3
LRQ-977342,2025-07-11,0,0.27706281815533357,0.48315280411074263,3
LRQ-439170,2025-12-02,1,0.27578549209833886,0.5173173971269774,3
LRQ-889898,2025-01-06,1,0.2755846834351727,0.5211127254719526,3
LRQ-301615,2024-10-19,0,0.2701626299575421,0.560119994849614,3
LRQ-370979,2024-10-21,0,0.26916827259428094,0.4523502293803331,3
LRQ-349865,2024-12-03,0,0.265848006925057,0.4791773007371979,3
LRQ-269666,2025-04-06,1,0.26376419240215204,0.48697869436945407,3
LRQ-250628,2025-04-24,1,0.26109672631371245,0.4724917046382501,3
LRQ-225822,2025-04-12,0,0.2592779671431797,0.48101318253521363,3
LRQ-877674,2025-04-12,0,0.2592779671431797,0.48101318253521363,3
LRQ-737281,2025-02-21,0,0.2568602959288055,0.5558747979204134,3
LRQ-964504,2024-12-28,0,0.2554963729535044,0.4734563000525454,3
LRQ-911127,2025-04-28,0,0.2520262394335075,0.4896160540943383,3
LRQ-129546,2025-04-28,0,0.2520262394335075,0.4896160540943383,3
LRQ-638159,2024-11-18,1,0.24824463929481316,0.5021972378638196,3
LRQ-510713,2025-07-19,0,0.2477177467550175,0.4322031808923227,3
LRQ-756495,2025-07-19,0,0.2477177467550175,0.4322031808923227,3
LRQ-992369,2024-12-09,1,0.2477018587134791,0.46103629252609396,3
LRQ-763910,2024-12-09,1,0.2477018587134791,0.46103629252609396,3
LRQ-946627,2024-10-28,0,0.24414333450785625,0.5358536474506482,3
LRQ-678305,2024-10-28,0,0.24414333450785625,0.5358536474506482,3
LRQ-672549,2024-12-07,0,0.24329295762116748,0.542395574554296,3
LRQ-737249,2025-02-26,1,0.23886464927282963,0.5432158347660918,3
LRQ-428818,2025-04-03,1,0.23868295523651545,0.5580392030234433,3
LRQ-903334,2025-04-26,1,0.23826734719334558,0.5091588931031819,4
LRQ-567514,2025-02-23,1,0.2361412674741698,0.48128801153530293,4
LRQ-895430,2025-02-23,1,0.2361412674741698,0.48128801153530293,4
LRQ-134511,2025-09-16,0,0.23527226473850055,0.4684244136083725,4
LRQ-831275,2025-09-16,0,0.23527226473850055,0.4684244136083725,4
LRQ-168505,2025-04-12,0,0.23351185963069815,0.5751499015505859,4
LRQ-751812,2025-04-12,0,0.23351185963069815,0.5751499015505859,4
LRQ-434764,2025-04-12,0,0.23351185963069815,0.5751499015505859,4
LRQ-750355,2025-08-05,0,0.23309382973939113,0.5291883604632645,4
LRQ-258944,2025-08-05,0,0.23309382973939113,0.5291883604632645,4
LRQ-903275,2024-12-14,1,0.2297753263454067,0.5256270752285521,4
LRQ-762355,2024-12-14,1,0.2297753263454067,0.5256270752285521,4
LRQ-796782,2025-05-05,0,0.2289983790456515,0.5662189632552364,4
LRQ-649496,2025-06-30,0,0.22888001117786677,0.4494275291974401,4
LRQ-327212,2025-02-02,0,0.22785513192649182,0.5177902574431326,4
LRQ-980634,2025-02-02,0,0.22785513192649182,0.5177902574431326,4
LRQ-374072,2025-02-02,0,0.22785513192649182,0.5177902574431326,4
LRQ-666033,2025-06-20,0,0.2269951940116099,0.5373288737022701,4
LRQ-853832,2025-09-24,0,0.2257527494560802,0.47395424190597607,4
LRQ-113928,2025-09-24,0,0.2257527494560802,0.47395424190597607,4
LRQ-148630,2024-12-23,0,0.2166224120224482,0.5502418196661414,4
LRQ-118632,2025-03-27,0,0.2151004109717744,0.4480246746625837,4
LRQ-628451,2025-03-27,0,0.2151004109717744,0.4480246746625837,4
LRQ-269757,2025-01-28,0,0.2143884969767837,0.554796684804963,4
LRQ-450510,2025-01-22,1,0.2090891281969673,0.5288977190084937,4
LRQ-708528,2025-06-05,1,0.20188363303235496,0.47784865941948884,4
LRQ-928897,2025-03-23,0,0.19717601216335628,0.4718429243378235,4
LRQ-835452,2025-08-15,0,0.19709686168777102,0.4597403480829901,4
LRQ-204740,2025-08-15,0,0.19709686168777102,0.4597403480829901,4
LRQ-870326,2025-09-21,0,0.19662446468889788,0.5243620377798376,4
LRQ-223083,2025-10-22,0,0.1920470478175273,0.5567945526847164,4
LRQ-523591,2025-10-22,0,0.1920470478175273,0.5567945526847164,4
LRQ-938476,2025-11-28,0,0.18743246886087211,0.468460070638972,4
LRQ-270556,2025-05-08,0,0.18411380415516282,0.49615500661568845,4
LRQ-904758,2025-04-18,1,0.18182322268721668,0.5306018687779905,4
LRQ-575087,2024-11-17,1,0.1805554113216727,0.49678538486154206,4
LRQ-339174,2024-12-10,1,0.18053134207200378,0.5034392652737253,4
LRQ-933619,2024-12-10,1,0.18053134207200378,0.5034392652737253,4
LRQ-275188,2025-05-21,0,0.17994568662497817,0.4434089076595006,4
LRQ-589627,2025-05-21,0,0.17994568662497817,0.4434089076595006,4
LRQ-153701,2025-05-11,1,0.1778976124905282,0.41669187603039004,4
LRQ-904283,2025-01-05,0,0.17783832299371033,0.5398625278872808,4
LRQ-144901,2025-01-05,0,0.17783832299371033,0.5398625278872808,4
LRQ-387674,2025-01-05,0,0.17783832299371033,0.5398625278872808,4
LRQ-171565,2025-10-04,0,0.17595903866932167,0.5385440973165657,4
LRQ-869199,2025-10-04,0,0.17595903866932167,0.5385440973165657,4
LRQ-608145,2025-10-04,0,0.17595903866932167,0.5385440973165657,4
LRQ-460152,2025-10-30,1,0.17518539653672155,0.5175972876519732,4
LRQ-707073,2025-10-30,1,0.17518539653672155,0.5175972876519732,4
LRQ-867592,2024-12-17,1,0.17501238179311235,0.49807020778176037,4
LRQ-670197,2025-05-17,0,0.17222896126763748,0.5038646873326639,4
LRQ-588745,2025-11-26,0,0.1717307595062207,0.4174102117695801,4
LRQ-458880,2025-04-02,1,0.17010823784027002,0.5024755410857568,4
LRQ-611537,2024-12-22,0,0.16641936863264822,0.4611412656512726,4
LRQ-186611,2024-12-22,0,0.16641936863264822,0.4611412656512726,4
LRQ-926920,2024-12-22,0,0.16641936863264822,0.4611412656512726,4
LRQ-847791,2025-06-24,1,0.1641445281510298,0.5419254880833454,4
LRQ-269499,2025-01-01,0,0.16089749854329488,0.4912659833023028,4
LRQ-765517,2025-02-16,0,0.16020449349760474,0.4731670906239151,4
LRQ-374286,2025-02-16,0,0.16020449349760474,0.4731670906239151,4
LRQ-531181,2025-02-16,0,0.16020449349760474,0.4731670906239151,4
LRQ-775499,2024-10-31,0,0.15839825931930113,0.5230130644132437,4
LRQ-475888,2024-10-31,0,0.15839825931930113,0.5230130644132437,4
LRQ-306143,2025-03-19,1,0.15737174357114986,0.5520440959132253,4
LRQ-830079,2025-03-19,1,0.15737174357114986,0.5520440959132253,4
LRQ-679431,2025-03-11,0,0.15720482175804568,0.41724295374024634,4
LRQ-951792,2025-03-11,0,0.15720482175804568,0.41724295374024634,4
LRQ-986511,2024-11-08,1,0.15648334548704929,0.4818156343019339,4
LRQ-706420,2024-11-08,1,0.15648334548704929,0.4818156343019339,4
LRQ-972783,2025-05-16,0,0.1532465757047871,0.48879641072679103,4
LRQ-551306,2025-02-04,0,0.15078992219592896,0.49222767356695,4
LRQ-161054,2025-02-04,0,0.15078992219592896,0.49222767356695,4
LRQ-667134,2025-06-09,0,0.14749919234472392,0.4923581029524451,4
LRQ-566703,2024-10-26,1,0.1446674580099509,0.436126520404815,4
LRQ-159805,2024-10-16,0,0.1436642486632022,0.5255293509105246,4
LRQ-804709,2025-02-23,0,0.14095093626797256,0.5293515492421443,4
LRQ-698409,2025-02-12,1,0.1398992716347633,0.4937268138960393,4
LRQ-735842,2025-05-29,1,0.1370153984008366,0.4469859645026504,4
LRQ-397487,2025-05-29,1,0.1370153984008366,0.4469859645026504,4
LRQ-893834,2025-10-31,0,0.13698445745920912,0.49790196266362674,4
LRQ-671866,2025-10-31,0,0.13698445745920912,0.49790196266362674,4
LRQ-932664,2024-10-15,0,0.13634832139159675,0.48900188637157443,4
LRQ-503112,2024-10-15,0,0.13634832139159675,0.48900188637157443,4
LRQ-642922,2025-06-21,0,0.136339184028702,0.5159652108198951,4
LRQ-719722,2025-06-21,0,0.136339184028702,0.5159652108198951,4
LRQ-139605,2025-02-21,0,0.13567207372999496,0.5006531605406147,4
LRQ-243314,2025-02-21,0,0.13567207372999496,0.5006531605406147,4
LRQ-948474,2025-05-24,1,0.13526962217332356,0.5149516996447759,4
LRQ-465301,2025-07-14,0,0.13197766287807416,0.4683999373955672,4
LRQ-264891,2024-10-02,0,0.1319554981871986,0.5041983750946398,4
LRQ-469582,2024-10-02,0,0.1319554981871986,0.5041983750946398,4
LRQ-626760,2024-10-02,0,0.1319554981871986,0.5041983750946398,4
LRQ-333210,2025-02-20,0,0.13113153884683276,0.41444954232575726,4
LRQ-641578,2025-11-27,1,0.12531326536945903,0.4537126872745204,4
LRQ-826662,2025-11-27,1,0.12531326536945903,0.4537126872745204,4
LRQ-770281,2025-11-27,1,0.12531326536945903,0.4537126872745204,4
LRQ-799789,2025-08-29,0,0.12404160104744028,0.5167448983110189,4
LRQ-129030,2025-08-29,0,0.12404160104744028,0.5167448983110189,4
LRQ-779308,2025-08-29,0,0.12404160104744028,0.5167448983110189,4
LRQ-604402,2025-01-15,1,0.1212451659264841,0.4582699170969898,4
LRQ-734465,2025-01-15,1,0.1212451659264841,0.4582699170969898,4
LRQ-706449,2025-01-15,1,0.1212451659264841,0.4582699170969898,4
LRQ-302174,2024-11-28,1,0.11506985960602284,0.5370976844243556,4
LRQ-662935,2024-11-28,1,0.11506985960602284,0.5370976844243556,4
LRQ-413483,2024-11-28,1,0.11506985960602284,0.5370976844243556,4
LRQ-323831,2024-12-23,0,0.11463949496571763,0.574961525409109,4
LRQ-250677,2025-12-05,0,0.1141456748223843,0.5214272210390857,4
LRQ-435639,2025-12-05,0,0.1141456748223843,0.5214272210390857,4
LRQ-763068,2025-12-05,0,0.1141456748223843,0.5214272210390857,4
LRQ-606706,2024-11-12,1,0.1122244968321579,0.525142018266006,4
LRQ-952437,2024-11-12,1,0.1122244968321579,0.525142018266006,4
LRQ-670830,2025-07-04,0,0.1096875947200599,0.5916011481693294,4
LRQ-168576,2025-07-04,0,0.1096875947200599,0.5916011481693294,4
LRQ-280549,2025-02-11,1,0.10801807044381112,0.4813921956644017,4
LRQ-403984,2024-11-27,0,0.10784579208244599,0.45137949795589294,4
LRQ-578777,2024-11-27,0,0.10784579208244599,0.45137949795589294,4
LRQ-605791,2024-11-27,0,0.10784579208244599,0.45137949795589294,4
LRQ-564399,2024-11-15,0,0.10487423027756199,0.5101879161705616,4
LRQ-292880,2024-11-15,0,0.10487423027756199,0.5101879161705616,4
LRQ-476373,2024-11-15,0,0.10487423027756199,0.5101879161705616,4
LRQ-426115,2025-07-02,0,0.10328607350094193,0.45638176691667837,4
LRQ-549956,2024-12-31,0,0.09645641879254446,0.5070849863755681,4
LRQ-333230,2025-03-03,0,0.09560596383748793,0.4799903554023913,4
LRQ-215812,2025-03-03,0,0.09560596383748793,0.4799903554023913,4
LRQ-539019,2024-12-15,0,0.09552044622710104,0.47286763489943195,4
LRQ-460782,2025-04-13,1,0.09393573203329003,0.47005053534273156,4
LRQ-568101,2025-02-08,0,0.0890362475782806,0.4777557507768886,4
LRQ-688205,2025-02-08,0,0.0890362475782806,0.4777557507768886,4
LRQ-838513,2025-02-08,0,0.0890362475782806,0.4777557507768886,4
LRQ-557951,2025-09-10,1,0.08828486217702197,0.5072217969012534,4
LRQ-614574,2025-06-01,0,0.08824651526991806,0.4226726719716004,4
LRQ-542986,2025-06-01,0,0.08824651526991806,0.4226726719716004,4
LRQ-205945,2025-12-05,0,0.08265409109698657,0.5049985591752493,4
LRQ-852137,2024-12-31,0,0.08246221253357339,0.4963315797169092,4
LRQ-149799,2025-11-01,1,0.08104862619679215,0.5128504167536798,4
LRQ-777335,2025-11-01,1,0.08104862619679215,0.5128504167536798,4
LRQ-572975,2025-09-26,0,0.07749639824912696,0.32192754399214957,4
LRQ-189795,2025-09-26,0,0.07749639824912696,0.32192754399214957,4
LRQ-801301,2024-11-11,0,0.07673938641194672,0.47603374070485915,4
LRQ-262826,2025-10-11,0,0.07429344166853274,0.4582632637708713,4
LRQ-857730,2025-10-11,0,0.07429344166853274,0.4582632637708713,4
LRQ-620275,2025-10-11,0,0.07429344166853274,0.4582632637708713,4
LRQ-933388,2025-11-28,0,0.07268913929606219,0.539515952608996,4
LRQ-391516,2025-05-08,1,0.06899096395629817,0.3995547885515823,4
LRQ-112808,2025-11-06,0,0.06645701126722064,0.4794015543023136,4
LRQ-711813,2025-05-11,0,0.06161507776970415,0.4728555482565308,4
LRQ-118498,2025-04-08,0,0.059585354250702716,0.512335426059398,4
LRQ-656379,2024-12-23,0,0.05920265059175994,0.6167539663504568,4
LRQ-136305,2025-01-23,0,0.056258397805367844,0.3782574661749901,4
LRQ-539842,2025-01-23,0,0.056258397805367844,0.3782574661749901,4
LRQ-686313,2025-12-03,0,0.05587308507063232,0.47018867630495886,4
LRQ-185923,2025-12-03,0,0.05587308507063232,0.47018867630495886,4
LRQ-585819,2025-09-18,0,0.05581855266034358,0.49039213153056765,4
LRQ-275873,2025-04-07,0,0.04442232321592149,0.49383811753353496,4
LRQ-747123,2025-01-13,0,0.04385597285186099,0.47823278570503003,4
LRQ-817294,2024-11-30,0,0.0399752414878049,0.45727962961780905,4
LRQ-386124,2025-11-19,0,0.03884663003565242,0.48299481232813773,4
LRQ-525313,2025-01-16,1,0.038667654818541786,0.43318907580997335,4
LRQ-470840,2025-05-24,0,0.03700079767223746,0.5209108675120342,4
LRQ-356696,2025-07-09,0,0.030636376042070645,0.36737872611366507,4
LRQ-973539,2025-07-09,0,0.030636376042070645,0.36737872611366507,4
LRQ-492739,2025-07-09,0,0.030636376042070645,0.36737872611366507,4
LRQ-812921,2025-04-21,0,0.028802536854188376,0.5495436090985425,4
LRQ-977040,2025-04-21,0,0.028802536854188376,0.5495436090985425,4
LRQ-725526,2025-05-24,0,0.02722261827607303,0.4771122991771575,4
LRQ-466862,2025-04-14,0,0.021697957152428893,0.48668887073235145,4
LRQ-611932,2025-11-25,1,0.02071396736512815,0.42616459081936087,4
LRQ-918188,2025-01-04,1,0.019589712907008783,0.4207956940116667,4
LRQ-413159,2025-01-04,1,0.019589712907008783,0.4207956940116667,4
LRQ-587438,2025-04-18,1,0.019537230775585834,0.5442579942112031,4
LRQ-255166,2025-03-30,1,0.01911986069562749,0.4735185280536524,4
LRQ-529623,2025-05-02,0,0.018034555102121652,0.4980949475902211,4
LRQ-867797,2025-05-02,0,0.018034555102121652,0.4980949475902211,4
LRQ-822889,2025-07-08,0,0.015431158421267577,0.510890542534604,4
LRQ-442569,2025-07-08,0,0.015431158421267577,0.510890542534604,4
LRQ-728205,2025-02-10,0,0.01433702494527983,0.4773795458144496,4
LRQ-577368,2025-02-10,0,0.01433702494527983,0.4773795458144496,4
LRQ-346944,2025-07-01,0,0.014189978367038003,0.48803745263664666,4
LRQ-706293,2025-07-01,0,0.014189978367038003,0.48803745263664666,4
LRQ-307632,2025-03-24,1,0.013329680838341795,0.5001859878320057,4
LRQ-915170,2025-02-13,0,0.005314091755041994,0.44962427452794673,4
LRQ-543420,2025-02-13,0,0.005314091755041994,0.44962427452794673,4
LRQ-108210,2025-07-04,0,0.0043045229128492735,0.5466499498341266,4
LRQ-762718,2025-07-04,0,0.0043045229128492735,0.5466499498341266,4
LRQ-205202,2025-02-21,0,0.002301194931706385,0.49710148909862634,4
LRQ-443545,2025-09-09,1,0.0018778288414482147,0.5111122304518555,4
LRQ-776698,2025-09-09,1,0.0018778288414482147,0.5111122304518555,4
LRQ-638833,2025-04-03,0,-0.0012485979368764277,0.37365672530583965,4
LRQ-193159,2025-04-03,0,-0.0012485979368764277,0.37365672530583965,4
LRQ-971656,2024-10-16,0,-0.004286987603427994,0.47571846711470755,4
LRQ-198631,2025-06-03,0,-0.006948579393459886,0.43229988710156336,4
LRQ-689325,2025-09-05,0,-0.009343627084308415,0.49002770000702917,4
LRQ-870390,2024-11-15,1,-0.011965140411814679,0.506021560596128,4
LRQ-419078,2024-12-20,0,-0.013795881759603168,0.4482619314793807,4
LRQ-538543,2024-12-20,0,-0.013795881759603168,0.4482619314793807,4
LRQ-858456,2024-12-15,0,-0.016487024653440818,0.49285142480691485,5
LRQ-529077,2024-12-15,0,-0.016487024653440818,0.49285142480691485,5
LRQ-684064,2025-04-28,1,-0.017679723964630745,0.41997123558706445,5
LRQ-227361,2025-05-30,0,-0.018758924376368447,0.425146342978235,5
LRQ-968217,2025-06-29,0,-0.01916200232166171,0.5025937303116421,5
LRQ-893225,2024-10-30,0,-0.020395789856917423,0.4925458005624186,5
LRQ-682418,2025-11-07,0,-0.020978556376673174,0.45648046378244533,5
LRQ-806812,2024-12-05,0,-0.02137302955550263,0.4797236170814958,5
LRQ-226415,2024-12-05,0,-0.02137302955550263,0.4797236170814958,5
LRQ-965126,2024-12-05,0,-0.02137302955550263,0.4797236170814958,5
LRQ-168978,2025-10-05,0,-0.0223661055777456,0.4666544046740144,5
LRQ-723475,2025-10-05,0,-0.0223661055777456,0.4666544046740144,5
LRQ-511913,2025-07-13,1,-0.028522226498464198,0.379102413424593,5
LRQ-736351,2024-11-20,0,-0.029831648934302513,0.41465827924584664,5
LRQ-362692,2024-11-20,0,-0.029831648934302513,0.41465827924584664,5
LRQ-650147,2025-02-25,0,-0.03075335983301125,0.5723443210627317,5
LRQ-528084,2024-10-27,0,-0.036297409053315965,0.3188058155901336,5
LRQ-553234,2024-10-27,0,-0.036297409053315965,0.3188058155901336,5
LRQ-716452,2025-07-18,0,-0.036458345220862276,0.48018008472647106,5
LRQ-775423,2025-02-14,0,-0.03953400098661236,0.5025293743657013,5
LRQ-503107,2025-11-21,1,-0.040883484488003774,0.4692219069304535,5
LRQ-452050,2025-11-21,1,-0.040883484488003774,0.4692219069304535,5
LRQ-827001,2025-10-23,1,-0.04208509827972501,0.4461726439437678,5
LRQ-948842,2025-04-04,1,-0.04612450404426932,0.38277384999768593,5
LRQ-727282,2025-10-26,1,-0.048392368958073695,0.5126086556978957,5
LRQ-251969,2025-10-26,1,-0.048392368958073695,0.5126086556978957,5
LRQ-521086,2024-12-19,0,-0.04880141840267266,0.46217148903739413,5
LRQ-314233,2024-12-19,0,-0.04880141840267266,0.46217148903739413,5
LRQ-433358,2025-09-21,0,-0.05207617976095685,0.442475752943584,5
LRQ-159472,2025-07-08,0,-0.052654041500358295,0.42314734972962975,5
LRQ-992185,2024-10-02,1,-0.054284051644754305,0.4459309947962933,5
LRQ-315758,2024-10-02,1,-0.054284051644754305,0.4459309947962933,5
LRQ-546867,2025-01-15,0,-0.05604794886438663,0.4948500234432819,5
LRQ-657540,2025-01-15,0,-0.05604794886438663,0.4948500234432819,5
LRQ-251161,2024-12-23,0,-0.05755341011673659,0.4699849900755741,5
LRQ-963372,2025-06-24,0,-0.060137716636842475,0.4983893650176249,5
LRQ-257591,2024-12-27,0,-0.06139803656497117,0.45762962176143307,5
LRQ-789926,2024-12-27,0,-0.06139803656497117,0.45762962176143307,5
LRQ-389711,2024-12-27,0,-0.06139803656497117,0.45762962176143307,5
LRQ-909017,2025-09-30,1,-0.06197611421937049,0.4838213933831142,5
LRQ-633562,2025-09-30,1,-0.06197611421937049,0.4838213933831142,5
LRQ-797648,2024-11-30,0,-0.06362910980102493,0.4677096513276281,5
LRQ-715455,2025-05-17,0,-0.06374919723309086,0.4646025225671708,5
LRQ-599614,2025-05-17,0,-0.06374919723309086,0.4646025225671708,5
LRQ-785110,2025-07-22,1,-0.06773190624848008,0.45996216516000354,5
LRQ-735067,2025-02-23,0,-0.07490393517368427,0.45077215465200354,5
LRQ-724229,2025-10-18,1,-0.08192789638984005,0.3926902425478148,5
LRQ-327213,2024-10-19,0,-0.0866239692654292,0.4613647956843037,5
LRQ-932250,2024-11-22,0,-0.08954738547933255,0.4530269181384497,5
LRQ-608410,2024-11-22,0,-0.08954738547933255,0.4530269181384497,5
LRQ-752383,2025-12-03,0,-0.09082654501043402,0.5204607047397305,5
LRQ-426011,2025-06-17,0,-0.09171052590307222,0.35945899407030707,5
LRQ-922443,2025-01-06,0,-0.0921329125361981,0.4502927100265704,5
LRQ-840959,2025-01-30,1,-0.09739082932214865,0.46264478302311396,5
LRQ-260786,2025-11-21,1,-0.09997420629080717,0.4912176646520159,5
LRQ-402069,2024-10-29,0,-0.10011459759949753,0.5339982106173017,5
LRQ-540798,2024-12-03,0,-0.1013979078760317,0.460008567184289,5
LRQ-811656,2024-12-03,0,-0.1013979078760317,0.460008567184289,5
LRQ-492726,2025-08-21,0,-0.10320049444432039,0.4852738727624608,5
LRQ-342737,2025-06-07,0,-0.10689871369207987,0.4232994326874166,5
LRQ-623387,2025-06-07,0,-0.10689871369207987,0.4232994326874166,5
LRQ-587692,2025-06-08,0,-0.10961849006346563,0.4210664792452148,5
LRQ-196155,2025-06-08,0,-0.10961849006346563,0.4210664792452148,5
LRQ-909371,2024-12-10,0,-0.11006620334860623,0.413169553485,5
LRQ-786389,2025-04-08,1,-0.11514941895412273,0.43824336294490474,5
LRQ-246486,2025-04-08,1,-0.11514941895412273,0.43824336294490474,5
LRQ-942305,2024-12-14,0,-0.11658439328071518,0.4621468655807768,5
LRQ-428878,2025-09-14,1,-0.11659438692238405,0.477340977360205,5
LRQ-150833,2025-04-06,0,-0.11671992992030505,0.41823489036672434,5
LRQ-541958,2025-04-06,0,-0.11671992992030505,0.41823489036672434,5
LRQ-174703,2025-12-11,1,-0.11845077187028902,0.4748393291442341,5
LRQ-147204,2025-04-19,0,-0.11988941403406012,0.46492858598850934,5
LRQ-659714,2025-06-19,0,-0.12103249281979084,0.35099329008912206,5
LRQ-234195,2025-06-22,0,-0.12241633261753032,0.4113427316029234,5
LRQ-785996,2025-01-17,0,-0.12306140614732636,0.515858593710871,5
LRQ-508705,2025-04-12,0,-0.12467756587765871,0.47039617712897674,5
LRQ-931776,2025-04-12,0,-0.12467756587765871,0.47039617712897674,5
LRQ-183548,2024-12-01,1,-0.125169131783264,0.41525079818324306,5
LRQ-179814,2024-12-11,1,-0.12540562511061376,0.4841298740589666,5
LRQ-471012,2024-12-24,1,-0.12561040639895987,0.46832727750870795,5
LRQ-563606,2025-01-16,0,-0.12626163888263614,0.40074481228595094,5
LRQ-832465,2025-06-03,0,-0.12818498995740152,0.4443427268997973,5
LRQ-151127,2025-07-23,1,-0.12914804381149475,0.5751260649280638,5
LRQ-401932,2025-01-10,1,-0.13024041027874228,0.47179401739266197,5
LRQ-539448,2025-01-10,1,-0.13024041027874228,0.47179401739266197,5
LRQ-738884,2025-10-19,0,-0.13037073636304536,0.4099572034511594,5
LRQ-312985,2025-04-21,1,-0.13132883003302448,0.46999150015620444,5
LRQ-579201,2025-04-21,1,-0.13132883003302448,0.46999150015620444,5
LRQ-502263,2025-04-21,1,-0.13132883003302448,0.46999150015620444,5
LRQ-897901,2025-02-27,0,-0.13554828819974413,0.4322902134974038,5
LRQ-511653,2025-02-27,0,-0.13554828819974413,0.4322902134974038,5
LRQ-323184,2025-03-22,1,-0.13729017953459982,0.4738795649817654,5
LRQ-793620,2024-10-13,0,-0.137334309501779,0.5001621616603245,5
LRQ-504457,2024-10-13,0,-0.137334309501779,0.5001621616603245,5
LRQ-278198,2025-06-02,0,-0.13742980444072567,0.4518146668231061,5
LRQ-851291,2025-06-02,0,-0.13742980444072567,0.4518146668231061,5
LRQ-951370,2025-06-02,0,-0.13742980444072567,0.4518146668231061,5
LRQ-909398,2024-12-10,0,-0.13789502669960735,0.4279460153399017,5
LRQ-324776,2025-11-28,0,-0.1385228953757976,0.40481261377837297,5
LRQ-497860,2025-04-23,0,-0.14136844704618762,0.44366641400170376,5
LRQ-271111,2025-04-23,0,-0.14136844704618762,0.44366641400170376,5
LRQ-165523,2024-10-02,0,-0.1414741187424769,0.48984196835529425,5
LRQ-694277,2024-10-02,0,-0.1414741187424769,0.48984196835529425,5
LRQ-666478,2024-10-02,0,-0.1414741187424769,0.48984196835529425,5
LRQ-329129,2025-07-04,0,-0.14371976228111288,0.486949281046074,5
LRQ-242166,2025-07-04,0,-0.14371976228111288,0.486949281046074,5
LRQ-123727,2025-11-22,0,-0.14453909498315648,0.4769569153319415,5
LRQ-863296,2025-11-22,0,-0.14453909498315648,0.4769569153319415,5
LRQ-661639,2024-10-03,0,-0.14638881723953384,0.47593270982730324,5
LRQ-677105,2025-02-27,1,-0.14697704415578722,0.40971031130727525,5
LRQ-471209,2025-02-27,1,-0.14697704415578722,0.40971031130727525,5
LRQ-158672,2025-03-31,1,-0.14924335281535855,0.5206348629960492,5
LRQ-376570,2025-02-16,1,-0.14986829855329825,0.5112258155803459,5
LRQ-324307,2025-08-26,0,-0.15005722540349803,0.4668286386791046,5
LRQ-255836,2025-08-26,0,-0.15005722540349803,0.4668286386791046,5
LRQ-250261,2025-03-06,0,-0.15237624663582233,0.4050228132289082,5
LRQ-378282,2025-06-28,0,-0.15269413727595543,0.4212074720785635,5
LRQ-700718,2025-06-28,0,-0.15269413727595543,0.4212074720785635,5
LRQ-855225,2025-06-28,0,-0.15269413727595543,0.4212074720785635,5
LRQ-336855,2025-06-28,0,-0.15269413727595543,0.4212074720785635,5
LRQ-806354,2024-11-22,1,-0.152998106127666,0.44083959425028907,5
LRQ-849594,2024-11-22,1,-0.152998106127666,0.44083959425028907,5
LRQ-703731,2024-12-14,1,-0.15391549313342262,0.468913662581147,5
LRQ-162042,2024-12-14,1,-0.15391549313342262,0.468913662581147,5
LRQ-954638,2024-12-21,1,-0.1554359799647394,0.4292596089801221,5
LRQ-600712,2024-12-01,1,-0.1566072926097038,0.47062653245375874,5
LRQ-844441,2025-12-02,0,-0.1575047356004236,0.5160877737784185,5
LRQ-660738,2025-04-18,0,-0.16224498628146217,0.5446307883353542,5
LRQ-331806,2025-01-13,0,-0.1640602754379304,0.414172493854503,5
LRQ-304483,2025-01-03,1,-0.16499376409144612,0.46394007115846375,5
LRQ-235493,2025-02-23,0,-0.16600568833801527,0.42891446489773843,5
LRQ-355404,2025-02-23,0,-0.16600568833801527,0.42891446489773843,5
LRQ-598796,2025-08-17,1,-0.16970522682531192,0.5162096716882959,5
LRQ-815709,2025-03-28,1,-0.17247334972257727,0.46911623995209595,5
LRQ-522997,2025-03-28,1,-0.17247334972257727,0.46911623995209595,5
LRQ-651322,2024-10-10,0,-0.1741029884751955,0.43950363029599326,5
LRQ-373645,2025-04-26,0,-0.1742173367134941,0.3572917748413612,5
LRQ-570148,2025-04-26,0,-0.1742173367134941,0.3572917748413612,5
LRQ-417960,2025-10-26,1,-0.17430593609416883,0.5135876816663162,5
LRQ-204874,2025-04-16,1,-0.1770822729043689,0.36579420513901223,5
LRQ-677538,2025-04-16,1,-0.1770822729043689,0.36579420513901223,5
LRQ-844673,2025-03-30,0,-0.18029059697728395,0.4460963248902808,5
LRQ-241728,2025-03-30,0,-0.18029059697728395,0.4460963248902808,5
LRQ-474502,2025-11-25,1,-0.18036773277582535,0.4212432808549463,5
LRQ-243111,2025-05-06,0,-0.18189807925643914,0.5403132660875241,5
LRQ-923769,2025-10-30,0,-0.18486188736544046,0.43757146925308005,5
LRQ-919215,2025-10-18,1,-0.18864862018284528,0.3495476210971537,5
LRQ-700322,2024-11-19,0,-0.1896337987381403,0.4583918688634517,5
LRQ-791481,2024-11-19,0,-0.1896337987381403,0.4583918688634517,5
LRQ-283637,2025-11-13,0,-0.19262252259430307,0.4506236583512128,5
LRQ-632900,2025-11-13,0,-0.19262252259430307,0.4506236583512128,5
LRQ-548762,2025-11-13,0,-0.19262252259430307,0.4506236583512128,5
LRQ-872085,2025-01-07,0,-0.1942226198269426,0.4822831818093051,5
LRQ-561502,2025-03-13,0,-0.20050049906303707,0.4375413350705589,5
LRQ-742551,2025-05-31,0,-0.20169678758231863,0.32433411169129495,5
LRQ-707944,2024-11-16,0,-0.20450068625717416,0.4319154507834961,5
LRQ-592393,2025-07-23,0,-0.20451806809081768,0.46920716262475004,5
LRQ-411273,2025-11-22,0,-0.20677656416755236,0.36140142421707433,5
LRQ-481149,2025-02-24,0,-0.20717861904669826,0.43521268702205596,5
LRQ-140078,2025-11-29,0,-0.2088439614524989,0.44790144210798916,5
LRQ-372845,2025-07-13,1,-0.20892516231861175,0.36642438212723827,5
LRQ-738198,2025-03-05,0,-0.21525123485612335,0.4360100456876906,5
LRQ-793336,2025-03-05,0,-0.21525123485612335,0.4360100456876906,5
LRQ-117702,2025-12-11,0,-0.21611569533019998,0.49970568664938986,5
LRQ-135290,2025-12-11,0,-0.21611569533019998,0.49970568664938986,5
LRQ-685345,2025-05-27,0,-0.22144159681665793,0.45246950456789586,5
LRQ-564756,2025-05-27,0,-0.22144159681665793,0.45246950456789586,5
LRQ-827813,2025-08-12,1,-0.22152098673013848,0.42879285683868534,5
LRQ-636970,2025-08-12,1,-0.22152098673013848,0.42879285683868534,5
LRQ-790929,2025-08-12,1,-0.22152098673013848,0.42879285683868534,5
LRQ-653858,2025-06-26,0,-0.22194988316694003,0.35444682654317206,5
LRQ-718379,2025-06-26,0,-0.22194988316694003,0.35444682654317206,5
LRQ-431434,2024-10-17,1,-0.22361603646704703,0.4985734404416636,5
LRQ-770764,2024-10-13,1,-0.22417045629169957,0.43862150356236146,5
LRQ-692299,2025-02-20,1,-0.22799753549137686,0.44449753747808013,5
LRQ-914651,2025-02-20,1,-0.22799753549137686,0.44449753747808013,5
LRQ-797428,2025-02-20,1,-0.22799753549137686,0.44449753747808013,5
LRQ-129422,2025-02-20,1,-0.22799753549137686,0.44449753747808013,5
LRQ-355974,2025-06-21,0,-0.22949825469636403,0.4625085944047761,5
LRQ-533488,2025-11-21,0,-0.2337145296470285,0.45395872342962923,5
LRQ-339839,2025-03-19,0,-0.23645144691927295,0.4976038247801325,5
LRQ-302327,2024-11-04,0,-0.2364879066026307,0.45701967822432804,5
LRQ-236829,2024-11-04,0,-0.2364879066026307,0.45701967822432804,5
LRQ-252326,2025-04-18,0,-0.2378411571679609,0.42387319723160066,5
LRQ-714186,2025-05-16,0,-0.23892410643266,0.4472404503852788,5
LRQ-857512,2025-03-03,0,-0.23898082220496258,0.4222365985191694,5
LRQ-857518,2025-03-03,0,-0.23898082220496258,0.4222365985191694,5
LRQ-693341,2025-08-07,0,-0.24049320348607944,0.3882318370459204,5
LRQ-707103,2025-06-07,0,-0.24374497481572371,0.41721970089959126,5
LRQ-984389,2025-06-15,0,-0.24429076692935064,0.4100379383818956,5
LRQ-389901,2024-12-21,1,-0.24605389441240982,0.647802812518343,5
LRQ-115500,2024-10-17,1,-0.2469889644532915,0.3984006356172312,5
LRQ-470485,2024-12-27,0,-0.2509517888040707,0.4341195033490592,5
LRQ-951248,2024-10-28,0,-0.2527768943628646,0.4368230408943588,5
LRQ-244615,2025-06-23,0,-0.2546934427932231,0.4386203719517249,5
LRQ-200971,2025-06-23,0,-0.2546934427932231,0.4386203719517249,5
LRQ-900245,2025-10-10,0,-0.2556563791222973,0.41813767307361704,6
LRQ-979473,2025-10-10,0,-0.2556563791222973,0.41813767307361704,6
LRQ-941992,2025-07-10,0,-0.25747086172077355,0.40510279535294275,6
LRQ-403655,2025-02-20,1,-0.25832406835081395,0.4283154230835687,6
LRQ-850066,2025-02-20,1,-0.25832406835081395,0.4283154230835687,6
LRQ-206872,2025-05-05,0,-0.26307434256419265,0.3513259484402707,6
LRQ-245042,2025-06-12,0,-0.2654738261716832,0.5867853944741933,6
LRQ-621405,2025-06-12,0,-0.2654738261716832,0.5867853944741933,6
LRQ-971949,2025-06-12,0,-0.2654738261716832,0.5867853944741933,6
LRQ-133579,2025-06-12,0,-0.2654738261716832,0.5867853944741933,6
LRQ-842268,2025-07-19,0,-0.2658043070276906,0.3681578866712489,6
LRQ-803073,2025-07-19,0,-0.2658043070276906,0.3681578866712489,6
LRQ-712248,2024-10-14,0,-0.26593917765455105,0.39009784518201657,6
LRQ-569824,2025-06-26,0,-0.2669534086824586,0.49326267136082086,6
LRQ-160941,2024-12-24,0,-0.26854292421585507,0.42162846163735057,6
LRQ-620254,2024-12-24,0,-0.26854292421585507,0.42162846163735057,6
LRQ-350350,2025-05-16,0,-0.2724605354583903,0.4261777557486453,6
LRQ-114187,2025-05-16,0,-0.2724605354583903,0.4261777557486453,6
LRQ-181567,2025-04-20,0,-0.27416055751949125,0.331900332297823,6
LRQ-212468,2025-09-22,0,-0.2744698117220539,0.38558878004801433,6
LRQ-305054,2025-05-03,0,-0.2764942476080821,0.40391811738953853,6
LRQ-358757,2025-05-03,0,-0.2764942476080821,0.40391811738953853,6
LRQ-241144,2025-05-03,0,-0.2764942476080821,0.40391811738953853,6
LRQ-693787,2025-03-14,0,-0.2780283517358529,0.38019043252826334,6
LRQ-502644,2025-03-14,0,-0.2780283517358529,0.38019043252826334,6
LRQ-455210,2025-04-01,0,-0.2799986610117005,0.21065475329910743,6
LRQ-943859,2025-06-02,1,-0.288465920759518,0.44560834344752853,6
LRQ-687063,2025-06-02,1,-0.288465920759518,0.44560834344752853,6
LRQ-457551,2024-11-14,1,-0.28980967385105055,0.470888676686018,6
LRQ-330566,2025-07-12,0,-0.2926902008964137,0.4112660639070362,6
LRQ-528716,2025-07-12,0,-0.2926902008964137,0.4112660639070362,6
LRQ-452389,2024-12-14,0,-0.2935296062621094,0.36192739702978693,6
LRQ-700015,2025-02-17,0,-0.2942223694683835,0.47867816453463846,6
LRQ-472718,2025-02-17,0,-0.2942223694683835,0.47867816453463846,6
LRQ-159542,2025-01-07,0,-0.2971700250415497,0.39747651645713505,6
LRQ-644647,2025-01-07,0,-0.2971700250415497,0.39747651645713505,6
LRQ-455316,2025-11-19,1,-0.29748596922378306,0.41317738227258993,6
LRQ-875866,2025-04-14,1,-0.3001449459971584,0.4625596866045331,6
LRQ-540913,2025-04-14,1,-0.3001449459971584,0.4625596866045331,6
LRQ-600737,2025-04-14,1,-0.3001449459971584,0.4625596866045331,6
LRQ-720801,2025-07-23,1,-0.30270575721878595,0.3340942339690714,6
LRQ-471194,2025-01-28,0,-0.304777224836184,0.4261725314327909,6
LRQ-640103,2025-01-28,0,-0.304777224836184,0.4261725314327909,6
LRQ-776699,2025-07-27,0,-0.30547817225153745,0.35907496338603645,6
LRQ-920226,2025-03-13,1,-0.30801980483785224,0.40254175426747346,6
LRQ-698341,2024-10-31,0,-0.3084249169124407,0.4629307461589665,6
LRQ-157477,2024-10-31,0,-0.3084249169124407,0.4629307461589665,6
LRQ-528944,2025-06-14,0,-0.3151500651750157,0.39792237029469224,6
LRQ-497427,2025-06-14,0,-0.3151500651750157,0.39792237029469224,6
LRQ-510532,2025-05-20,0,-0.31697084655179447,0.4377581725759256,6
LRQ-977425,2025-03-01,1,-0.31806153995689807,0.4409998352222054,6
LRQ-820355,2025-03-01,1,-0.31806153995689807,0.4409998352222054,6
LRQ-277095,2025-09-24,1,-0.3211181086409854,0.42213109335624216,6
LRQ-137420,2025-10-08,0,-0.3268837690095668,0.4622663726251319,6
LRQ-297618,2025-10-08,0,-0.3268837690095668,0.4622663726251319,6
LRQ-608380,2025-05-22,0,-0.332719451311232,0.2765150468922062,6
LRQ-279668,2024-12-08,0,-0.33515142523442615,0.405219435520418,6
LRQ-931908,2024-12-08,0,-0.33515142523442615,0.405219435520418,6
LRQ-737005,2025-04-15,0,-0.33671965545511023,0.347841471149665,6
LRQ-291145,2025-03-04,0,-0.3391137582133981,0.4350502249142341,6
LRQ-948979,2025-04-22,1,-0.33915005464737386,0.3622191965585734,6
LRQ-562579,2025-01-18,0,-0.3416716697606264,0.38455824222376084,6
LRQ-802417,2024-10-10,0,-0.34500546103658986,0.43564570166596583,6
LRQ-147372,2024-10-10,0,-0.34500546103658986,0.43564570166596583,6
LRQ-908197,2025-09-27,0,-0.345524441574594,0.42534447872589154,6
LRQ-327089,2025-02-20,0,-0.34555019564157613,0.39637129869988547,6
LRQ-615608,2024-11-19,0,-0.3560969826846306,0.3752461577240803,6
LRQ-665499,2025-10-06,0,-0.3569438506132317,0.3144271222378729,6
LRQ-307191,2025-06-06,1,-0.357190576683121,0.43690678421191076,6
LRQ-331638,2024-11-06,0,-0.3600545455910949,0.4472501766261965,6
LRQ-583773,2024-11-06,0,-0.3600545455910949,0.4472501766261965,6
LRQ-712374,2024-10-03,0,-0.361456483366891,0.4193578419431731,6
LRQ-942818,2024-10-03,0,-0.361456483366891,0.4193578419431731,6
LRQ-475576,2025-05-15,0,-0.36197781295574055,0.4043667771987682,6
LRQ-580755,2025-05-15,0,-0.36197781295574055,0.4043667771987682,6
LRQ-995510,2025-09-26,0,-0.3628192399887214,0.5096934335075667,6
LRQ-444544,2025-09-26,0,-0.3628192399887214,0.5096934335075667,6
LRQ-173447,2025-06-30,0,-0.3668693592697823,0.508536160368229,6
LRQ-360661,2025-03-25,0,-0.3680649872699507,0.3776710114978427,6
LRQ-564864,2025-03-18,0,-0.36997949192716556,0.45257435371074356,6
LRQ-561732,2025-03-18,0,-0.36997949192716556,0.45257435371074356,6
LRQ-671416,2025-02-19,0,-0.37081843128553965,0.4424654977736375,6
LRQ-533685,2025-02-19,0,-0.37081843128553965,0.4424654977736375,6
LRQ-340819,2025-05-07,1,-0.37102210887389925,0.4116181632575198,6
LRQ-571889,2025-02-22,0,-0.3744622651408465,0.3639067906510694,6
LRQ-686560,2024-12-12,1,-0.3748783925238515,0.3757925794733493,6
LRQ-747346,2024-11-07,1,-0.3787961757448218,0.3535261425991874,6
LRQ-539822,2025-05-15,0,-0.3799237797944715,0.3536341817969505,6
LRQ-844731,2025-10-24,0,-0.3868092544740423,0.4201592160629279,6
LRQ-544163,2025-05-05,0,-0.38777189096769243,0.40662305218614003,6
LRQ-879672,2025-05-05,0,-0.38777189096769243,0.40662305218614003,6
LRQ-350651,2025-04-01,0,-0.3911446342074046,0.46528485094380045,6
LRQ-432690,2025-05-04,1,-0.39178152115477355,0.36074509060696675,6
LRQ-139349,2025-08-22,0,-0.39232668808945187,0.4606790997630444,6
LRQ-326440,2024-10-17,0,-0.39445574182290694,0.39403579019475676,6
LRQ-652959,2024-10-26,0,-0.3954397276358011,0.2855040891153397,6
LRQ-582860,2025-03-28,0,-0.397231161584128,0.39793490457946373,6
LRQ-846975,2025-03-28,0,-0.397231161584128,0.39793490457946373,6
LRQ-215717,2025-05-14,0,-0.40034581775667016,0.3502203141622909,6
LRQ-756175,2025-07-20,1,-0.4027838341873578,0.38336330212544434,6
LRQ-896948,2025-07-20,1,-0.4027838341873578,0.38336330212544434,6
LRQ-640234,2025-07-20,1,-0.4027838341873578,0.38336330212544434,6
LRQ-185579,2025-07-20,1,-0.4027838341873578,0.38336330212544434,6
LRQ-507221,2025-10-22,0,-0.40357084372321333,0.4230113696599411,6
LRQ-837064,2025-10-22,0,-0.40357084372321333,0.4230113696599411,6
LRQ-163847,2025-10-06,0,-0.4067657608480149,0.3807151286751475,6
LRQ-485672,2025-12-05,0,-0.4068319170222568,0.4353042609961103,6
LRQ-845413,2025-12-05,0,-0.4068319170222568,0.4353042609961103,6
LRQ-913328,2025-08-11,0,-0.40853144473903763,0.3659949275663251,6
LRQ-981777,2025-08-11,0,-0.40853144473903763,0.3659949275663251,6
LRQ-531714,2024-12-13,0,-0.4121289474387853,0.3676055560758543,6
LRQ-529874,2024-12-13,0,-0.4121289474387853,0.3676055560758543,6
LRQ-747321,2024-12-13,0,-0.4121289474387853,0.3676055560758543,6
LRQ-791867,2025-09-16,0,-0.41261180978331163,0.3728955945845853,6
LRQ-134489,2025-11-28,0,-0.4132631703023551,0.4344895365475396,6
LRQ-475351,2025-11-28,0,-0.4132631703023551,0.4344895365475396,6
LRQ-854165,2025-11-28,0,-0.4132631703023551,0.4344895365475396,6
LRQ-316609,2025-08-02,1,-0.4189585314148561,0.4073720872513898,6
LRQ-643997,2025-08-08,0,-0.4191068706009676,0.3854710811163959,6
LRQ-973658,2025-02-08,0,-0.4212151249164196,0.3974197700511531,6
LRQ-387750,2025-11-27,0,-0.4241751238758527,0.4034588815704228,6
LRQ-661136,2025-11-27,0,-0.4241751238758527,0.4034588815704228,6
LRQ-641306,2025-06-02,0,-0.4250186892443227,0.3603553000033085,6
LRQ-506474,2025-02-14,1,-0.42875495813877956,0.4437964795605932,6
LRQ-471030,2024-11-23,0,-0.42998874589995945,0.3193638906462447,6
LRQ-876735,2024-10-18,0,-0.4315854697882289,0.4370531073853339,6
LRQ-588925,2025-02-24,1,-0.43349710638936495,0.31100796345653153,6
LRQ-670900,2025-02-24,1,-0.43349710638936495,0.31100796345653153,6
LRQ-914958,2025-05-01,0,-0.4353984487582468,0.37502700673479705,6
LRQ-584701,2025-04-12,1,-0.4356953791780543,0.3875189391547856,6
LRQ-581570,2025-04-08,0,-0.4378730569433858,0.36255043964317524,6
LRQ-853486,2025-04-08,0,-0.4378730569433858,0.36255043964317524,6
LRQ-937188,2025-08-24,0,-0.4386103077198245,0.3937803019640465,6
LRQ-879373,2025-07-17,0,-0.4422006391954563,0.40258559956329504,6
LRQ-198426,2025-02-27,0,-0.4454145298976871,0.3796767786624117,6
LRQ-335008,2025-03-19,1,-0.4472192397891322,0.39256975984823855,6
LRQ-546033,2025-05-04,1,-0.4475881966650706,0.3594264368696694,6
LRQ-104196,2025-05-04,1,-0.4475881966650706,0.3594264368696694,6
LRQ-459187,2025-05-04,1,-0.4475881966650706,0.3594264368696694,6
LRQ-546677,2025-07-08,0,-0.4490389804839597,0.34721946082246385,6
LRQ-939666,2024-12-26,1,-0.4519267538679346,0.4544131086495916,6
LRQ-873483,2025-03-16,1,-0.4531581487428698,0.356826038115917,6
LRQ-664528,2024-10-26,0,-0.45678690114335746,0.4092682446605876,6
LRQ-398931,2025-04-08,0,-0.4604121249604534,0.392162779508054,6
LRQ-225229,2025-12-12,0,-0.4607720396013209,0.40461222694908117,6
LRQ-481636,2024-10-31,0,-0.46524509850133905,0.379058908883145,6
LRQ-707133,2024-11-20,0,-0.46668816781301553,0.4310990426815567,6
LRQ-303281,2024-11-20,0,-0.46668816781301553,0.4310990426815567,6
LRQ-471835,2024-11-25,0,-0.4677463845375032,0.35466579964926026,6
LRQ-460567,2025-10-18,0,-0.4678600132981759,0.40746122828401515,6
LRQ-311559,2025-10-18,0,-0.4678600132981759,0.40746122828401515,6
LRQ-415061,2025-10-18,0,-0.4678600132981759,0.40746122828401515,6
LRQ-999225,2024-12-24,0,-0.46955801152058735,0.4063063154014205,6
LRQ-523685,2025-01-17,0,-0.47171015204352523,0.311480553054213,6
LRQ-395819,2025-01-17,0,-0.47171015204352523,0.311480553054213,6
LRQ-501885,2025-07-14,0,-0.4762482727139857,0.3707660043296596,6
LRQ-420336,2025-03-24,0,-0.47717061877098127,0.3655019295068776,6
LRQ-506550,2025-05-17,0,-0.4772179807368789,0.3788412842819636,6
LRQ-838908,2025-01-01,0,-0.47962015478217973,0.34760499975585324,6
LRQ-898676,2025-01-01,0,-0.47962015478217973,0.34760499975585324,6
LRQ-251527,2025-11-16,0,-0.47985492643370004,0.3335220236377007,6
LRQ-370850,2025-05-05,1,-0.4813243752359542,0.3241976728298876,6
LRQ-765420,2025-05-05,1,-0.4813243752359542,0.3241976728298876,6
LRQ-986684,2025-11-11,0,-0.48139040446200193,0.36753919365558096,6
LRQ-301761,2025-11-11,0,-0.48139040446200193,0.36753919365558096,6
LRQ-385297,2025-08-29,0,-0.48539435515921264,0.36610598885975393,6
LRQ-326788,2025-08-29,0,-0.48539435515921264,0.36610598885975393,6
LRQ-797058,2024-11-03,0,-0.4863236724643914,0.40045631688479083,6
LRQ-690992,2025-03-15,0,-0.4873476363246257,0.45273594772828407,6
LRQ-975697,2025-11-22,0,-0.4884503095247626,0.41729310435031763,6
LRQ-712705,2024-11-09,0,-0.4889798266374728,0.3813188009306819,6
LRQ-143846,2024-11-09,0,-0.4889798266374728,0.3813188009306819,6
LRQ-691093,2025-04-22,0,-0.49263438955845823,0.40822932184575283,6
LRQ-134687,2025-04-22,0,-0.49263438955845823,0.40822932184575283,6
LRQ-982917,2025-06-21,1,-0.499719487522623,0.3611016033123581,6
LRQ-293592,2024-10-04,0,-0.5017485192646065,0.46607768306938735,6
LRQ-428684,2025-05-30,1,-0.5018424940484865,0.3831304298061103,6
LRQ-128543,2025-05-30,1,-0.5018424940484865,0.3831304298061103,6
LRQ-600396,2025-06-25,0,-0.5033152388984776,0.38594186091417404,6
LRQ-246071,2025-03-23,1,-0.5069628747086314,0.2763419111582559,6
LRQ-769738,2025-03-23,1,-0.5069628747086314,0.2763419111582559,6
LRQ-943607,2024-12-30,1,-0.507233715146822,0.3231394137374692,6
LRQ-254037,2025-09-30,1,-0.5115913607179268,0.3122745207099921,6
LRQ-873387,2025-02-15,0,-0.512894624025944,0.29925472273354964,6
LRQ-859904,2025-10-02,0,-0.5134728818161394,0.38397399200672006,6
LRQ-717853,2025-05-20,0,-0.515347710821584,0.42250439405208673,6
LRQ-166662,2024-10-30,0,-0.5155029234877135,0.3190219395161662,6
LRQ-133545,2025-06-30,0,-0.5160964623547786,0.3749979013011398,6
LRQ-283818,2024-12-24,1,-0.5173826133338766,0.3274912944559695,6
LRQ-340398,2024-12-24,1,-0.5173826133338766,0.3274912944559695,6
LRQ-294494,2025-01-08,1,-0.5201613226273709,0.3805695155802675,6
LRQ-263779,2025-01-08,1,-0.5201613226273709,0.3805695155802675,6
LRQ-155927,2025-11-08,1,-0.5257324646929762,0.31864953114276723,6
LRQ-996118,2025-01-10,0,-0.5310817639837753,0.38698325800495326,6
LRQ-237478,2025-05-24,1,-0.5337949418782388,0.2610712652960723,6
LRQ-400441,2025-01-07,0,-0.5378593214384582,0.2783907660374796,6
LRQ-755272,2025-01-07,0,-0.5378593214384582,0.2783907660374796,6
LRQ-179811,2024-10-31,0,-0.5394669981010951,0.3488863255148601,6
LRQ-855623,2025-05-15,0,-0.5405241900112232,0.35879255577926406,7
LRQ-922790,2025-02-28,0,-0.5435190718361982,0.3784917815284428,7
LRQ-821421,2025-03-13,0,-0.5450544388670098,0.4143059323176427,7
LRQ-796520,2025-03-13,0,-0.5450544388670098,0.4143059323176427,7
LRQ-552812,2024-10-27,1,-0.5477611876797939,0.4619149117315216,7
LRQ-420627,2024-10-27,1,-0.5477611876797939,0.4619149117315216,7
LRQ-171871,2024-10-27,1,-0.5477611876797939,0.4619149117315216,7
LRQ-604810,2025-03-05,0,-0.5483515277610822,0.37875605333225154,7
LRQ-758128,2025-03-05,0,-0.5483515277610822,0.37875605333225154,7
LRQ-543478,2024-11-12,0,-0.5501207128069838,0.40504109245405506,7
LRQ-853276,2024-11-12,0,-0.5501207128069838,0.40504109245405506,7
LRQ-913204,2024-11-15,0,-0.5541181803250312,0.33321498366437613,7
LRQ-388495,2024-11-15,0,-0.5541181803250312,0.33321498366437613,7
LRQ-574162,2025-05-06,0,-0.5571807498855863,0.43765681022503444,7
LRQ-677709,2025-02-22,0,-0.5623911739117462,0.3188366085917934,7
LRQ-482079,2025-02-22,0,-0.5623911739117462,0.3188366085917934,7
LRQ-785801,2024-11-12,0,-0.5633838962159858,0.39095763382409965,7
LRQ-550133,2024-11-12,0,-0.5633838962159858,0.39095763382409965,7
LRQ-373769,2024-10-07,0,-0.5660117363365886,0.39967209145465216,7
LRQ-857357,2024-10-07,0,-0.5660117363365886,0.39967209145465216,7
LRQ-701515,2024-10-22,0,-0.5729637954097742,0.38343090939290225,7
LRQ-675420,2024-10-22,0,-0.5729637954097742,0.38343090939290225,7
LRQ-667228,2024-10-22,0,-0.5729637954097742,0.38343090939290225,7
LRQ-258861,2025-05-18,0,-0.5744546583991181,0.36476764020782737,7
LRQ-876787,2025-05-18,0,-0.5744546583991181,0.36476764020782737,7
LRQ-244686,2025-08-30,0,-0.5780007194409338,0.3662477625639872,7
LRQ-487195,2025-08-30,0,-0.5780007194409338,0.3662477625639872,7
LRQ-198289,2025-05-24,0,-0.580641281980502,0.3952363051307343,7
LRQ-409637,2025-11-21,0,-0.5823908245749978,0.37970489090085247,7
LRQ-497195,2025-11-21,0,-0.5823908245749978,0.37970489090085247,7
LRQ-604254,2025-11-21,0,-0.5823908245749978,0.37970489090085247,7
LRQ-817742,2025-06-25,1,-0.5827919040613496,0.42982568317713243,7
LRQ-840208,2025-09-25,0,-0.582891914328596,0.38018674173243766,7
LRQ-379993,2024-12-30,1,-0.5829903707790551,0.3695884999594729,7
LRQ-493635,2025-03-16,0,-0.5836349549114859,0.4260391436110519,7
LRQ-353091,2025-03-16,0,-0.5836349549114859,0.4260391436110519,7
LRQ-232223,2025-02-13,0,-0.5838633522392565,0.2994124102326465,7
LRQ-592879,2025-02-13,0,-0.5838633522392565,0.2994124102326465,7
LRQ-754848,2025-05-24,1,-0.5849298767936064,0.22343510766703506,7
LRQ-387986,2025-05-24,1,-0.5849298767936064,0.22343510766703506,7
LRQ-530034,2025-05-18,0,-0.587567940104532,0.40613221195702315,7
LRQ-707185,2025-10-02,0,-0.5875846050880797,0.3347929780205338,7
LRQ-596570,2025-04-21,1,-0.588160494805618,0.33310135646483907,7
LRQ-790429,2025-02-01,0,-0.5888661316739361,0.3380676994039043,7
LRQ-620476,2025-05-30,1,-0.5891761454768814,0.3590790041799779,7
LRQ-375899,2025-05-30,1,-0.5891761454768814,0.3590790041799779,7
LRQ-143821,2024-11-28,1,-0.5925088387201756,0.37999194552011684,7
LRQ-825064,2024-11-28,1,-0.5925088387201756,0.37999194552011684,7
LRQ-662344,2025-03-13,0,-0.59305260982745,0.31371169123302267,7
LRQ-914758,2025-03-13,0,-0.59305260982745,0.31371169123302267,7
LRQ-191580,2025-06-02,0,-0.5941518184151109,0.3673985109562247,7
LRQ-588289,2024-10-31,0,-0.5946009419185119,0.38610447817543586,7
LRQ-333855,2024-10-31,0,-0.5946009419185119,0.38610447817543586,7
LRQ-908160,2025-10-28,0,-0.5950494351763469,0.3860753626026647,7
LRQ-764155,2025-10-28,0,-0.5950494351763469,0.3860753626026647,7
LRQ-534558,2024-12-03,0,-0.5957662033296289,0.34551466936935105,7
LRQ-712997,2025-06-14,1,-0.596691298674739,0.25939779179536065,7
LRQ-725799,2025-06-11,1,-0.5971781470960993,0.31342895436245566,7
LRQ-274290,2024-12-16,0,-0.597741473734783,0.30845082966497095,7
LRQ-571698,2025-06-14,1,-0.5980610285829586,0.4199527302022659,7
LRQ-116166,2025-06-14,1,-0.5980610285829586,0.4199527302022659,7
LRQ-653023,2025-06-27,0,-0.6008265721137152,0.3573229048981575,7
LRQ-157324,2025-06-27,0,-0.6008265721137152,0.3573229048981575,7
LRQ-599107,2025-05-18,0,-0.604906983703029,0.37455935996923534,7
LRQ-163322,2025-02-13,1,-0.609660819282408,0.3596110612948445,7
LRQ-259263,2025-08-19,0,-0.6096834616661413,0.4098563244917018,7
LRQ-931290,2025-08-19,0,-0.6096834616661413,0.4098563244917018,7
LRQ-786215,2025-04-30,1,-0.6146535307235554,0.32322742925948433,7
LRQ-386567,2025-05-19,0,-0.6166021442683816,0.34325823312879405,7
LRQ-325747,2025-05-19,0,-0.6166021442683816,0.34325823312879405,7
LRQ-535335,2025-05-19,0,-0.6166021442683816,0.34325823312879405,7
LRQ-263442,2025-06-03,0,-0.6209177679221627,0.3343266040378433,7
LRQ-127412,2025-06-03,0,-0.6209177679221627,0.3343266040378433,7
LRQ-342085,2025-02-09,0,-0.6219411428152002,0.36101975399690167,7
LRQ-126048,2025-02-09,0,-0.6219411428152002,0.36101975399690167,7
LRQ-807294,2025-04-05,0,-0.62239096840801,0.37006936551167896,7
LRQ-127512,2024-12-12,0,-0.6277099610604582,0.29654666542669655,7
LRQ-896497,2024-12-12,0,-0.6277099610604582,0.29654666542669655,7
LRQ-663039,2025-09-10,0,-0.6309004182906053,0.445708596615056,7
LRQ-369076,2025-09-10,0,-0.6309004182906053,0.445708596615056,7
LRQ-882178,2025-02-11,0,-0.6309232973662349,0.3836663240941282,7
LRQ-946982,2025-04-08,1,-0.6311066000326777,0.36515422923975827,7
LRQ-987561,2025-04-08,1,-0.6311066000326777,0.36515422923975827,7
LRQ-244910,2025-05-04,0,-0.6359170119055877,0.2687790247317879,7
LRQ-614587,2025-07-19,0,-0.6375802500840395,0.3421829759246422,7
LRQ-189042,2025-02-19,0,-0.6477296618442212,0.34437792938365225,7
LRQ-877877,2025-06-03,0,-0.6517064633566862,0.33487540504766194,7
LRQ-924280,2025-06-03,0,-0.6517064633566862,0.33487540504766194,7
LRQ-197922,2025-06-03,0,-0.6517064633566862,0.33487540504766194,7
LRQ-561653,2025-05-27,0,-0.6549857871289761,0.2579591720735741,7
LRQ-560909,2025-05-04,0,-0.6585811500778052,0.2997677862129622,7
LRQ-214681,2025-05-04,0,-0.6585811500778052,0.2997677862129622,7
LRQ-262401,2024-11-11,0,-0.6597316397421595,0.4056870864385286,7
LRQ-728301,2025-09-12,0,-0.6606481639582258,0.24405134366451064,7
LRQ-454334,2024-10-17,1,-0.6628681492509374,0.3374851990520377,7
LRQ-632321,2024-12-10,0,-0.6634437879143151,0.3084297595865957,7
LRQ-570428,2024-12-10,0,-0.6634437879143151,0.3084297595865957,7
LRQ-557384,2025-01-07,0,-0.6644908891802404,0.3454908782775785,7
LRQ-510926,2025-07-25,0,-0.6739178541308322,0.3797953775683254,7
LRQ-243290,2024-12-29,0,-0.6747544352777597,0.35433567285984974,7
LRQ-746196,2024-12-29,0,-0.6747544352777597,0.35433567285984974,7
LRQ-157408,2024-11-22,1,-0.6751345429717164,0.3686947666352987,7
LRQ-976420,2025-07-23,0,-0.6808917473193334,0.29910280180369897,7
LRQ-986633,2025-11-20,1,-0.6819953679665334,0.34616633742376934,7
LRQ-463049,2025-09-26,0,-0.683902313551255,0.29206511774390126,7
LRQ-656635,2025-01-01,0,-0.6861441656294973,0.2836324820089505,7
LRQ-489317,2025-08-25,0,-0.6909232338671929,0.34053999677778507,7
LRQ-864456,2025-08-25,0,-0.6909232338671929,0.34053999677778507,7
LRQ-891674,2025-01-24,0,-0.6924604347517631,0.3979964178026174,7
LRQ-660905,2025-12-06,0,-0.6945352220578913,0.3430702235842316,7
LRQ-937049,2024-11-10,0,-0.6953890206320184,0.3357175282460214,7
LRQ-936004,2025-10-30,0,-0.6980245727465446,0.339503774574994,7
LRQ-130930,2025-02-05,0,-0.7002386919377388,0.3236507326008894,7
LRQ-278520,2024-10-30,0,-0.7048991805922471,0.33009157220940505,7
LRQ-810932,2024-10-30,0,-0.7048991805922471,0.33009157220940505,7
LRQ-913386,2024-12-01,0,-0.7082846752284953,0.3552218914453203,7
LRQ-809264,2024-12-01,0,-0.7082846752284953,0.3552218914453203,7
LRQ-704456,2024-10-17,1,-0.7107268711867905,0.32552348029201644,7
LRQ-723188,2025-11-18,0,-0.7127656015504273,0.25777601706216946,7
LRQ-434653,2025-04-09,0,-0.7183021007075849,0.3724165596268637,7
LRQ-178438,2025-04-09,0,-0.7183021007075849,0.3724165596268637,7
LRQ-571219,2025-04-09,0,-0.7183021007075849,0.3724165596268637,7
LRQ-497640,2025-07-26,0,-0.7192093343350878,0.4360782022833947,7
LRQ-209187,2025-03-02,0,-0.7210798081095051,0.26340084509984885,7
LRQ-631116,2025-02-26,0,-0.7222877267190713,0.38043783785637025,7
LRQ-868106,2025-12-07,1,-0.7230045137534491,0.31580021165918787,7
LRQ-276763,2025-12-07,1,-0.7230045137534491,0.31580021165918787,7
LRQ-263151,2025-09-23,0,-0.7236279480864143,0.37362651628770127,7
LRQ-827523,2025-02-09,0,-0.7271438175819727,0.2920835338149053,7
LRQ-199744,2025-04-07,0,-0.7278760143123479,0.30856069332207553,7
LRQ-611593,2025-07-28,0,-0.7300326394541061,0.3582126722640394,7
LRQ-602034,2025-01-15,0,-0.7315485504963819,0.2624838354192818,7
LRQ-213427,2025-01-15,0,-0.7315485504963819,0.2624838354192818,7
LRQ-138212,2025-06-03,0,-0.7316157222803641,0.3401473953009094,7
LRQ-531169,2024-12-10,0,-0.7321860227674764,0.34391370596945187,7
LRQ-589847,2025-02-18,0,-0.7387846038239845,0.35860500129171025,7
LRQ-776358,2025-02-18,0,-0.7387846038239845,0.35860500129171025,7
LRQ-907484,2025-09-04,0,-0.7398924425263091,0.34985490663611696,7
LRQ-159331,2025-06-05,0,-0.740137102772576,0.35414043268347334,7
LRQ-456614,2025-06-02,0,-0.7420126884121716,0.35605929471245273,7
LRQ-829881,2025-06-02,0,-0.7420126884121716,0.35605929471245273,7
LRQ-378309,2024-11-04,0,-0.7424905427689739,0.3451268036143804,7
LRQ-204878,2025-07-23,0,-0.7433200287130264,0.326397089975002,7
LRQ-494667,2025-07-23,0,-0.7433200287130264,0.326397089975002,7
LRQ-905281,2025-01-29,0,-0.7456365915893457,0.35012464973949586,7
LRQ-367406,2024-10-03,0,-0.7465224720120576,0.3529492450026495,7
LRQ-970173,2024-12-20,0,-0.7519486344087456,0.38250178914702737,7
LRQ-215017,2025-06-14,0,-0.7524453761722159,0.3260549795457335,7
LRQ-322603,2025-06-14,0,-0.7524453761722159,0.3260549795457335,7
LRQ-545892,2025-08-02,0,-0.7584781740963082,0.21972337597109787,7
LRQ-415165,2025-07-17,0,-0.7597616018987994,0.2533693269323685,7
LRQ-267209,2024-10-11,1,-0.7600145600935777,0.42716031994420106,7
LRQ-245513,2025-06-12,0,-0.7614827768610839,0.3612965351135818,7
LRQ-282939,2025-06-12,0,-0.7614827768610839,0.3612965351135818,7
LRQ-632599,2025-03-04,0,-0.7629933476566579,0.34889845430615274,7
LRQ-675232,2025-07-14,1,-0.7642271328932795,0.23636985102715058,7
LRQ-414993,2025-08-28,0,-0.76964303318631,0.31407929131118306,7
LRQ-820431,2025-08-28,0,-0.76964303318631,0.31407929131118306,7
LRQ-822538,2025-05-16,0,-0.7722486772165782,0.3507035332351757,7
LRQ-871193,2025-05-16,0,-0.7722486772165782,0.3507035332351757,7
LRQ-424284,2024-12-22,0,-0.7732587336542851,0.327308715322069,7
LRQ-117523,2024-12-22,0,-0.7732587336542851,0.327308715322069,7
LRQ-711602,2025-10-07,0,-0.7756853633765219,0.288395156617821,7
LRQ-293765,2025-10-07,0,-0.7756853633765219,0.288395156617821,7
LRQ-675360,2025-07-05,0,-0.7769575755049987,0.2805690755006495,7
LRQ-463986,2024-10-11,0,-0.7774893737804982,0.35971374083302493,7
LRQ-672016,2024-10-11,0,-0.7774893737804982,0.35971374083302493,7
LRQ-431368,2024-10-11,0,-0.7774893737804982,0.35971374083302493,7
LRQ-546473,2024-11-12,1,-0.7777083014013444,0.3731124031336285,7
LRQ-759101,2025-01-10,0,-0.7843704338135611,0.31290417837557827,7
LRQ-553878,2025-01-24,1,-0.7885805616526342,0.4027008164201434,7
LRQ-316957,2025-08-18,0,-0.7932204027953604,0.38509301844931415,7
LRQ-930450,2025-08-18,0,-0.7932204027953604,0.38509301844931415,7
LRQ-793853,2025-02-25,0,-0.7953897912015693,0.32690027785000836,7
LRQ-423136,2025-07-21,0,-0.7964624135152976,0.30765086993852725,7
LRQ-802566,2025-07-01,0,-0.7964661023961641,0.35076528794803485,7
LRQ-733560,2025-04-10,0,-0.8045536866079148,0.36163925912427136,7
LRQ-777145,2025-04-10,0,-0.8045536866079148,0.36163925912427136,7
LRQ-226293,2025-04-01,0,-0.8113017049744584,0.28083987140643324,7
LRQ-296673,2025-10-25,0,-0.812804087227943,0.31353028016966983,7
LRQ-691445,2025-04-02,0,-0.8136158853967119,0.30011009298183094,7
LRQ-260438,2025-10-24,1,-0.8194165994062361,0.3823320740608674,7
LRQ-556864,2024-12-22,0,-0.8227474668505694,0.3108210919955365,7
LRQ-620505,2025-10-08,1,-0.8245444237814725,0.3183321852176665,7
LRQ-857734,2024-11-01,0,-0.826636805259807,0.3608551063030195,7
LRQ-266754,2024-11-01,0,-0.826636805259807,0.3608551063030195,7
LRQ-983181,2024-11-01,0,-0.826636805259807,0.3608551063030195,7
LRQ-434219,2025-03-26,0,-0.8269787347565627,0.3958164035441829,7
LRQ-882203,2025-04-04,0,-0.8278519552615196,0.30643238088323127,7
LRQ-251166,2025-04-04,0,-0.8278519552615196,0.30643238088323127,7
LRQ-322200,2025-11-11,0,-0.834452353894517,0.393059600233975,7
LRQ-875910,2025-06-24,0,-0.8346392882785354,0.32940344718845194,7
LRQ-507692,2025-06-24,0,-0.8346392882785354,0.32940344718845194,7
LRQ-735364,2025-06-24,0,-0.8346392882785354,0.32940344718845194,7
LRQ-443822,2025-03-03,0,-0.8349472081082476,0.28008135752801827,7
LRQ-374936,2025-01-21,0,-0.8420520517297065,0.2580921808517898,7
LRQ-592668,2024-10-21,0,-0.8430038488155782,0.285003185730848,8
LRQ-810950,2025-04-30,0,-0.8508134803268179,0.28743252126063934,8
LRQ-720654,2025-04-30,0,-0.8508134803268179,0.28743252126063934,8
LRQ-235840,2025-05-29,1,-0.8535935574395355,0.3438961034448594,8
LRQ-389818,2024-12-23,1,-0.8538233993881592,0.3352774765574725,8
LRQ-301105,2024-12-15,0,-0.8615907499804054,0.25304890057585927,8
LRQ-258761,2024-12-15,0,-0.8615907499804054,0.25304890057585927,8
LRQ-153524,2024-12-15,0,-0.8615907499804054,0.25304890057585927,8
LRQ-507268,2025-09-22,1,-0.8686860489183177,0.3153191013488945,8
LRQ-186803,2025-09-22,1,-0.8686860489183177,0.3153191013488945,8
LRQ-584887,2025-09-22,1,-0.8686860489183177,0.3153191013488945,8
LRQ-319045,2025-01-25,0,-0.8694659462227152,0.25512218336142695,8
LRQ-410195,2025-04-12,0,-0.8784355525101695,0.2972536954289894,8
LRQ-581277,2025-04-12,0,-0.8784355525101695,0.2972536954289894,8
LRQ-660432,2025-05-04,0,-0.8818382955804198,0.27328443178935974,8
LRQ-809103,2025-05-04,0,-0.8818382955804198,0.27328443178935974,8
LRQ-212236,2025-05-04,0,-0.8818382955804198,0.27328443178935974,8
LRQ-713507,2025-01-03,1,-0.8849414570447527,0.2828280868607586,8
LRQ-486228,2025-04-17,0,-0.8856846475977536,0.2913761870817631,8
LRQ-870966,2025-04-17,0,-0.8856846475977536,0.2913761870817631,8
LRQ-725084,2025-02-12,1,-0.8864122980700815,0.22657637226885186,8
LRQ-840055,2025-02-12,1,-0.8864122980700815,0.22657637226885186,8
LRQ-658492,2025-11-12,1,-0.886747243932267,0.2779666258813291,8
LRQ-822520,2024-12-08,0,-0.8885684317951474,0.3052158315192952,8
LRQ-568671,2025-05-19,1,-0.8962838556619319,0.2777309712188207,8
LRQ-256317,2025-06-18,1,-0.9035250609296925,0.2680143621568103,8
LRQ-899633,2024-12-19,0,-0.9053519094909008,0.26240750362242526,8
LRQ-889670,2024-11-30,0,-0.9090103049219467,0.3337009109567995,8
LRQ-131223,2024-12-02,0,-0.9117769135704039,0.31412712926660297,8
LRQ-756239,2024-12-02,0,-0.9117769135704039,0.31412712926660297,8
LRQ-338145,2025-06-17,1,-0.9150062534375367,0.3630644788684317,8
LRQ-448391,2024-10-27,0,-0.9162189075899052,0.26060138761774093,8
LRQ-966433,2025-08-21,0,-0.916460830660168,0.13356224478954437,8
LRQ-761722,2025-09-29,0,-0.91704673292399,0.3024216572858126,8
LRQ-811735,2025-07-04,0,-0.9250145630284523,0.2551578732369486,8
LRQ-241807,2024-12-14,0,-0.930685231330739,0.30717050335592744,8
LRQ-583546,2024-12-14,0,-0.930685231330739,0.30717050335592744,8
LRQ-358934,2024-11-10,0,-0.9334926200808669,0.2869223937099039,8
LRQ-417138,2025-09-28,0,-0.9379845831841958,0.249346982332015,8
LRQ-192319,2025-09-28,0,-0.9379845831841958,0.249346982332015,8
LRQ-593592,2025-11-17,0,-0.9384342714513538,0.3397199763253637,8
LRQ-546824,2025-10-31,1,-0.939267944073447,0.3876666591296197,8
LRQ-901247,2025-05-11,0,-0.942635561519876,0.33070062271792533,8
LRQ-638967,2025-10-24,0,-0.9452106006346215,0.2613550832988905,8
LRQ-437205,2025-02-15,0,-0.9473116088974054,0.2741892621984458,8
LRQ-145295,2025-10-16,0,-0.9501061601714129,0.2880058778334686,8
LRQ-667414,2025-03-17,0,-0.9541197293879806,0.26143955241529093,8
LRQ-612412,2025-03-17,0,-0.9541197293879806,0.26143955241529093,8
LRQ-410193,2025-07-03,0,-0.955804730486375,0.28687465892734926,8
LRQ-846838,2025-07-03,0,-0.955804730486375,0.28687465892734926,8
LRQ-186220,2025-07-19,0,-0.9571444716816133,0.27817674670600984,8
LRQ-297434,2024-11-26,0,-0.9585772705736817,0.3402735687756614,8
LRQ-716729,2024-11-26,0,-0.9585772705736817,0.3402735687756614,8
LRQ-334736,2025-11-27,0,-0.9599292105328354,0.2796316031421017,8
LRQ-506625,2024-12-05,0,-0.9662813979889622,0.2631692198028878,8
LRQ-853330,2025-06-22,1,-0.9696970843401234,0.282293896920064,8
LRQ-702891,2025-06-22,1,-0.9696970843401234,0.282293896920064,8
LRQ-868028,2025-02-09,0,-0.9722652557669109,0.31298837445034394,8
LRQ-207164,2025-01-04,0,-0.9792556284884428,0.3156791502115955,8
LRQ-996407,2024-11-17,0,-0.9830801953935238,0.3095294921895226,8
LRQ-272141,2025-11-29,0,-0.9834453775181773,0.19804965446763023,8
LRQ-728585,2025-06-23,0,-0.9850199502353236,0.30666270474655516,8
LRQ-707869,2025-06-14,0,-0.9860683104102579,0.32029248865131876,8
LRQ-238261,2025-11-04,1,-0.9874950346918583,0.28181860892579924,8
LRQ-466823,2025-09-21,0,-0.9890885828648495,0.2932549999679453,8
LRQ-453353,2025-09-21,0,-0.9890885828648495,0.2932549999679453,8
LRQ-268061,2025-04-10,0,-0.9949385996193714,0.2603313692120972,8
LRQ-838263,2025-11-08,0,-0.9952333748417006,0.23720836405075263,8
LRQ-507533,2024-11-05,0,-0.9952404837570272,0.3550776862864379,8
LRQ-600452,2024-11-04,0,-0.9969552646599711,0.2911031528486708,8
LRQ-871786,2025-04-12,0,-0.9976534641213677,0.25736024136247715,8
LRQ-302249,2025-04-02,1,-0.999557850841609,0.2599251461490868,8
LRQ-125603,2025-02-08,0,-0.9996397645311008,0.30069312610494486,8
LRQ-177622,2024-10-14,0,-1.0013173375265412,0.3099521926300889,8
LRQ-845925,2025-04-20,0,-1.0023343906035054,0.2682129386213992,8
LRQ-154446,2025-04-09,0,-1.0062395207097667,0.2771705100122346,8
LRQ-672936,2025-02-16,0,-1.0079746537859764,0.2668030054070731,8
LRQ-729732,2024-11-21,0,-1.009981769357748,0.3014591393236809,8
LRQ-949306,2024-12-18,1,-1.0100092514819154,0.3530238599462915,8
LRQ-100173,2025-06-12,0,-1.01215350629941,0.29969592088715624,8
LRQ-530795,2025-06-12,0,-1.01215350629941,0.29969592088715624,8
LRQ-681638,2025-09-05,0,-1.0148560617878504,0.2750110248453854,8
LRQ-909455,2025-09-05,0,-1.0148560617878504,0.2750110248453854,8
LRQ-883422,2024-12-26,0,-1.0188672073515024,0.3201719365066493,8
LRQ-875485,2024-12-26,0,-1.0188672073515024,0.3201719365066493,8
LRQ-346891,2024-12-26,0,-1.0188672073515024,0.3201719365066493,8
LRQ-801821,2025-02-26,0,-1.0207196811206645,0.29140563977016315,8
LRQ-470419,2025-11-20,0,-1.0207883099508708,0.27262971970178823,8
LRQ-495049,2025-11-20,0,-1.0207883099508708,0.27262971970178823,8
LRQ-502567,2025-12-05,0,-1.0264015443800334,0.2353093031699097,8
LRQ-916915,2025-06-19,0,-1.030696251147579,0.2574287015014451,8
LRQ-329104,2025-05-20,0,-1.0307833738437866,0.3002821887557895,8
LRQ-833938,2024-12-19,0,-1.032186463553498,0.2671589346990387,8
LRQ-957184,2025-04-03,0,-1.0355550603811823,0.32259714924498356,8
LRQ-249419,2024-11-05,0,-1.03951675168386,0.3340508300628142,8
LRQ-662719,2025-02-20,0,-1.041214820679678,0.2759194108096366,8
LRQ-584021,2025-02-20,0,-1.041214820679678,0.2759194108096366,8
LRQ-802531,2025-05-20,1,-1.0421580444968983,0.29710977821132245,8
LRQ-699302,2025-05-07,0,-1.0443391693068351,0.2614650237007232,8
LRQ-569056,2024-10-10,0,-1.046667961154026,0.29286413043390397,8
LRQ-905528,2024-10-10,0,-1.046667961154026,0.29286413043390397,8
LRQ-456809,2025-09-08,0,-1.0468485181834923,0.33956703471455535,8
LRQ-291878,2025-09-08,0,-1.0468485181834923,0.33956703471455535,8
LRQ-915843,2025-03-01,1,-1.0471957833208991,0.2811333230002945,8
LRQ-224809,2025-04-24,0,-1.0518161194323286,0.18434973773113403,8
LRQ-751217,2025-07-01,0,-1.0520407637793143,0.2876784064898175,8
LRQ-822125,2025-01-13,0,-1.052098771119387,0.22438826516365942,8
LRQ-102222,2025-01-13,0,-1.052098771119387,0.22438826516365942,8
LRQ-459780,2025-04-04,0,-1.0581450879926608,0.3109241185772923,8
LRQ-364075,2025-07-15,0,-1.0598529781349955,0.23151251149087362,8
LRQ-984857,2025-10-05,0,-1.061017595813568,0.29343639869596616,8
LRQ-213438,2025-08-30,0,-1.0611902364721688,0.28176656216559737,8
LRQ-269028,2025-02-25,0,-1.0625813336544185,0.2914026791714117,8
LRQ-518291,2025-02-25,0,-1.0625813336544185,0.2914026791714117,8
LRQ-543727,2025-10-03,0,-1.0635412898213987,0.2795770989453704,8
LRQ-733323,2024-12-06,0,-1.0678286455215886,0.26635311398401373,8
LRQ-449405,2024-12-06,0,-1.0678286455215886,0.26635311398401373,8
LRQ-216555,2024-12-06,0,-1.0678286455215886,0.26635311398401373,8
LRQ-698893,2025-10-07,0,-1.073657978086044,0.2789408709279594,8
LRQ-956768,2025-10-20,0,-1.0753202360642264,0.27105016364665474,8
LRQ-684047,2025-10-20,0,-1.0753202360642264,0.27105016364665474,8
LRQ-810702,2025-03-26,1,-1.0914876846945107,0.2894118111226695,8
LRQ-961044,2025-03-26,1,-1.0914876846945107,0.2894118111226695,8
LRQ-114905,2025-12-04,0,-1.0957845664059649,0.23268598096491594,8
LRQ-576399,2024-12-29,0,-1.097476793580836,0.24546167272776437,8
LRQ-188660,2024-12-29,0,-1.097476793580836,0.24546167272776437,8
LRQ-265251,2024-12-29,0,-1.097476793580836,0.24546167272776437,8
LRQ-341820,2025-01-04,0,-1.1012807518421086,0.28213907929884924,8
LRQ-549560,2025-01-04,0,-1.1012807518421086,0.28213907929884924,8
LRQ-786281,2025-01-04,0,-1.1012807518421086,0.28213907929884924,8
LRQ-676738,2024-12-12,0,-1.102639187148509,0.24909846060351998,8
LRQ-193397,2025-04-07,0,-1.1048746229675332,0.3009755726246872,8
LRQ-860667,2025-04-07,0,-1.1048746229675332,0.3009755726246872,8
LRQ-319877,2025-11-02,0,-1.111472615884293,0.27418682779754666,8
LRQ-967463,2024-12-19,0,-1.1132696273975968,0.2691817978838799,8
LRQ-394282,2024-12-19,0,-1.1132696273975968,0.2691817978838799,8
LRQ-694168,2024-12-19,0,-1.1132696273975968,0.2691817978838799,8
LRQ-828978,2024-12-25,0,-1.1145556283234557,0.24803227471253006,8
LRQ-215818,2025-10-18,0,-1.1163979700305164,0.30812650813555453,8
LRQ-747131,2025-08-20,0,-1.1187959771573448,0.2873434711143633,8
LRQ-984089,2025-01-24,0,-1.1216641400610259,0.24071375625982863,8
LRQ-762694,2025-01-24,0,-1.1216641400610259,0.24071375625982863,8
LRQ-466696,2025-06-13,0,-1.1221422618062435,0.31723865291759035,8
LRQ-657966,2024-12-06,1,-1.1228535371745467,0.24523194800426318,8
LRQ-925656,2024-12-06,1,-1.1228535371745467,0.24523194800426318,8
LRQ-284213,2024-12-01,0,-1.1313069553502233,0.2793511683958262,8
LRQ-145543,2024-12-01,0,-1.1313069553502233,0.2793511683958262,8
LRQ-306915,2025-04-24,0,-1.132114094960781,0.2884829548173864,8
LRQ-441140,2025-04-24,0,-1.132114094960781,0.2884829548173864,8
LRQ-851896,2025-04-24,0,-1.132114094960781,0.2884829548173864,8
LRQ-250336,2024-10-21,0,-1.1327253884172253,0.2741336863362451,8
LRQ-357018,2024-11-14,0,-1.1363864263573733,0.2577505144938296,8
LRQ-195893,2025-04-15,0,-1.136984836424813,0.2991884347557327,8
LRQ-727479,2025-04-15,0,-1.136984836424813,0.2991884347557327,8
LRQ-849786,2025-02-11,0,-1.1378364806143368,0.30631378217617805,8
LRQ-228923,2025-02-11,0,-1.1378364806143368,0.30631378217617805,8
LRQ-433968,2025-06-06,0,-1.1382026473714122,0.28338220010128207,8
LRQ-244545,2025-06-06,0,-1.1382026473714122,0.28338220010128207,8
LRQ-275331,2025-08-31,0,-1.1443189672614382,0.27130901511341354,8
LRQ-488033,2025-08-31,0,-1.1443189672614382,0.27130901511341354,8
LRQ-269029,2025-04-06,0,-1.1457680290447074,0.2882783233488308,8
LRQ-502302,2025-04-06,0,-1.1457680290447074,0.2882783233488308,8
LRQ-599060,2024-12-18,0,-1.1464301014613172,0.281178183420318,8
LRQ-261100,2025-01-24,1,-1.1507540036559591,0.26263146954781624,8
LRQ-651801,2025-01-24,1,-1.1507540036559591,0.26263146954781624,8
LRQ-882497,2025-04-04,0,-1.1509917514402561,0.20132493609624033,8
LRQ-553863,2025-04-04,0,-1.1509917514402561,0.20132493609624033,8
LRQ-730080,2025-05-18,0,-1.1521398794624327,0.24944577632677847,8
LRQ-456644,2025-05-18,0,-1.1521398794624327,0.24944577632677847,8
LRQ-537690,2025-11-25,0,-1.162559834263118,0.2277347165634097,8
LRQ-708282,2025-12-06,0,-1.177794447505403,0.2679799654285796,8
LRQ-603159,2025-12-06,0,-1.177794447505403,0.2679799654285796,8
LRQ-507038,2025-12-09,0,-1.1824150617286024,0.2832055837006755,8
LRQ-524428,2025-12-09,0,-1.1824150617286024,0.2832055837006755,8
LRQ-988618,2025-05-22,0,-1.1838070011169295,0.28468643979644837,8
LRQ-932929,2025-09-26,0,-1.185912325490233,0.2439524147419158,8
LRQ-817434,2025-07-17,1,-1.1863116427678735,0.2793190709996256,8
LRQ-870563,2025-07-13,1,-1.191886513563543,0.2314784716205618,8
LRQ-541728,2025-05-08,0,-1.19373265842695,0.27290821438332397,8
LRQ-938060,2025-08-20,0,-1.1956233035240134,0.2592804481240116,8
LRQ-648450,2025-09-19,1,-1.1995813463652896,0.3035170051574159,8
LRQ-843841,2025-04-28,1,-1.2012948220741722,0.23191605474905524,8
LRQ-104191,2025-04-28,1,-1.2012948220741722,0.23191605474905524,8
LRQ-712438,2025-02-07,0,-1.2055058982034668,0.2965268529273128,8
LRQ-620976,2025-06-16,0,-1.2057221986678188,0.2605432382727316,8
LRQ-785404,2024-11-25,0,-1.206530314566817,0.2930560039765874,8
LRQ-210894,2025-11-29,0,-1.2102527369011655,0.23242310601733185,8
LRQ-250575,2025-11-29,0,-1.2102527369011655,0.23242310601733185,8
LRQ-534920,2025-03-23,0,-1.2149088230965335,0.2252875506239821,8
LRQ-815593,2024-10-11,0,-1.2158194906320832,0.24668123689563048,8
LRQ-274914,2025-01-25,0,-1.2181225085322014,0.24946866775147086,8
LRQ-422020,2025-01-25,0,-1.2181225085322014,0.24946866775147086,8
LRQ-841558,2025-07-22,0,-1.2211889964566014,0.1835855603322439,8
LRQ-540326,2025-07-22,0,-1.2211889964566014,0.1835855603322439,8
LRQ-390007,2025-08-05,0,-1.2232994942887219,0.27650515359980465,8
LRQ-339328,2025-08-02,0,-1.2277262758432217,0.29689812367349777,8
LRQ-415464,2024-10-25,0,-1.229980195551616,0.27189625773343024,9
LRQ-700465,2024-12-10,0,-1.2302900070354896,0.2744759997562051,9
LRQ-746515,2024-12-10,0,-1.2302900070354896,0.2744759997562051,9
LRQ-162035,2025-05-22,0,-1.2308968318908855,0.2508513466322977,9
LRQ-412531,2025-05-22,0,-1.2308968318908855,0.2508513466322977,9
LRQ-297560,2024-12-28,0,-1.2358949698806443,0.24656146079087773,9
LRQ-893222,2025-09-01,0,-1.236888567130177,0.20436068482010086,9
LRQ-422178,2025-09-01,0,-1.236888567130177,0.20436068482010086,9
LRQ-487349,2025-11-03,0,-1.2459098714322865,0.21578730435393534,9
LRQ-684000,2025-11-03,0,-1.2459098714322865,0.21578730435393534,9
LRQ-774237,2025-01-19,0,-1.248894279028332,0.26308628172611204,9
LRQ-876018,2025-01-19,0,-1.248894279028332,0.26308628172611204,9
LRQ-670736,2025-01-13,0,-1.249338907945071,0.23522856281684515,9
LRQ-169621,2025-01-13,0,-1.249338907945071,0.23522856281684515,9
LRQ-420765,2024-12-13,0,-1.2520893057442324,0.3036194591052098,9
LRQ-636420,2025-10-15,0,-1.2526221105140225,0.2075082213547215,9
LRQ-828801,2025-10-15,0,-1.2526221105140225,0.2075082213547215,9
LRQ-387742,2024-11-07,0,-1.2577846872064609,0.24930895541405132,9
LRQ-252074,2024-12-18,0,-1.2600886466506838,0.252778446671294,9
LRQ-696192,2024-12-18,0,-1.2600886466506838,0.252778446671294,9
LRQ-878304,2025-09-23,0,-1.2623324477388538,0.2464907679907133,9
LRQ-767590,2025-09-23,0,-1.2623324477388538,0.2464907679907133,9
LRQ-786379,2025-09-23,0,-1.2623324477388538,0.2464907679907133,9
LRQ-487779,2025-09-23,0,-1.2623324477388538,0.2464907679907133,9
LRQ-389134,2025-06-24,0,-1.2631820977864097,0.2106308283332387,9
LRQ-331145,2025-01-03,0,-1.266645322877321,0.19445766891075802,9
LRQ-109649,2025-01-12,0,-1.2690289614758514,0.2569851311020404,9
LRQ-781822,2025-01-12,0,-1.2690289614758514,0.2569851311020404,9
LRQ-869885,2025-03-25,0,-1.2705049820385144,0.25804379506393893,9
LRQ-729401,2025-05-11,0,-1.2750038928041052,0.30219328123539063,9
LRQ-939628,2025-09-02,0,-1.2755519893959049,0.2484262955333725,9
LRQ-612299,2025-08-27,0,-1.278509205961483,0.24015342391184366,9
LRQ-838235,2025-08-27,0,-1.278509205961483,0.24015342391184366,9
LRQ-331545,2025-07-17,0,-1.2923220041647552,0.22356892905741577,9
LRQ-209189,2025-07-17,0,-1.2923220041647552,0.22356892905741577,9
LRQ-450946,2025-09-27,0,-1.294986300454707,0.21433102480273555,9
LRQ-932935,2025-09-13,1,-1.2987333552309055,0.2633026827430611,9
LRQ-378726,2025-09-13,1,-1.2987333552309055,0.2633026827430611,9
LRQ-961716,2025-05-03,0,-1.310192356417093,0.2163220539771031,9
LRQ-462135,2025-02-14,0,-1.3127303438364892,0.2068167198378854,9
LRQ-151446,2024-11-05,0,-1.3130773061195393,0.3110890924208672,9
LRQ-552340,2025-01-02,0,-1.3195565750831522,0.21318789249158404,9
LRQ-252614,2025-05-13,0,-1.321467638593174,0.20634472511883103,9
LRQ-131747,2025-01-07,0,-1.322561241270205,0.2240064432233849,9
LRQ-707366,2025-01-07,0,-1.322561241270205,0.2240064432233849,9
LRQ-975620,2024-12-08,0,-1.3269101213556214,0.3058010806180806,9
LRQ-914911,2024-10-23,0,-1.3275296092057944,0.16685256045139624,9
LRQ-617542,2024-10-23,0,-1.3275296092057944,0.16685256045139624,9
LRQ-115404,2025-11-07,0,-1.3380256857827932,0.23211984889577297,9
LRQ-702410,2025-10-04,0,-1.3404591807880992,0.22980157508916926,9
LRQ-797901,2025-10-04,0,-1.3404591807880992,0.22980157508916926,9
LRQ-896703,2025-03-11,0,-1.3484722398566307,0.32670787919916466,9
LRQ-913831,2025-06-28,0,-1.3491242670871886,0.2227025579183894,9
LRQ-121782,2025-06-28,0,-1.3491242670871886,0.2227025579183894,9
LRQ-333737,2025-05-11,0,-1.3492133488974476,0.2941900316283928,9
LRQ-688053,2025-05-11,0,-1.3492133488974476,0.2941900316283928,9
LRQ-582079,2025-01-30,0,-1.354308082875531,0.34312386179673265,9
LRQ-657740,2025-10-16,0,-1.3548807769174802,0.20830915767017985,9
LRQ-124818,2025-01-02,1,-1.356422163487605,0.2292124344010081,9
LRQ-497713,2025-01-02,1,-1.356422163487605,0.2292124344010081,9
LRQ-271367,2025-03-16,0,-1.3588139890657773,0.24702690478861586,9
LRQ-647839,2024-12-15,0,-1.3606784570569177,0.16857433102492222,9
LRQ-426554,2024-12-15,0,-1.3606784570569177,0.16857433102492222,9
LRQ-361500,2024-11-23,0,-1.361246994644671,0.2775641986806385,9
LRQ-856636,2024-11-23,0,-1.361246994644671,0.2775641986806385,9
LRQ-714084,2025-12-14,1,-1.3612712914448766,0.24428799676878457,9
LRQ-108051,2025-07-19,0,-1.3691498084334173,0.25866863854291045,9
LRQ-458034,2025-09-20,0,-1.3721816025670934,0.19128032182822557,9
LRQ-725272,2025-06-18,0,-1.3869833733755117,0.20799279419373354,9
LRQ-361620,2025-03-16,0,-1.3872998430788028,0.1991720802879995,9
LRQ-646600,2025-03-16,0,-1.3872998430788028,0.1991720802879995,9
LRQ-752883,2025-03-16,0,-1.3872998430788028,0.1991720802879995,9
LRQ-362652,2024-11-25,0,-1.390817840066359,0.1945408747671011,9
LRQ-685971,2025-11-04,1,-1.3930325356643154,0.2416350730722731,9
LRQ-187269,2025-11-04,1,-1.3930325356643154,0.2416350730722731,9
LRQ-814962,2025-10-27,1,-1.3933810855155686,0.23155014363882404,9
LRQ-907105,2024-12-15,0,-1.399767776975854,0.21376686760265257,9
LRQ-866543,2025-04-30,0,-1.4025033503607007,0.26791374046737604,9
LRQ-186245,2025-11-16,0,-1.4045184148245768,0.2652931017799771,9
LRQ-636147,2025-09-28,1,-1.4061270171271874,0.25618423835660725,9
LRQ-316920,2024-11-05,1,-1.407413914156348,0.22954723779635006,9
LRQ-532986,2024-12-31,0,-1.4083292288557319,0.22124406805145155,9
LRQ-629590,2025-01-07,0,-1.4120872859341036,0.22976589998880237,9
LRQ-929170,2025-01-07,0,-1.4120872859341036,0.22976589998880237,9
LRQ-546478,2024-12-01,0,-1.4194724791141171,0.21660638683789804,9
LRQ-951627,2025-01-27,0,-1.4233880142634634,0.2221765995541065,9
LRQ-342350,2025-07-08,0,-1.4305774029968221,0.2817926413434315,9
LRQ-527190,2025-07-08,0,-1.4305774029968221,0.2817926413434315,9
LRQ-113855,2025-07-08,0,-1.4305774029968221,0.2817926413434315,9
LRQ-194551,2025-03-24,1,-1.4372995505282917,0.3788754352028894,9
LRQ-116101,2024-10-26,0,-1.4390866686217807,0.19189234542082964,9
LRQ-661039,2025-07-17,1,-1.4392726661663149,0.23421237041988086,9
LRQ-837365,2025-07-17,1,-1.4392726661663149,0.23421237041988086,9
LRQ-879441,2024-12-11,0,-1.4458100976308232,0.24643961202910575,9
LRQ-902887,2024-12-11,0,-1.4458100976308232,0.24643961202910575,9
LRQ-379047,2025-05-21,0,-1.452812834437009,0.22516423752372514,9
LRQ-557392,2025-01-14,1,-1.455273594216675,0.203477559508039,9
LRQ-968346,2024-12-10,0,-1.4623348269750354,0.25785347057078045,9
LRQ-718031,2024-12-10,0,-1.4623348269750354,0.25785347057078045,9
LRQ-924308,2025-02-08,0,-1.4627482688341162,0.22465337135338506,9
LRQ-375239,2025-03-03,0,-1.4649890474758651,0.17128152919444295,9
LRQ-389290,2025-03-25,0,-1.466963472353723,0.2551929197099866,9
LRQ-389162,2025-03-25,0,-1.466963472353723,0.2551929197099866,9
LRQ-538577,2025-10-20,0,-1.467726104508897,0.19982924204925642,9
LRQ-499907,2024-12-02,0,-1.4678533515273786,0.2777688417014337,9
LRQ-710782,2025-08-13,0,-1.471671837994717,0.1964422213934233,9
LRQ-888395,2024-11-18,1,-1.4782422602503518,0.25697484047792635,9
LRQ-485502,2024-12-27,0,-1.4885483553038172,0.21024091658773197,9
LRQ-585655,2024-12-27,0,-1.4885483553038172,0.21024091658773197,9
LRQ-517961,2024-11-20,0,-1.493211000235772,0.241534013858407,9
LRQ-182067,2025-02-14,0,-1.4933189313377513,0.2655526991076105,9
LRQ-753844,2025-02-14,0,-1.4933189313377513,0.2655526991076105,9
LRQ-113466,2024-10-22,0,-1.4961154717523728,0.2284573139971092,9
LRQ-420287,2025-05-18,0,-1.50573307647569,0.3173315185967986,9
LRQ-762960,2025-01-14,1,-1.506956078227529,0.23862197476499755,9
LRQ-606604,2025-09-14,0,-1.5147933296833402,0.170898353476327,9
LRQ-859083,2025-07-19,0,-1.5219260354236441,0.24713562261180108,9
LRQ-211310,2025-07-19,0,-1.5219260354236441,0.24713562261180108,9
LRQ-516233,2025-09-26,1,-1.528944155088607,0.16568928436567976,9
LRQ-437822,2025-09-26,1,-1.528944155088607,0.16568928436567976,9
LRQ-647919,2025-03-07,0,-1.5299191288061538,0.1999595668198923,9
LRQ-855344,2025-03-07,0,-1.5299191288061538,0.1999595668198923,9
LRQ-940407,2025-11-01,1,-1.5312743995167581,0.18704975213829725,9
LRQ-554839,2025-11-01,1,-1.5312743995167581,0.18704975213829725,9
LRQ-111882,2024-10-04,0,-1.5333345334425532,0.17301842849758772,9
LRQ-305529,2025-09-03,0,-1.5372458744807433,0.22701787980039093,9
LRQ-291899,2025-06-29,0,-1.5409129137455695,0.18607132510249422,9
LRQ-283086,2025-04-16,1,-1.5415014406593857,0.20532942766571138,9
LRQ-499093,2025-04-16,1,-1.5415014406593857,0.20532942766571138,9
LRQ-943264,2025-04-16,1,-1.5415014406593857,0.20532942766571138,9
LRQ-492541,2024-11-28,0,-1.5435572097528736,0.21138924348081978,9
LRQ-685995,2025-04-07,0,-1.5452293283755099,0.167774520162216,9
LRQ-368276,2025-08-01,0,-1.5480525716774425,0.12520392066907032,9
LRQ-183237,2025-04-02,0,-1.5482744594119255,0.17021223976933292,9
LRQ-148558,2025-04-02,0,-1.5482744594119255,0.17021223976933292,9
LRQ-242957,2025-07-17,1,-1.549819497996464,0.2800531994026526,9
LRQ-698708,2025-07-17,1,-1.549819497996464,0.2800531994026526,9
LRQ-823032,2024-11-19,0,-1.5528521544266356,0.22885441470310128,9
LRQ-834003,2025-09-28,0,-1.5550779017321803,0.20691546295243293,9
LRQ-156904,2025-03-11,0,-1.5567610093092528,0.19940218695728387,9
LRQ-496676,2025-03-11,0,-1.5567610093092528,0.19940218695728387,9
LRQ-699626,2025-02-08,0,-1.55814008717432,0.14062104584740112,9
LRQ-251458,2025-02-08,0,-1.55814008717432,0.14062104584740112,9
LRQ-205672,2024-11-17,0,-1.5651951439146758,0.1905839740325759,9
LRQ-295261,2025-09-20,0,-1.571697467273549,0.16747216813739016,9
LRQ-423750,2025-02-15,0,-1.5815288533033938,0.13379614093468584,9
LRQ-359454,2025-09-09,0,-1.5815734511716757,0.23216884263122559,9
LRQ-160064,2025-09-09,0,-1.5815734511716757,0.23216884263122559,9
LRQ-734532,2025-11-01,1,-1.5858959678399573,0.16252772401508872,9
LRQ-483860,2024-11-22,0,-1.5876391251894804,0.12745898209250706,9
LRQ-926892,2025-04-24,1,-1.5881979925910743,0.23356664495330087,9
LRQ-564978,2025-01-16,0,-1.5992186339313834,0.20053108775707654,9
LRQ-498757,2025-02-24,1,-1.6017461929314836,0.21589569250975243,9
LRQ-653094,2025-04-07,0,-1.6133940877520674,0.18109346649737681,9
LRQ-359292,2025-11-18,0,-1.614944664093696,0.1560493349074488,9
LRQ-231876,2025-10-17,0,-1.6197268762369506,0.18944047438976294,9
LRQ-324565,2025-04-11,1,-1.635894871522166,0.21654537657735598,9
LRQ-558514,2025-04-11,1,-1.635894871522166,0.21654537657735598,9
LRQ-181858,2025-05-14,0,-1.6362446078357076,0.16736215464543883,9
LRQ-329552,2024-11-06,0,-1.6412240151502688,0.1834383400195358,9
LRQ-305730,2024-11-06,0,-1.6412240151502688,0.1834383400195358,9
LRQ-533176,2025-10-01,0,-1.6441678780288784,0.21416787496841075,9
LRQ-734222,2025-08-20,0,-1.644362651825145,0.14315641213453079,9
LRQ-716542,2024-11-16,0,-1.651184864676459,0.1596592751693841,9
LRQ-124872,2024-11-16,0,-1.651184864676459,0.1596592751693841,9
LRQ-601710,2024-12-15,0,-1.6567833244610997,0.13049406232569424,9
LRQ-951227,2025-12-05,0,-1.6699876110160519,0.20250364343218485,9
LRQ-774502,2025-11-08,0,-1.6719468176869556,0.2637527800293291,9
LRQ-667313,2025-07-22,0,-1.675192070440949,0.14379128827960513,9
LRQ-540423,2025-07-22,0,-1.675192070440949,0.14379128827960513,9
LRQ-829603,2025-07-22,0,-1.675192070440949,0.14379128827960513,9
LRQ-397263,2025-01-06,0,-1.6755807162929814,0.261759196121922,9
LRQ-381608,2025-05-12,0,-1.675615895338308,0.13422289413820584,9
LRQ-243561,2025-05-12,0,-1.675615895338308,0.13422289413820584,9
LRQ-860483,2025-05-12,0,-1.675615895338308,0.13422289413820584,9
LRQ-898873,2025-02-12,0,-1.6859775289699828,0.19166295411587397,9
LRQ-419835,2025-02-12,0,-1.6859775289699828,0.19166295411587397,9
LRQ-848321,2025-02-12,0,-1.6859775289699828,0.19166295411587397,9
LRQ-803731,2025-02-12,0,-1.6859775289699828,0.19166295411587397,9
LRQ-770544,2025-12-08,0,-1.6865529925370994,0.16781075401583972,9
LRQ-688633,2025-06-23,0,-1.6918324510369986,0.17232109572628912,9
LRQ-696218,2025-09-26,0,-1.7004632878720942,0.23018640478395602,9
LRQ-964783,2025-09-28,0,-1.708352583511311,0.1782231163915837,9
LRQ-332660,2024-11-23,0,-1.7098068748433919,0.18082733797042935,9
LRQ-542276,2024-10-16,0,-1.7141687061004633,0.1732523426854285,9
LRQ-638482,2024-10-16,0,-1.7141687061004633,0.1732523426854285,9
LRQ-395418,2025-02-07,1,-1.7192639416089834,0.2455909071497501,9
LRQ-824279,2025-06-23,0,-1.7192832490738228,0.22434865937722234,9
LRQ-831259,2024-12-28,0,-1.722304754170307,0.24535804917144927,9
LRQ-137133,2025-04-29,0,-1.7226956754793834,0.14893784124761345,9
LRQ-197118,2025-04-29,0,-1.7226956754793834,0.14893784124761345,9
LRQ-400333,2024-12-31,0,-1.7273639350115788,0.14056089325756516,9
LRQ-255118,2024-12-31,0,-1.7273639350115788,0.14056089325756516,9
LRQ-216160,2024-12-31,0,-1.7273639350115788,0.14056089325756516,9
LRQ-535501,2025-10-27,0,-1.733863803247016,0.17592482663703765,9
LRQ-688361,2025-11-07,0,-1.7441186337202454,0.18006659901925695,10
LRQ-244255,2025-11-07,0,-1.7441186337202454,0.18006659901925695,10
LRQ-472923,2025-11-07,0,-1.7441186337202454,0.18006659901925695,10
LRQ-870015,2024-12-07,0,-1.7455944292194774,0.17436121485829464,10
LRQ-220134,2025-02-09,0,-1.7462822364549426,0.19525827026588413,10
LRQ-569937,2025-05-27,0,-1.7488197812658486,0.16184865341762114,10
LRQ-218345,2024-12-27,0,-1.759091874193996,0.1561977664898088,10
LRQ-103102,2024-12-27,0,-1.759091874193996,0.1561977664898088,10
LRQ-361861,2025-07-15,0,-1.759183206614705,0.2668217334214821,10
LRQ-800168,2025-06-25,1,-1.761644940850613,0.24408824901558457,10
LRQ-942600,2024-12-24,0,-1.771642651801213,0.16572230995866988,10
LRQ-821688,2025-02-16,0,-1.7794233861866369,0.16822462861656343,10
LRQ-986263,2025-02-16,0,-1.7794233861866369,0.16822462861656343,10
LRQ-984805,2025-05-26,1,-1.781722546512424,0.21219627583642436,10
LRQ-512070,2025-05-09,1,-1.7841940796745464,0.16896520763403325,10
LRQ-665428,2025-04-04,0,-1.7845600810255808,0.19719459642710127,10
LRQ-237376,2025-04-04,0,-1.7845600810255808,0.19719459642710127,10
LRQ-816028,2025-04-04,0,-1.7845600810255808,0.19719459642710127,10
LRQ-850395,2024-12-19,0,-1.7989428880509424,0.18360396037763027,10
LRQ-409618,2025-02-18,0,-1.8070667992588314,0.18471319150394494,10
LRQ-237253,2025-02-18,0,-1.8070667992588314,0.18471319150394494,10
LRQ-797731,2025-11-24,1,-1.807801012338854,0.2562838596809328,10
LRQ-469619,2025-04-06,0,-1.8144583187763148,0.1999762480470935,10
LRQ-434746,2024-11-10,0,-1.8153326619949377,0.14370524172157778,10
LRQ-848005,2024-11-10,0,-1.8153326619949377,0.14370524172157778,10
LRQ-390160,2025-04-14,0,-1.8211593946697464,0.1270042950100695,10
LRQ-702646,2025-04-14,0,-1.8211593946697464,0.1270042950100695,10
LRQ-618424,2025-08-16,0,-1.8470966947965168,0.1448252349835238,10
LRQ-819265,2024-11-16,0,-1.8510624009851258,0.18481335003902116,10
LRQ-440622,2025-01-27,0,-1.8541779756371968,0.2163667986373943,10
LRQ-858392,2025-07-13,0,-1.8564215746059576,0.19678118962508215,10
LRQ-127729,2024-10-08,0,-1.8573935501922394,0.20763612924335992,10
LRQ-752307,2024-10-08,0,-1.8573935501922394,0.20763612924335992,10
LRQ-840855,2025-01-29,0,-1.8598264756953826,0.14534255140024924,10
LRQ-793278,2025-01-29,0,-1.8598264756953826,0.14534255140024924,10
LRQ-925508,2025-10-11,0,-1.8696782197432187,0.15127775328456738,10
LRQ-997578,2024-11-08,1,-1.8761654159841514,0.16426262890793172,10
LRQ-976459,2025-07-26,0,-1.8801568450894424,0.12272178319904019,10
LRQ-371420,2025-05-26,1,-1.9217449394618145,0.17207527188017416,10
LRQ-328749,2025-05-26,1,-1.9217449394618145,0.17207527188017416,10
LRQ-348889,2025-03-12,0,-1.9265460464951163,0.18806924683203582,10
LRQ-614481,2025-03-12,0,-1.9265460464951163,0.18806924683203582,10
LRQ-597757,2025-09-18,1,-1.9553196141507216,0.16341100142296713,10
LRQ-343328,2025-11-14,0,-1.95739076434013,0.15876149509197868,10
LRQ-357393,2025-11-03,0,-1.9711416760911904,0.1405060124903794,10
LRQ-232379,2025-10-12,0,-1.9755050407568833,0.22899752113970576,10
LRQ-729211,2025-06-22,0,-2.0008830522474286,0.14493645376994369,10
LRQ-125589,2025-06-22,0,-2.0008830522474286,0.14493645376994369,10
LRQ-550067,2024-12-16,1,-2.0118303874068433,0.1543410044921156,10
LRQ-920028,2025-03-06,0,-2.0118440521568006,0.2963947660013027,10
LRQ-781870,2025-03-06,0,-2.0118440521568006,0.2963947660013027,10
LRQ-884107,2025-08-23,0,-2.0152848164821195,0.15165810841922484,10
LRQ-412730,2025-09-23,1,-2.0299521701233667,0.15326929305345455,10
LRQ-728113,2025-02-28,0,-2.032520888031354,0.1372391840652825,10
LRQ-781213,2024-11-06,0,-2.0369462895024073,0.15896240011495424,10
LRQ-241182,2025-01-02,0,-2.037294012993141,0.12992189838993845,10
LRQ-475238,2025-02-05,0,-2.0390154548318664,0.22648257572266184,10
LRQ-422330,2025-02-05,0,-2.0390154548318664,0.22648257572266184,10
LRQ-618148,2025-01-15,0,-2.0441844310000024,0.14998026476631113,10
LRQ-839733,2025-01-15,0,-2.0441844310000024,0.14998026476631113,10
LRQ-609142,2025-01-15,0,-2.0441844310000024,0.14998026476631113,10
LRQ-511638,2025-06-11,0,-2.044948007616438,0.22811450051674237,10
LRQ-664408,2025-06-11,0,-2.044948007616438,0.22811450051674237,10
LRQ-113978,2025-06-11,0,-2.044948007616438,0.22811450051674237,10
LRQ-703904,2025-06-11,0,-2.044948007616438,0.22811450051674237,10
LRQ-528186,2025-04-20,0,-2.045631672858076,0.17421977941427852,10
LRQ-396412,2025-04-12,0,-2.049570100470743,0.1598073723097215,10
LRQ-951590,2025-04-12,0,-2.049570100470743,0.1598073723097215,10
LRQ-899388,2025-04-12,0,-2.049570100470743,0.1598073723097215,10
LRQ-139943,2025-02-06,0,-2.05284761798971,0.11318879906475872,10
LRQ-821156,2024-12-21,0,-2.0564902178137006,0.17487350426021767,10
LRQ-695880,2025-02-22,0,-2.0683656214528243,0.07969250858114307,10
LRQ-595264,2025-02-22,0,-2.0683656214528243,0.07969250858114307,10
LRQ-317505,2025-06-20,0,-2.0941208755290974,0.11976079706181257,10
LRQ-201201,2025-11-12,0,-2.0955418075682646,0.12682070077536103,10
LRQ-293327,2025-06-16,0,-2.096818398669467,0.15818719899433625,10
LRQ-348754,2025-11-03,0,-2.0971047463625156,0.13988551939445287,10
LRQ-587755,2025-11-21,0,-2.1006057015174067,0.16380480798696423,10
LRQ-524232,2024-12-11,0,-2.115755934071456,0.11748255965241047,10
LRQ-466685,2024-12-11,0,-2.115755934071456,0.11748255965241047,10
LRQ-265683,2025-10-07,0,-2.119286099628778,0.1249612122920069,10
LRQ-527218,2025-10-07,0,-2.119286099628778,0.1249612122920069,10
LRQ-386062,2025-10-25,0,-2.1226120849624524,0.16600648893890865,10
LRQ-392350,2025-03-31,0,-2.13668723574865,0.1565684405848487,10
LRQ-818807,2024-10-14,1,-2.141413561807167,0.11849216738348678,10
LRQ-502266,2025-02-16,0,-2.1482064672968137,0.19948224528303699,10
LRQ-538652,2025-08-13,1,-2.1517077421862725,0.16272704591187281,10
LRQ-454711,2025-08-13,1,-2.1517077421862725,0.16272704591187281,10
LRQ-667662,2025-08-13,1,-2.1517077421862725,0.16272704591187281,10
LRQ-734534,2024-12-30,0,-2.1667312640859793,0.1032160348580107,10
LRQ-535998,2025-09-15,0,-2.1854482230913534,0.06941294889979684,10
LRQ-482934,2025-08-23,0,-2.1858574469809584,0.12031325080242353,10
LRQ-726133,2025-11-12,0,-2.20200662909856,0.10188532131844259,10
LRQ-106666,2025-11-12,0,-2.20200662909856,0.10188532131844259,10
LRQ-231542,2025-04-27,0,-2.2146506273291893,0.16877999891491233,10
LRQ-544688,2025-01-17,0,-2.214838530192492,0.12866244760271184,10
LRQ-151383,2025-01-17,0,-2.214838530192492,0.12866244760271184,10
LRQ-896513,2024-11-10,0,-2.217349070618053,0.13790077852292526,10
LRQ-662263,2025-04-14,0,-2.2339587232363955,0.11912018181588283,10
LRQ-717229,2025-04-14,0,-2.2339587232363955,0.11912018181588283,10
LRQ-584393,2025-09-08,0,-2.2373426990219487,0.09777693498310873,10
LRQ-653063,2025-09-08,0,-2.2373426990219487,0.09777693498310873,10
LRQ-451590,2025-10-16,0,-2.2407721063727424,3.099109111607797e-09,10
LRQ-136260,2025-08-18,0,-2.248577226880184,0.1290882742542314,10
LRQ-163250,2025-07-22,0,-2.2510639880433816,0.1083688893199626,10
LRQ-977189,2024-10-22,0,-2.2554572365404058,0.11093476829966448,10
LRQ-591265,2024-10-22,0,-2.2554572365404058,0.11093476829966448,10
LRQ-925121,2024-10-22,0,-2.2554572365404058,0.11093476829966448,10
LRQ-469670,2025-05-27,0,-2.2905982586319,0.12344728542607715,10
LRQ-607273,2025-07-15,1,-2.290848353737272,0.12209387415149563,10
LRQ-712638,2025-04-13,0,-2.301474137463278,0.06532224748145422,10
LRQ-646828,2024-12-18,0,-2.308899041012247,0.11451398425409694,10
LRQ-248004,2025-04-27,1,-2.3112949043744395,0.11799192414961546,10
LRQ-507423,2024-11-26,0,-2.3149034377737054,0.10996108903188082,10
LRQ-741679,2025-07-02,0,-2.3393067517724377,0.13045538949157315,10
LRQ-858593,2025-07-02,0,-2.3393067517724377,0.13045538949157315,10
LRQ-925481,2025-07-18,0,-2.3455497067597664,0.14747297579858934,10
LRQ-476474,2025-02-22,0,-2.3647992260470945,0.10254919504370631,10
LRQ-574631,2025-02-22,0,-2.3669575733709225,0.1422345559264547,10
LRQ-782902,2025-02-22,0,-2.3669575733709225,0.1422345559264547,10
LRQ-124563,2025-02-22,0,-2.3669575733709225,0.1422345559264547,10
LRQ-954225,2025-02-02,0,-2.3856110175825735,0.128668452453815,10
LRQ-603919,2025-04-27,0,-2.3868823405505113,0.11318243796437426,10
LRQ-337160,2025-04-27,0,-2.3868823405505113,0.11318243796437426,10
LRQ-613974,2025-01-27,0,-2.3928851095867403,0.13935343331019318,10
LRQ-447858,2025-09-23,0,-2.394628777601395,0.1055431177361872,10
LRQ-318274,2025-09-23,0,-2.394628777601395,0.1055431177361872,10
LRQ-451722,2025-05-08,0,-2.3985687800103053,0.16264410262391085,10
LRQ-118971,2025-11-17,0,-2.4044194804522023,0.13500389345928274,10
LRQ-294553,2025-02-21,1,-2.429253303307317,0.09564263207732533,10
LRQ-370085,2025-02-03,0,-2.4358359534542524,0.12832425189536253,10
LRQ-504561,2025-02-26,1,-2.4475500374384866,0.11841462210297339,10
LRQ-697482,2025-03-22,0,-2.458863643150676,0.09565619668324177,10
LRQ-405164,2025-01-04,0,-2.490058764003561,0.07554282810755977,10
LRQ-259261,2025-01-04,0,-2.490058764003561,0.07554282810755977,10
LRQ-158152,2025-01-04,0,-2.490058764003561,0.07554282810755977,10
LRQ-309825,2025-04-30,0,-2.4904107781832083,0.32820848059395497,10
LRQ-736577,2025-09-07,0,-2.4916732929139984,0.11627909417924776,10
LRQ-613110,2025-02-28,0,-2.5094053944955705,0.11783262388347125,10
LRQ-915553,2025-02-28,0,-2.5094053944955705,0.11783262388347125,10
LRQ-663024,2025-08-11,0,-2.5172629564398905,0.10447153409088811,10
LRQ-444496,2025-11-24,0,-2.5576763735816543,0.10413109114535864,10
LRQ-698201,2025-11-24,0,-2.5576763735816543,0.10413109114535864,10
LRQ-531528,2025-06-17,0,-2.559016232224292,0.12216302630487609,10
LRQ-664872,2025-10-26,0,-2.566620237556106,0.07295322256227867,10
LRQ-936761,2025-10-26,0,-2.566620237556106,0.07295322256227867,10
LRQ-275228,2025-11-01,0,-2.570290643452421,0.12313073129756298,10
LRQ-405213,2025-10-18,0,-2.63759656078214,0.07607901551280902,10
LRQ-411669,2025-09-03,0,-2.6506252809360946,0.10476831689152052,10
LRQ-373286,2025-06-21,0,-2.671226493619554,0.07583719924743472,10
LRQ-472210,2025-06-21,0,-2.671226493619554,0.07583719924743472,10
LRQ-960137,2024-12-31,0,-2.7184129078250523,0.1033118820138074,10
LRQ-151012,2025-09-21,0,-2.727957451517807,0.10491579191421416,10
LRQ-988392,2025-09-21,0,-2.727957451517807,0.10491579191421416,10
LRQ-156831,2025-01-28,0,-2.7809847920505435,0.09249256090626069,10
LRQ-109795,2025-09-28,0,-2.7814680737485107,0.05927128194012967,10
LRQ-838538,2025-08-20,0,-2.859666575097333,0.06264593114281077,10
LRQ-719484,2024-11-06,0,-2.869279672255698,0.09145613770568214,10
LRQ-842761,2025-02-24,1,-2.9307089017680967,0.07065453668934167,10
LRQ-434311,2025-02-18,1,-2.9683791491015707,0.12219318214216537,10
LRQ-459785,2025-02-18,1,-2.9683791491015707,0.12219318214216537,10
LRQ-625268,2025-02-16,1,-3.0346482899916483,0.05320978854528634,10
LRQ-707507,2024-11-19,0,-3.098266701818898,0.05361842780883195,10
LRQ-527403,2024-12-28,0,-3.150264509793243,0.06794558330887686,10
LRQ-883111,2025-03-30,1,-3.2265594578656875,0.06195618560083837,10
LRQ-230308,2025-05-11,1,-3.2273185103191055,0.05995723363423053,10
LRQ-516283,2025-04-12,0,-3.2513358305560134,0.045408350079746224,10
LRQ-648238,2025-04-12,0,-3.2513358305560134,0.045408350079746224,10
LRQ-899220,2025-04-12,0,-3.2513358305560134,0.045408350079746224,10
LRQ-169520,2025-06-11,0,-3.2765275317670275,0.051610718470431124,10
LRQ-755546,2025-07-24,0,-3.2778308363411925,0.041771371943989805,10
LRQ-635824,2025-03-28,0,-3.2882441283844743,0.06728809387889705,10
LRQ-133599,2025-03-28,0,-3.2882441283844743,0.06728809387889705,10
LRQ-680566,2025-03-28,0,-3.2882441283844743,0.06728809387889705,10
LRQ-571767,2025-07-02,0,-3.314766451105865,0.06867132860735452,10
LRQ-597323,2025-03-31,0,-3.351761713241996,0.06454555121087367,10
LRQ-871682,2025-03-31,0,-3.351761713241996,0.06454555121087367,10
LRQ-324012,2025-10-01,0,-3.4428078052914772,0.05526553237238266,10
LRQ-107622,2025-06-26,0,-3.5627373199334444,0.04026184871550348,10
LRQ-453273,2025-06-26,0,-3.5627373199334444,0.04026184871550348,10
LRQ-676008,2025-05-22,0,-3.574748584679136,0.0694521023433951,10
LRQ-633703,2025-05-22,0,-3.574748584679136,0.0694521023433951,10
LRQ-912577,2025-03-28,0,-3.664616404310391,0.04681362786583818,10
LRQ-990232,2025-06-07,0,-3.7752398094799675,0.040940164162829154,10
LRQ-745089,2024-11-27,0,-3.813694218927208,0.07022660378993792,10
LRQ-688898,2025-05-09,0,-3.8377473936223057,0.02556905745628157,10
LRQ-598606,2025-07-15,0,-4.0798121795416025,0.024610067051370216,10
LRQ-664026,2025-07-15,0,-4.0798121795416025,0.024610067051370216,10
LRQ-325208,2025-02-17,0,-4.08190802086784,0.033729886858986084,10
LRQ-388493,2025-07-15,0,-4.275183745127106,0.04959440144704022,10
LRQ-986617,2025-10-08,0,-4.570717453863726,0.03875637139418161,10
LRQ-137995,2025-10-08,0,-4.570717453863726,0.03875637139418161,10
LRQ-240944,2025-10-08,0,-4.570717453863726,0.03875637139418161,10
LRQ-914880,2025-11-06,0,-4.6928601346433085,0.02158723497985402,10
LRQ-122475,2024-11-21,0,-4.8487497107100355,0.06088165754647754,10
LRQ-878464,2025-09-23,0,-6.169596837000012,0.002541198253253586,10
LRQ-767393,2025-09-23,0,-6.169596837000012,0.002541198253253586,10
LRQ-387923,2025-09-23,0,-6.169596837000012,0.002541198253253586,10
