loan_id,received_date,origination_year,loss_amount,loss_rank,positive_loss_loan_count,cumulative_positive_loss_loan_count,cumulative_positive_loss_loan_share,portfolio_positive_loss_amount,cumulative_positive_loss_amount,cumulative_positive_loss_share
LRQ-729818,2023-10-04,2023,440332.44,1,2232,1,0.00044802867383512545,68905381.05,440332.44,0.00639039264118546
LRQ-342473,2022-07-06,2022,435340.45,2,2232,2,0.0008960573476702509,68905381.05,875672.89,0.01270833825539087
LRQ-237478,2025-05-24,2025,336680.73,3,2232,3,0.0013440860215053765,68905381.05,1212353.62,0.017594469423516817
LRQ-371348,2024-12-28,2024,321281.48,4,2232,4,0.0017921146953405018,68905381.05,1533635.10,0.02225711659423441
LRQ-642522,2025-09-29,2025,253000.00,5,2232,5,0.002240143369175627,68905381.05,1786635.10,0.025928818225438143
LRQ-256468,2020-06-19,2020,240845.64,6,2232,6,0.002688172043010753,68905381.05,2027480.74,0.02942412782724173
LRQ-473258,2020-06-19,2020,240845.64,7,2232,7,0.0031362007168458782,68905381.05,2268326.38,0.032919437429045316
LRQ-713149,2020-06-19,2020,240845.64,8,2232,8,0.0035842293906810036,68905381.05,2509172.02,0.03641474703084891
LRQ-365972,2023-11-24,2023,220793.49,9,2232,9,0.004032258064516129,68905381.05,2729965.51,0.03961904670433573
LRQ-453809,2023-11-24,2023,220793.49,10,2232,10,0.004480286738351254,68905381.05,2950759.00,0.04282334637782255
LRQ-437577,2024-12-06,2024,215495.72,11,2232,11,0.00492831541218638,68905381.05,3166254.72,0.0459507613447847
LRQ-234548,2024-08-31,2024,210496.00,12,2232,12,0.005376344086021506,68905381.05,3376750.72,0.04900561710194621
LRQ-410811,2024-02-19,2024,202644.83,13,2232,13,0.005824372759856631,68905381.05,3579395.55,0.051946531540151754
LRQ-448258,2020-04-18,2020,200612.50,14,2232,14,0.0062724014336917565,68905381.05,3780008.05,0.05485795147489428
LRQ-255119,2022-05-22,2022,195976.34,15,2232,15,0.006720430107526882,68905381.05,3975984.39,0.05770208842056756
LRQ-287273,2025-01-12,2025,193464.96,16,2232,16,0.007168458781362007,68905381.05,4169449.35,0.060509778575558726
LRQ-104191,2025-04-28,2025,184012.27,17,2232,17,0.0076164874551971325,68905381.05,4353461.62,0.06318028510488878
LRQ-843841,2025-04-28,2025,184012.27,18,2232,18,0.008064516129032258,68905381.05,4537473.89,0.06585079163421882
LRQ-501293,2024-05-12,2024,178124.40,19,2232,19,0.008512544802867384,68905381.05,4715598.29,0.06843584953950414
LRQ-681068,2024-05-12,2024,178124.40,20,2232,20,0.008960573476702509,68905381.05,4893722.69,0.07102090744478948
LRQ-673927,2025-07-12,2025,175081.41,21,2232,21,0.009408602150537635,68905381.05,5068804.10,0.0735618034870442
LRQ-382825,2024-12-18,2024,175050.17,22,2232,22,0.00985663082437276,68905381.05,5243854.27,0.0761022461539671
LRQ-103089,2024-12-25,2024,167469.66,23,2232,23,0.010304659498207885,68905381.05,5411323.93,0.07853267549704668
LRQ-392910,2024-12-25,2024,167469.66,24,2232,24,0.010752688172043012,68905381.05,5578793.59,0.08096310484012627
LRQ-214427,2022-05-30,2022,166828.62,25,2232,25,0.011200716845878136,68905381.05,5745622.21,0.08338423099105698
LRQ-762355,2024-12-14,2024,166237.25,26,2232,26,0.011648745519713262,68905381.05,5911859.46,0.0857967747933962
LRQ-903275,2024-12-14,2024,166237.25,27,2232,27,0.012096774193548387,68905381.05,6078096.71,0.08820931859573543
LRQ-424937,2024-05-29,2024,162026.61,28,2232,28,0.012544802867383513,68905381.05,6240123.32,0.09056075483382006
LRQ-202356,2024-05-04,2024,160072.64,29,2232,29,0.012992831541218637,68905381.05,6400195.96,0.09288383378006151
LRQ-464748,2024-05-04,2024,160072.64,30,2232,30,0.013440860215053764,68905381.05,6560268.60,0.09520691272630297
LRQ-361922,2020-12-15,2020,158814.71,31,2232,31,0.013888888888888888,68905381.05,6719083.31,0.09751173576885691
LRQ-894514,2025-01-15,2025,158072.74,32,2232,32,0.014336917562724014,68905381.05,6877156.05,0.09980579085702626
LRQ-163322,2025-02-13,2025,157658.78,33,2232,33,0.01478494623655914,68905381.05,7034814.83,0.1020938382866689
LRQ-459306,2020-09-06,2020,157397.59,34,2232,34,0.015232974910394265,68905381.05,7192212.42,0.10437809515603862
LRQ-478071,2020-09-06,2020,157397.59,35,2232,35,0.01568100358422939,68905381.05,7349610.01,0.10666235202540833
LRQ-246620,2023-04-22,2023,154255.09,36,2232,36,0.016129032258064516,68905381.05,7503865.10,0.10890100287748136
LRQ-693599,2023-05-23,2023,152232.93,37,2232,37,0.016577060931899642,68905381.05,7656098.03,0.11111030681978938
LRQ-141709,2022-12-14,2022,151815.51,38,2232,38,0.017025089605734768,68905381.05,7807913.54,0.11331355288978552
LRQ-128543,2025-05-30,2025,149910.06,39,2232,39,0.01747311827956989,68905381.05,7957823.60,0.11548914582194303
LRQ-428684,2025-05-30,2025,149910.06,40,2232,40,0.017921146953405017,68905381.05,8107733.66,0.11766473875410055
LRQ-232836,2025-10-16,2025,148533.30,41,2232,41,0.018369175627240143,68905381.05,8256266.96,0.11982035124381625
LRQ-818071,2025-06-07,2025,148062.50,42,2232,42,0.01881720430107527,68905381.05,8404329.46,0.12196913117571391
LRQ-645722,2023-09-13,2023,146953.15,43,2232,43,0.019265232974910396,68905381.05,8551282.61,0.12410181149415471
LRQ-708099,2023-09-13,2023,146953.15,44,2232,44,0.01971326164874552,68905381.05,8698235.76,0.12623449181259552
LRQ-473840,2024-05-21,2024,146258.91,45,2232,45,0.020161290322580645,68905381.05,8844494.67,0.1283570968656591
LRQ-641578,2025-11-27,2025,143023.03,46,2232,46,0.02060931899641577,68905381.05,8987517.70,0.13043274070973299
LRQ-770281,2025-11-27,2025,143023.03,47,2232,47,0.021057347670250897,68905381.05,9130540.73,0.13250838455380692
LRQ-826662,2025-11-27,2025,143023.03,48,2232,48,0.021505376344086023,68905381.05,9273563.76,0.13458402839788083
LRQ-920226,2025-03-13,2025,138141.99,49,2232,49,0.021953405017921146,68905381.05,9411705.75,0.1365888353940102
LRQ-502971,2025-02-04,2025,124639.96,50,2232,50,0.022401433691756272,68905381.05,9536345.71,0.13839769209142194
LRQ-855235,2025-01-29,2025,124579.24,51,2232,51,0.0228494623655914,68905381.05,9660924.95,0.14020566758044217
LRQ-560467,2018-09-22,2018,123486.60,52,2232,52,0.023297491039426525,68905381.05,9784411.55,0.14199778596246512
LRQ-754697,2018-09-22,2018,123486.60,53,2232,53,0.023745519713261647,68905381.05,9907898.15,0.14378990434448807
LRQ-727964,2019-03-19,2019,123285.76,54,2232,54,0.024193548387096774,68905381.05,10031183.91,0.14557910800494733
LRQ-724229,2025-10-18,2025,121150.05,55,2232,55,0.0246415770609319,68905381.05,10152333.96,0.1473373168437039
LRQ-690978,2020-08-09,2020,119416.00,56,2232,56,0.025089605734767026,68905381.05,10271749.96,0.14907036001363208
LRQ-953632,2023-11-20,2023,118590.98,57,2232,57,0.025537634408602152,68905381.05,10390340.94,0.15079142995320538
LRQ-711030,2022-05-20,2022,116747.98,58,2232,58,0.025985663082437275,68905381.05,10507088.92,0.1524857530702241
LRQ-711858,2020-10-03,2020,116287.94,59,2232,59,0.0264336917562724,68905381.05,10623376.86,0.15417339978558903
LRQ-696969,2022-08-29,2022,115700.73,60,2232,60,0.026881720430107527,68905381.05,10739077.59,0.1558525245250059
LRQ-302249,2025-04-02,2025,114759.25,61,2232,61,0.027329749103942653,68905381.05,10853836.84,0.15751798589030516
LRQ-704644,2023-05-09,2023,113141.97,62,2232,62,0.027777777777777776,68905381.05,10966978.81,0.1591599762294617
LRQ-187769,2024-07-20,2024,112812.90,63,2232,63,0.028225806451612902,68905381.05,11079791.71,0.16079719088934638
LRQ-802330,2024-07-20,2024,112812.90,64,2232,64,0.02867383512544803,68905381.05,11192604.61,0.16243440554923105
LRQ-726620,2023-05-26,2023,112140.42,65,2232,65,0.029121863799283155,68905381.05,11304745.03,0.16406186073910406
LRQ-805686,2022-11-08,2022,111677.36,66,2232,66,0.02956989247311828,68905381.05,11416422.39,0.16568259569910615
LRQ-326091,2024-05-20,2024,111347.36,67,2232,67,0.030017921146953404,68905381.05,11527769.75,0.16729854148306753
LRQ-902188,2024-05-20,2024,111347.36,68,2232,68,0.03046594982078853,68905381.05,11639117.11,0.1689144872670289
LRQ-182841,2024-07-07,2024,111206.10,69,2232,69,0.030913978494623656,68905381.05,11750323.21,0.1705283829933918
LRQ-849792,2024-07-07,2024,111206.10,70,2232,70,0.03136200716845878,68905381.05,11861529.31,0.17214227871975465
LRQ-747346,2024-11-07,2024,111119.15,71,2232,71,0.03181003584229391,68905381.05,11972648.46,0.1737549125707941
LRQ-562203,2024-09-27,2024,109774.40,72,2232,72,0.03225806451612903,68905381.05,12082422.86,0.17534803052946762
LRQ-858470,2022-08-19,2022,108446.23,73,2232,73,0.03270609318996416,68905381.05,12190869.09,0.17692187321558975
LRQ-575087,2024-11-17,2024,108370.15,74,2232,74,0.033154121863799284,68905381.05,12299239.24,0.17849461177894466
LRQ-524529,2023-07-14,2023,107868.33,75,2232,75,0.033602150537634407,68905381.05,12407107.57,0.1800600676019337
LRQ-310422,2023-08-29,2023,107467.59,76,2232,76,0.034050179211469536,68905381.05,12514575.16,0.18161970762369076
LRQ-485056,2022-06-06,2022,106424.29,77,2232,77,0.03449820788530466,68905381.05,12620999.45,0.18316420659283184
LRQ-280321,2024-04-18,2024,106419.79,78,2232,78,0.03494623655913978,68905381.05,12727419.24,0.18470864025502695
LRQ-575818,2024-04-18,2024,106419.79,79,2232,79,0.03539426523297491,68905381.05,12833839.03,0.18625307391722204
LRQ-642487,2024-04-18,2024,106419.79,80,2232,80,0.035842293906810034,68905381.05,12940258.82,0.18779750757941713
LRQ-107531,2019-05-15,2019,104971.12,81,2232,81,0.036290322580645164,68905381.05,13045229.94,0.18932091719417318
LRQ-799169,2022-10-14,2022,104917.83,82,2232,82,0.036738351254480286,68905381.05,13150147.77,0.19084355342956194
LRQ-751074,2018-05-30,2018,104515.77,83,2232,83,0.03718637992831541,68905381.05,13254663.54,0.19236035470701457
LRQ-832567,2018-05-30,2018,104515.77,84,2232,84,0.03763440860215054,68905381.05,13359179.31,0.19387715598446723
LRQ-130095,2022-12-17,2022,104056.84,85,2232,85,0.03808243727598566,68905381.05,13463236.15,0.1953872969693127
LRQ-290781,2019-04-12,2019,103862.28,86,2232,86,0.03853046594982079,68905381.05,13567098.43,0.1968946143720658
LRQ-403655,2025-02-20,2025,103308.64,87,2232,87,0.038978494623655914,68905381.05,13670407.07,0.1983938969886881
LRQ-850066,2025-02-20,2025,103308.64,88,2232,88,0.03942652329749104,68905381.05,13773715.71,0.1998931796053104
LRQ-736680,2024-03-07,2024,103178.61,89,2232,89,0.039874551971326166,68905381.05,13876894.32,0.2013905751414461
LRQ-779874,2024-09-01,2024,102524.80,90,2232,90,0.04032258064516129,68905381.05,13979419.12,0.20287848215883278
LRQ-638159,2024-11-18,2024,102333.44,91,2232,91,0.04077060931899642,68905381.05,14081752.56,0.20436361203462208
LRQ-552997,2025-04-20,2025,102072.23,92,2232,92,0.04121863799283154,68905381.05,14183824.79,0.20584495105988532
LRQ-847064,2022-03-28,2022,101947.24,93,2232,93,0.041666666666666664,68905381.05,14285772.03,0.20732447614844152
LRQ-675589,2023-11-05,2023,101924.46,94,2232,94,0.042114695340501794,68905381.05,14387696.49,0.20880367063872438
LRQ-495629,2018-07-24,2018,101341.79,95,2232,95,0.04256272401433692,68905381.05,14489038.28,0.21027440904051137
LRQ-671533,2022-11-24,2022,100836.86,96,2232,96,0.043010752688172046,68905381.05,14589875.14,0.21173781956757645
LRQ-833026,2023-09-13,2023,100226.24,97,2232,97,0.04345878136200717,68905381.05,14690101.38,0.21319236837744765
LRQ-643181,2022-12-14,2022,100207.72,98,2232,98,0.04390681003584229,68905381.05,14790309.10,0.2146466484129544
LRQ-471209,2025-02-27,2025,99666.67,99,2232,99,0.04435483870967742,68905381.05,14889975.77,0.2160930763766526
LRQ-677105,2025-02-27,2025,99666.67,100,2232,100,0.044802867383512544,68905381.05,14989642.44,0.2175395043403508
LRQ-531903,2023-08-01,2023,99141.78,101,2232,101,0.04525089605734767,68905381.05,15088784.22,0.2189783147567399
LRQ-597883,2023-04-06,2023,98569.87,102,2232,102,0.0456989247311828,68905381.05,15187354.09,0.22040882524079736
LRQ-999759,2023-04-06,2023,98569.87,103,2232,103,0.04614695340501792,68905381.05,15285923.96,0.22183933572485484
LRQ-961661,2018-09-18,2018,98497.61,104,2232,104,0.04659498207885305,68905381.05,15384421.57,0.22326879752448595
LRQ-977121,2025-01-12,2025,97743.39,105,2232,105,0.04704301075268817,68905381.05,15482164.96,0.22468731358971278
LRQ-334042,2022-10-03,2022,97337.27,106,2232,106,0.047491039426523295,68905381.05,15579502.23,0.22609993577562548
LRQ-565750,2018-08-31,2018,97132.33,107,2232,107,0.047939068100358424,68905381.05,15676634.56,0.22750958373809038
LRQ-152521,2023-11-10,2023,97041.16,108,2232,108,0.04838709677419355,68905381.05,15773675.72,0.22891790858182914
LRQ-151155,2023-05-09,2023,96933.06,109,2232,109,0.04883512544802868,68905381.05,15870608.78,0.23032466460759815
LRQ-869368,2023-05-09,2023,96933.06,110,2232,110,0.0492831541218638,68905381.05,15967541.84,0.2317314206333672
LRQ-454711,2025-08-13,2025,96279.86,111,2232,111,0.04973118279569892,68905381.05,16063821.70,0.2331286969931066
LRQ-538652,2025-08-13,2025,96279.86,112,2232,112,0.05017921146953405,68905381.05,16160101.56,0.23452597335284603
LRQ-667662,2025-08-13,2025,96279.86,113,2232,113,0.050627240143369175,68905381.05,16256381.42,0.2359232497125854
LRQ-393447,2020-09-02,2020,94690.41,114,2232,114,0.051075268817204304,68905381.05,16351071.83,0.2372974589333615
LRQ-738016,2020-09-02,2020,94690.41,115,2232,115,0.05152329749103943,68905381.05,16445762.24,0.2386716681541376
LRQ-218703,2022-05-09,2022,94004.62,116,2232,116,0.05197132616487455,68905381.05,16539766.86,0.24003592474146837
LRQ-317620,2022-05-09,2022,94004.62,117,2232,117,0.05241935483870968,68905381.05,16633771.48,0.24140018132879915
LRQ-596401,2022-05-09,2022,94004.62,118,2232,118,0.0528673835125448,68905381.05,16727776.10,0.24276443791612992
LRQ-615431,2022-05-09,2022,94004.62,119,2232,119,0.053315412186379925,68905381.05,16821780.72,0.2441286945034607
LRQ-641382,2022-05-09,2022,94004.62,120,2232,120,0.053763440860215055,68905381.05,16915785.34,0.2454929510907915
LRQ-124818,2025-01-02,2025,93949.15,121,2232,121,0.05421146953405018,68905381.05,17009734.49,0.24685640266116776
LRQ-497713,2025-01-02,2025,93949.15,122,2232,122,0.05465949820788531,68905381.05,17103683.64,0.2482198542315441
LRQ-678376,2021-01-08,2021,93575.02,123,2232,123,0.05510752688172043,68905381.05,17197258.66,0.24957787618242916
LRQ-723878,2021-01-08,2021,93575.02,124,2232,124,0.05555555555555555,68905381.05,17290833.68,0.25093589813331424
LRQ-684064,2025-04-28,2025,93478.99,125,2232,125,0.05600358422939068,68905381.05,17384312.67,0.2522925264339715
LRQ-786215,2025-04-30,2025,93119.86,126,2232,126,0.056451612903225805,68905381.05,17477432.53,0.2536439428049575
LRQ-237226,2020-12-15,2020,92865.09,127,2232,127,0.056899641577060935,68905381.05,17570297.62,0.25499166178691357
LRQ-289238,2020-12-15,2020,92865.09,128,2232,128,0.05734767025089606,68905381.05,17663162.71,0.2563393807688696
LRQ-625374,2020-12-15,2020,92865.09,129,2232,129,0.05779569892473118,68905381.05,17756027.80,0.25768709975082565
LRQ-104343,2018-06-18,2018,92742.94,130,2232,130,0.05824372759856631,68905381.05,17848770.74,0.2590330460120139
LRQ-943607,2024-12-30,2024,92088.89,131,2232,131,0.05869175627240143,68905381.05,17940859.63,0.26036950027141603
LRQ-109643,2019-06-08,2019,91908.00,132,2232,132,0.05913978494623656,68905381.05,18032767.63,0.26170332933671514
LRQ-456854,2020-06-30,2020,90805.58,133,2232,133,0.059587813620071685,68905381.05,18123573.21,0.2630211593612543
LRQ-521013,2020-06-30,2020,90805.58,134,2232,134,0.06003584229390681,68905381.05,18214378.79,0.2643389893857934
LRQ-714172,2023-05-24,2023,90423.75,135,2232,135,0.06048387096774194,68905381.05,18304802.54,0.26565127804340033
LRQ-307632,2025-03-24,2025,90060.24,136,2232,136,0.06093189964157706,68905381.05,18394862.78,0.2669582912059087
LRQ-263809,2022-06-10,2022,89909.56,137,2232,137,0.06137992831541219,68905381.05,18484772.34,0.2682631176016115
LRQ-334750,2022-06-10,2022,89909.56,138,2232,138,0.06182795698924731,68905381.05,18574681.90,0.26956794399731426
LRQ-998928,2025-09-19,2025,89497.84,139,2232,139,0.062275985663082435,68905381.05,18664179.74,0.27086679524283686
LRQ-690890,2022-04-13,2022,87251.51,140,2232,140,0.06272401433691756,68905381.05,18751431.25,0.2721330462767973
LRQ-981488,2022-12-25,2022,86278.43,141,2232,141,0.06317204301075269,68905381.05,18837709.68,0.2733851753367526
LRQ-608967,2018-08-26,2018,85737.19,142,2232,142,0.06362007168458782,68905381.05,18923446.87,0.274629449567495
LRQ-615698,2018-08-26,2018,85737.19,143,2232,143,0.06406810035842293,68905381.05,19009184.06,0.2758737237982374
LRQ-408210,2023-03-21,2023,85540.42,144,2232,144,0.06451612903225806,68905381.05,19094724.48,0.2771151423739206
LRQ-797291,2023-03-21,2023,85540.42,145,2232,145,0.06496415770609319,68905381.05,19180264.90,0.2783565609496038
LRQ-511780,2023-06-04,2023,84828.14,146,2232,146,0.06541218637992832,68905381.05,19265093.04,0.27958764245161954
LRQ-929331,2023-06-04,2023,84828.14,147,2232,147,0.06586021505376344,68905381.05,19349921.18,0.2808187239536353
LRQ-324128,2025-10-27,2025,84405.12,148,2232,148,0.06630824372759857,68905381.05,19434326.30,0.282043666312473
LRQ-346287,2025-10-27,2025,84405.12,149,2232,149,0.0667562724014337,68905381.05,19518731.42,0.28326860867131076
LRQ-684468,2023-08-09,2023,84133.82,150,2232,150,0.06720430107526881,68905381.05,19602865.24,0.2844896137469368
LRQ-770287,2023-02-17,2023,83501.48,151,2232,151,0.06765232974910394,68905381.05,19686366.72,0.28570144189050967
LRQ-671975,2018-11-05,2018,82868.21,152,2232,152,0.06810035842293907,68905381.05,19769234.93,0.2869040796052604
LRQ-179459,2021-01-15,2021,82624.24,153,2232,153,0.06854838709677419,68905381.05,19851859.17,0.2881031766676516
LRQ-536757,2022-07-14,2022,82079.75,154,2232,154,0.06899641577060932,68905381.05,19933938.92,0.2892943717347022
LRQ-629740,2024-03-18,2024,81797.57,155,2232,155,0.06944444444444445,68905381.05,20015736.49,0.29048147162085824
LRQ-324565,2025-04-11,2025,81729.21,156,2232,156,0.06989247311827956,68905381.05,20097465.70,0.29166757942194127
LRQ-558514,2025-04-11,2025,81729.21,157,2232,157,0.07034050179211469,68905381.05,20179194.91,0.29285368722302424
LRQ-428878,2025-09-14,2025,81324.45,158,2232,158,0.07078853046594982,68905381.05,20260519.36,0.2940339208820035
LRQ-549888,2025-07-06,2025,81081.59,159,2232,159,0.07123655913978495,68905381.05,20341600.95,0.29521062999766984
LRQ-380113,2023-11-15,2023,81071.34,160,2232,160,0.07168458781362007,68905381.05,20422672.29,0.2963871903586258
LRQ-323438,2019-12-14,2019,80999.39,161,2232,161,0.0721326164874552,68905381.05,20503671.68,0.29756270653407846
LRQ-663268,2019-12-14,2019,80999.39,162,2232,162,0.07258064516129033,68905381.05,20584671.07,0.29873822270953104
LRQ-494446,2018-10-27,2018,80982.48,163,2232,163,0.07302867383512544,68905381.05,20665653.55,0.2999134934759932
LRQ-553460,2018-10-27,2018,80982.48,164,2232,164,0.07347670250896057,68905381.05,20746636.03,0.3010887642424554
LRQ-566660,2024-02-13,2024,80878.27,165,2232,165,0.0739247311827957,68905381.05,20827514.30,0.3022625226451745
LRQ-399005,2023-10-30,2023,80730.00,166,2232,166,0.07437275985663082,68905381.05,20908244.30,0.30343412925658586
LRQ-759666,2023-10-30,2023,80730.00,167,2232,167,0.07482078853046595,68905381.05,20988974.30,0.3046057358679972
LRQ-525926,2019-11-07,2019,80493.08,168,2232,168,0.07526881720430108,68905381.05,21069467.38,0.30577390414126443
LRQ-796362,2019-11-07,2019,80493.08,169,2232,169,0.07571684587813621,68905381.05,21149960.46,0.3069420724145317
LRQ-105136,2023-11-14,2023,80436.65,170,2232,170,0.07616487455197132,68905381.05,21230397.11,0.308109421738696
LRQ-714084,2025-12-14,2025,80053.03,171,2232,171,0.07661290322580645,68905381.05,21310450.14,0.30927120371827627
LRQ-162835,2019-03-17,2019,79978.42,172,2232,172,0.07706093189964158,68905381.05,21390428.56,0.3104319029086916
LRQ-716314,2025-11-30,2025,79643.37,173,2232,173,0.0775089605734767,68905381.05,21470071.93,0.31158773963416025
LRQ-588925,2025-02-24,2025,79047.71,174,2232,174,0.07795698924731183,68905381.05,21549119.64,0.3127349317517489
LRQ-670900,2025-02-24,2025,79047.71,175,2232,175,0.07840501792114696,68905381.05,21628167.35,0.3138821238693375
LRQ-431830,2024-07-10,2024,78459.15,176,2232,176,0.07885304659498207,68905381.05,21706626.50,0.31502077441889426
LRQ-412555,2024-06-19,2024,78076.33,177,2232,177,0.0793010752688172,68905381.05,21784702.83,0.3161538692339907
LRQ-651401,2019-09-23,2019,77982.90,178,2232,178,0.07974910394265233,68905381.05,21862685.73,0.31728560813176143
LRQ-211694,2023-06-16,2023,77895.74,179,2232,179,0.08019713261648745,68905381.05,21940581.47,0.31841608210655126
LRQ-323903,2025-02-08,2025,77765.96,180,2232,180,0.08064516129032258,68905381.05,22018347.43,0.31954467262901814
LRQ-196080,2023-03-27,2023,77500.58,181,2232,181,0.08109318996415771,68905381.05,22095848.01,0.3206694117831891
LRQ-607718,2023-03-27,2023,77500.58,182,2232,182,0.08154121863799284,68905381.05,22173348.59,0.3217941509373599
LRQ-577755,2022-08-29,2022,77205.65,183,2232,183,0.08198924731182795,68905381.05,22250554.24,0.3229146098742893
LRQ-725418,2022-08-29,2022,77205.65,184,2232,184,0.08243727598566308,68905381.05,22327759.89,0.3240350688112188
LRQ-822293,2022-08-29,2022,77205.65,185,2232,185,0.08288530465949821,68905381.05,22404965.54,0.3251555277481482
LRQ-523590,2024-09-14,2024,77125.90,186,2232,186,0.08333333333333333,68905381.05,22482091.44,0.3262748293008678
LRQ-263848,2024-08-08,2024,77096.63,187,2232,187,0.08378136200716846,68905381.05,22559188.07,0.32739370606818524
LRQ-368562,2024-08-08,2024,77096.63,188,2232,188,0.08422939068100359,68905381.05,22636284.70,0.32851258283550266
LRQ-708685,2024-08-08,2024,77096.63,189,2232,189,0.0846774193548387,68905381.05,22713381.33,0.3296314596028201
LRQ-178998,2019-03-11,2019,76935.11,190,2232,190,0.08512544802867383,68905381.05,22790316.44,0.3307479922861555
LRQ-322950,2019-03-11,2019,76935.11,191,2232,191,0.08557347670250896,68905381.05,22867251.55,0.33186452496949076
LRQ-291373,2018-07-19,2018,76177.29,192,2232,192,0.08602150537634409,68905381.05,22943428.84,0.33297005967286497
LRQ-431434,2024-10-17,2024,76143.10,193,2232,193,0.08646953405017921,68905381.05,23019571.94,0.3340750981885761
LRQ-250628,2025-04-24,2025,75882.35,194,2232,194,0.08691756272401434,68905381.05,23095454.29,0.3351763525295823
LRQ-955960,2022-07-17,2022,75017.48,195,2232,195,0.08736559139784947,68905381.05,23170471.77,0.33626505531094514
LRQ-114778,2024-07-20,2024,74858.28,196,2232,196,0.08781362007168458,68905381.05,23245330.05,0.3373514476776847
LRQ-864610,2023-09-21,2023,74604.68,197,2232,197,0.08826164874551971,68905381.05,23319934.73,0.33843415963520024
LRQ-656053,2023-04-09,2023,74580.65,198,2232,198,0.08870967741935484,68905381.05,23394515.38,0.33951652285362405
LRQ-870563,2025-07-13,2025,74569.88,199,2232,199,0.08915770609318996,68905381.05,23469085.26,0.34059872977075717
LRQ-401768,2023-12-27,2023,74439.85,200,2232,200,0.08960573476702509,68905381.05,23543525.11,0.34167904960740364
LRQ-826480,2023-12-27,2023,74439.85,201,2232,201,0.09005376344086022,68905381.05,23617964.96,0.34275936944405017
LRQ-129537,2024-09-25,2024,74297.91,202,2232,202,0.09050179211469533,68905381.05,23692262.87,0.34383762935449297
LRQ-246051,2020-07-11,2020,74101.40,203,2232,203,0.09094982078853046,68905381.05,23766364.27,0.34491303738316675
LRQ-451426,2020-07-11,2020,74101.40,204,2232,204,0.0913978494623656,68905381.05,23840465.67,0.34598844541184065
LRQ-213684,2023-05-31,2023,74070.40,205,2232,205,0.09184587813620072,68905381.05,23914536.07,0.34706340354821974
LRQ-307232,2025-05-31,2025,73374.67,206,2232,206,0.09229390681003584,68905381.05,23987910.74,0.34812826479536607
LRQ-892713,2025-05-31,2025,73374.67,207,2232,207,0.09274193548387097,68905381.05,24061285.41,0.34919312604251246
LRQ-619971,2018-08-28,2018,72930.55,208,2232,208,0.0931899641577061,68905381.05,24134215.96,0.3502515419294674
LRQ-983305,2018-08-28,2018,72930.55,209,2232,209,0.09363799283154121,68905381.05,24207146.51,0.35130995781642227
LRQ-307832,2024-04-21,2024,72779.25,210,2232,210,0.09408602150537634,68905381.05,24279925.76,0.35236617793872577
LRQ-230107,2018-10-03,2018,72220.48,211,2232,211,0.09453405017921147,68905381.05,24352146.24,0.35341428882497994
LRQ-679493,2018-10-03,2018,72220.48,212,2232,212,0.09498207885304659,68905381.05,24424366.72,0.35446239971123417
LRQ-712550,2018-10-03,2018,72220.48,213,2232,213,0.09543010752688172,68905381.05,24496587.20,0.3555105105974884
LRQ-306143,2025-03-19,2025,72217.09,214,2232,214,0.09587813620071685,68905381.05,24568804.29,0.35655857228584326
LRQ-830079,2025-03-19,2025,72217.09,215,2232,215,0.09632616487455196,68905381.05,24641021.38,0.3576066339741982
LRQ-674857,2018-05-19,2018,71960.96,216,2232,216,0.0967741935483871,68905381.05,24712982.34,0.3586509785363127
LRQ-806354,2024-11-22,2024,71949.24,217,2232,217,0.09722222222222222,68905381.05,24784931.58,0.35969515301011457
LRQ-849594,2024-11-22,2024,71949.24,218,2232,218,0.09767025089605735,68905381.05,24856880.82,0.36073932748391646
LRQ-467163,2020-12-16,2020,71717.20,219,2232,219,0.09811827956989247,68905381.05,24928598.02,0.36178013444132895
LRQ-973223,2020-12-16,2020,71717.20,220,2232,220,0.0985663082437276,68905381.05,25000315.22,0.36282094139874144
LRQ-328749,2025-05-26,2025,70895.51,221,2232,221,0.09901433691756273,68905381.05,25071210.73,0.3638498234529392
LRQ-371420,2025-05-26,2025,70895.51,222,2232,222,0.09946236559139784,68905381.05,25142106.24,0.36487870550713686
LRQ-814962,2025-10-27,2025,70872.90,223,2232,223,0.09991039426523297,68905381.05,25212979.14,0.3659072594302126
LRQ-478838,2020-03-31,2020,70817.70,224,2232,224,0.1003584229390681,68905381.05,25283796.84,0.36693501225475045
LRQ-906795,2023-09-16,2023,70797.83,225,2232,225,0.10080645161290322,68905381.05,25354594.67,0.36796247671284016
LRQ-485131,2023-05-03,2023,70746.16,226,2232,226,0.10125448028673835,68905381.05,25425340.83,0.36898919130206304
LRQ-621376,2025-04-20,2025,70710.26,227,2232,227,0.10170250896057348,68905381.05,25496051.09,0.3700153848869834
LRQ-262448,2024-04-14,2024,70671.71,228,2232,228,0.10215053763440861,68905381.05,25566722.80,0.3710410190090662
LRQ-478046,2023-07-04,2023,70614.43,229,2232,229,0.10259856630824372,68905381.05,25637337.23,0.3720658218462896
LRQ-962835,2022-08-26,2022,70228.68,230,2232,230,0.10304659498207885,68905381.05,25707565.91,0.37308502642697455
LRQ-949306,2024-12-18,2024,69860.95,231,2232,231,0.10349462365591398,68905381.05,25777426.86,0.3740988942691581
LRQ-772918,2022-12-01,2022,69723.32,232,2232,232,0.1039426523297491,68905381.05,25847150.18,0.37511076473467964
LRQ-657205,2023-04-13,2023,69719.99,233,2232,233,0.10439068100358423,68905381.05,25916870.17,0.3761225868730611
LRQ-765595,2023-04-13,2023,69719.99,234,2232,234,0.10483870967741936,68905381.05,25986590.16,0.3771344090114425
LRQ-286424,2019-01-01,2019,69541.68,235,2232,235,0.10528673835125447,68905381.05,26056131.84,0.37814364339837
LRQ-335337,2019-01-01,2019,69541.68,236,2232,236,0.1057347670250896,68905381.05,26125673.52,0.37915287778529744
LRQ-579913,2019-01-01,2019,69541.68,237,2232,237,0.10618279569892473,68905381.05,26195215.20,0.3801621121722249
LRQ-976372,2023-12-01,2023,69524.29,238,2232,238,0.10663082437275985,68905381.05,26264739.49,0.3811710941840877
LRQ-100067,2019-03-07,2019,69494.15,239,2232,239,0.10707885304659498,68905381.05,26334233.64,0.38217963878453876
LRQ-596674,2019-03-07,2019,69494.15,240,2232,240,0.10752688172043011,68905381.05,26403727.79,0.3831881833849898
LRQ-186827,2022-07-05,2022,69087.86,241,2232,241,0.10797491039426524,68905381.05,26472815.65,0.38419083163897544
LRQ-604768,2022-07-05,2022,69087.86,242,2232,242,0.10842293906810035,68905381.05,26541903.51,0.38519347989296115
LRQ-137485,2018-10-04,2018,68734.36,243,2232,243,0.10887096774193548,68905381.05,26610637.87,0.3861909979235214
LRQ-302706,2018-10-04,2018,68734.36,244,2232,244,0.10931899641577061,68905381.05,26679372.23,0.38718851595408166
LRQ-675232,2025-07-14,2025,68660.65,245,2232,245,0.10976702508960573,68905381.05,26748032.88,0.38818496425686627
LRQ-113433,2023-05-28,2023,68515.34,246,2232,246,0.11021505376344086,68905381.05,26816548.22,0.38917930372580095
LRQ-342182,2023-05-28,2023,68515.34,247,2232,247,0.11066308243727599,68905381.05,26885063.56,0.39017364319473563
LRQ-554839,2025-11-01,2025,68434.03,248,2232,248,0.1111111111111111,68905381.05,26953497.59,0.39116680263971926
LRQ-940407,2025-11-01,2025,68434.03,249,2232,249,0.11155913978494623,68905381.05,27021931.62,0.39215996208470283
LRQ-394290,2022-12-12,2022,68425.13,250,2232,250,0.11200716845878136,68905381.05,27090356.75,0.39315299236705986
LRQ-144206,2022-05-14,2022,68389.54,251,2232,251,0.1124551971326165,68905381.05,27158746.29,0.3941455061440372
LRQ-237412,2022-05-14,2022,68389.54,252,2232,252,0.11290322580645161,68905381.05,27227135.83,0.39513801992101455
LRQ-792043,2019-01-15,2019,68271.65,253,2232,253,0.11335125448028674,68905381.05,27295407.48,0.39612882280113304
LRQ-928837,2019-01-15,2019,68271.65,254,2232,254,0.11379928315412187,68905381.05,27363679.13,0.3971196256812515
LRQ-973820,2019-01-15,2019,68271.65,255,2232,255,0.11424731182795698,68905381.05,27431950.78,0.39811042856136997
LRQ-129446,2019-10-09,2019,67911.00,256,2232,256,0.11469534050179211,68905381.05,27499861.78,0.3990959974525822
LRQ-185066,2023-07-20,2023,67744.31,257,2232,257,0.11514336917562724,68905381.05,27567606.09,0.40007914722938753
LRQ-490589,2023-07-20,2023,67744.31,258,2232,258,0.11559139784946236,68905381.05,27635350.40,0.40106229700619295
LRQ-513996,2023-07-20,2023,67744.31,259,2232,259,0.11603942652329749,68905381.05,27703094.71,0.4020454467829984
LRQ-884922,2023-07-20,2023,67744.31,260,2232,260,0.11648745519713262,68905381.05,27770839.02,0.40302859655980383
LRQ-171871,2024-10-27,2024,67371.77,261,2232,261,0.11693548387096774,68905381.05,27838210.79,0.40400633979223893
LRQ-420627,2024-10-27,2024,67371.77,262,2232,262,0.11738351254480286,68905381.05,27905582.56,0.40498408302467404
LRQ-552812,2024-10-27,2024,67371.77,263,2232,263,0.117831541218638,68905381.05,27972954.33,0.40596182625710914
LRQ-807554,2019-01-20,2019,67327.75,264,2232,264,0.11827956989247312,68905381.05,28040282.08,0.4069389306424857
LRQ-978314,2019-01-20,2019,67327.75,265,2232,265,0.11872759856630824,68905381.05,28107609.83,0.4079160350278623
LRQ-939666,2024-12-26,2024,67234.32,266,2232,266,0.11917562724014337,68905381.05,28174844.15,0.4088917834959132
LRQ-642198,2023-07-19,2023,67230.75,267,2232,267,0.1196236559139785,68905381.05,28242074.90,0.40986748015378693
LRQ-546945,2024-01-01,2024,67061.69,268,2232,268,0.12007168458781362,68905381.05,28309136.59,0.41084072330226235
LRQ-990100,2024-01-01,2024,67061.69,269,2232,269,0.12051971326164874,68905381.05,28376198.28,0.41181396645073776
LRQ-900899,2023-05-02,2023,66803.10,270,2232,270,0.12096774193548387,68905381.05,28443001.38,0.41278345677184236
LRQ-771228,2025-03-16,2025,66039.29,271,2232,271,0.12141577060931899,68905381.05,28509040.67,0.41374186218218445
LRQ-867534,2023-08-29,2023,66038.37,272,2232,272,0.12186379928315412,68905381.05,28575079.04,0.41470025424088414
LRQ-248004,2025-04-27,2025,66013.15,273,2232,273,0.12231182795698925,68905381.05,28641092.19,0.41565828029043317
LRQ-439170,2025-12-02,2025,65974.40,274,2232,274,0.12275985663082438,68905381.05,28707066.59,0.41661574397461376
LRQ-422074,2018-10-12,2018,65470.07,275,2232,275,0.1232078853046595,68905381.05,28772536.66,0.4175658884916652
LRQ-562331,2018-10-12,2018,65470.07,276,2232,276,0.12365591397849462,68905381.05,28838006.73,0.4185160330087167
LRQ-807765,2018-07-17,2018,65309.79,277,2232,277,0.12410394265232975,68905381.05,28903316.52,0.41946385143747783
LRQ-939741,2023-10-30,2023,64991.56,278,2232,278,0.12455197132616487,68905381.05,28968308.08,0.42040705150414376
LRQ-324039,2023-04-20,2023,64778.65,279,2232,279,0.125,68905381.05,29033086.73,0.42134716168150416
LRQ-587408,2019-11-23,2019,64763.73,280,2232,280,0.12544802867383512,68905381.05,29097850.46,0.4222870553300569
LRQ-638774,2019-11-23,2019,64763.73,281,2232,281,0.12589605734767026,68905381.05,29162614.19,0.4232269489786096
LRQ-202346,2022-08-27,2022,64722.06,282,2232,282,0.12634408602150538,68905381.05,29227336.25,0.42416623788484226
LRQ-491679,2023-04-27,2023,64651.42,283,2232,283,0.1267921146953405,68905381.05,29291987.67,0.42510450161714913
LRQ-790415,2023-04-27,2023,64651.42,284,2232,284,0.12724014336917563,68905381.05,29356639.09,0.426042765349456
LRQ-261100,2025-01-24,2025,64611.36,285,2232,285,0.12768817204301075,68905381.05,29421250.45,0.4269804477048168
LRQ-651801,2025-01-24,2025,64611.36,286,2232,286,0.12813620071684587,68905381.05,29485861.81,0.42791813006017765
LRQ-179859,2023-11-09,2023,64501.27,287,2232,287,0.128584229390681,68905381.05,29550363.08,0.428854214717386
LRQ-333114,2023-11-09,2023,64501.27,288,2232,288,0.12903225806451613,68905381.05,29614864.35,0.4297902993745944
LRQ-751469,2019-06-06,2019,64286.47,289,2232,289,0.12948028673835124,68905381.05,29679150.82,0.43072326671357986
LRQ-316801,2024-01-09,2024,64282.85,290,2232,290,0.12992831541218638,68905381.05,29743433.67,0.4316561815167555
LRQ-276961,2020-04-11,2020,64257.23,291,2232,291,0.1303763440860215,68905381.05,29807690.90,0.4325887245057184
LRQ-671725,2020-04-11,2020,64257.23,292,2232,292,0.13082437275985664,68905381.05,29871948.13,0.4335212674946814
LRQ-204002,2024-01-09,2024,63929.13,293,2232,293,0.13127240143369176,68905381.05,29935877.26,0.4344490488816476
LRQ-498757,2025-02-24,2025,63556.34,294,2232,294,0.13172043010752688,68905381.05,29999433.60,0.43537142009607976
LRQ-161802,2019-01-18,2019,63407.71,295,2232,295,0.13216845878136202,68905381.05,30062841.31,0.43629163429464846
LRQ-188154,2019-01-18,2019,63407.71,296,2232,296,0.13261648745519714,68905381.05,30126249.02,0.4372118484932172
LRQ-711520,2019-01-18,2019,63407.71,297,2232,297,0.13306451612903225,68905381.05,30189656.73,0.438132062691786
LRQ-421421,2020-02-01,2020,63312.17,298,2232,298,0.1335125448028674,68905381.05,30252968.90,0.43905089035132766
LRQ-283298,2022-04-25,2022,62965.08,299,2232,299,0.1339605734767025,68905381.05,30315933.98,0.4399646808135604
LRQ-984911,2025-09-19,2025,62879.63,300,2232,300,0.13440860215053763,68905381.05,30378813.61,0.4408772311694516
LRQ-632440,2023-07-26,2023,62856.42,301,2232,301,0.13485663082437277,68905381.05,30441670.03,0.441789444686628
LRQ-321830,2022-08-05,2022,62503.66,302,2232,302,0.13530465949820789,68905381.05,30504173.69,0.44269653871974346
LRQ-542323,2022-08-05,2022,62503.66,303,2232,303,0.135752688172043,68905381.05,30566677.35,0.4436036327528589
LRQ-872653,2022-08-05,2022,62503.66,304,2232,304,0.13620071684587814,68905381.05,30629181.01,0.4445107267859743
LRQ-401202,2023-05-02,2023,62352.67,305,2232,305,0.13664874551971326,68905381.05,30691533.68,0.4454156295533613
LRQ-433981,2023-05-02,2023,62352.67,306,2232,306,0.13709677419354838,68905381.05,30753886.35,0.4463205323207483
LRQ-788926,2023-05-02,2023,62352.67,307,2232,307,0.13754480286738352,68905381.05,30816239.02,0.4472254350881353
LRQ-860638,2023-05-02,2023,62352.67,308,2232,308,0.13799283154121864,68905381.05,30878591.69,0.4481303378555223
LRQ-894552,2023-05-02,2023,62352.67,309,2232,309,0.13844086021505375,68905381.05,30940944.36,0.4490352406229092
LRQ-233279,2023-03-16,2023,62127.49,310,2232,310,0.1388888888888889,68905381.05,31003071.85,0.4499368754307179
LRQ-321688,2023-03-16,2023,62127.49,311,2232,311,0.139336917562724,68905381.05,31065199.34,0.4508385102385266
LRQ-370980,2023-03-16,2023,62127.49,312,2232,312,0.13978494623655913,68905381.05,31127326.83,0.45174014504633525
LRQ-945328,2021-01-27,2021,61519.11,313,2232,313,0.14023297491039427,68905381.05,31188845.94,0.4526329506452966
LRQ-507815,2025-05-24,2025,61441.81,314,2232,314,0.14068100358422939,68905381.05,31250287.75,0.4535246344160519
LRQ-329001,2024-03-07,2024,61112.97,315,2232,315,0.14112903225806453,68905381.05,31311400.72,0.45441154584544596
LRQ-115500,2024-10-17,2024,60986.97,316,2232,316,0.14157706093189965,68905381.05,31372387.69,0.45529662868035187
LRQ-431592,2025-11-04,2025,60935.39,317,2232,317,0.14202508960573476,68905381.05,31433323.08,0.4561809629525298
LRQ-797731,2025-11-24,2025,60447.94,318,2232,318,0.1424731182795699,68905381.05,31493771.02,0.45705822303118954
LRQ-154786,2020-07-15,2020,60397.14,319,2232,319,0.14292114695340502,68905381.05,31554168.16,0.45793474586699207
LRQ-234346,2025-08-05,2025,60369.54,320,2232,320,0.14336917562724014,68905381.05,31614537.70,0.45881086815352573
LRQ-149799,2025-11-01,2025,60278.40,321,2232,321,0.14381720430107528,68905381.05,31674816.10,0.45968566775671293
LRQ-777335,2025-11-01,2025,60278.40,322,2232,322,0.1442652329749104,68905381.05,31735094.50,0.4605604673599001
LRQ-186803,2025-09-22,2025,60157.20,323,2232,323,0.1447132616487455,68905381.05,31795251.70,0.46143350802934135
LRQ-507268,2025-09-22,2025,60157.20,324,2232,324,0.14516129032258066,68905381.05,31855408.90,0.4623065486987826
LRQ-584887,2025-09-22,2025,60157.20,325,2232,325,0.14560931899641577,68905381.05,31915566.10,0.463179589368224
LRQ-733264,2020-03-10,2020,59917.12,326,2232,326,0.1460573476702509,68905381.05,31975483.22,0.4640491458395324
LRQ-972130,2023-06-13,2023,59845.32,327,2232,327,0.14650537634408603,68905381.05,32035328.54,0.4649176603022356
LRQ-673947,2022-11-14,2022,59794.77,328,2232,328,0.14695340501792115,68905381.05,32095123.31,0.4657854411502453
LRQ-802338,2023-08-22,2023,59787.54,329,2232,329,0.14740143369175626,68905381.05,32154910.85,0.4666531170717617
LRQ-235840,2025-05-29,2025,59721.63,330,2232,330,0.1478494623655914,68905381.05,32214632.48,0.4675198364642089
LRQ-511115,2022-09-09,2022,59637.68,331,2232,331,0.14829749103942652,68905381.05,32274270.16,0.46838533751929673
LRQ-459401,2022-08-25,2022,59381.38,332,2232,332,0.14874551971326164,68905381.05,32333651.54,0.46924711898099286
LRQ-421678,2018-11-06,2018,59087.68,333,2232,333,0.14919354838709678,68905381.05,32392739.22,0.47010463807601277
LRQ-115485,2020-10-24,2020,58960.52,334,2232,334,0.1496415770609319,68905381.05,32451699.74,0.47096031174186503
LRQ-686560,2024-12-12,2024,58942.38,335,2232,335,0.150089605734767,68905381.05,32510642.12,0.47181572214816164
LRQ-764648,2018-12-18,2018,58846.35,336,2232,336,0.15053763440860216,68905381.05,32569488.47,0.4726697389042303
LRQ-888887,2018-12-18,2018,58846.35,337,2232,337,0.15098566308243727,68905381.05,32628334.82,0.4735237556602991
LRQ-959093,2022-06-06,2022,58752.05,338,2232,338,0.15143369175627241,68905381.05,32687086.87,0.47437640387303254
LRQ-977787,2022-06-06,2022,58752.05,339,2232,339,0.15188172043010753,68905381.05,32745838.92,0.475229052085766
LRQ-267193,2019-11-03,2019,58694.14,340,2232,340,0.15232974910394265,68905381.05,32804533.06,0.4760808598706675
LRQ-778645,2019-11-03,2019,58694.14,341,2232,341,0.1527777777777778,68905381.05,32863227.20,0.47693266765556913
LRQ-292216,2023-03-22,2023,58659.44,342,2232,342,0.1532258064516129,68905381.05,32921886.64,0.47778397185135374
LRQ-661656,2023-03-22,2023,58659.44,343,2232,343,0.15367383512544802,68905381.05,32980546.08,0.47863527604713824
LRQ-692797,2020-04-28,2020,58222.13,344,2232,344,0.15412186379928317,68905381.05,33038768.21,0.4794802337139097
LRQ-830739,2020-04-28,2020,58222.13,345,2232,345,0.15456989247311828,68905381.05,33096990.34,0.480325191380681
LRQ-879814,2023-10-05,2023,58203.52,346,2232,346,0.1550179211469534,68905381.05,33155193.86,0.481169878966949
LRQ-765828,2023-10-05,2023,57832.27,347,2232,347,0.15546594982078854,68905381.05,33213026.13,0.4820091787301712
LRQ-850778,2023-10-05,2023,57832.27,348,2232,348,0.15591397849462366,68905381.05,33270858.40,0.48284847849339335
LRQ-703131,2023-12-23,2023,57677.67,349,2232,349,0.15636200716845877,68905381.05,33328536.07,0.4836855346002038
LRQ-542618,2023-08-23,2023,57461.29,350,2232,350,0.15681003584229392,68905381.05,33385997.36,0.48451945045879696
LRQ-698409,2025-02-12,2025,56730.88,351,2232,351,0.15725806451612903,68905381.05,33442728.24,0.48534276612929345
LRQ-201234,2024-11-06,2024,56517.72,352,2232,352,0.15770609318996415,68905381.05,33499245.96,0.48616298828232085
LRQ-625358,2021-01-03,2021,56396.18,353,2232,353,0.1581541218637993,68905381.05,33555642.14,0.48698144656729975
LRQ-294751,2018-09-28,2018,56294.62,354,2232,354,0.1586021505376344,68905381.05,33611936.76,0.4877984309470704
LRQ-751054,2023-10-22,2023,55961.98,355,2232,355,0.15905017921146952,68905381.05,33667898.74,0.4886105878373922
LRQ-255166,2025-03-30,2025,55892.72,356,2232,356,0.15949820788530467,68905381.05,33723791.46,0.4894217395812515
LRQ-325825,2023-05-10,2023,55497.07,357,2232,357,0.15994623655913978,68905381.05,33779288.53,0.49022714939329115
LRQ-497921,2023-05-10,2023,55497.07,358,2232,358,0.1603942652329749,68905381.05,33834785.60,0.4910325592053308
LRQ-482741,2023-11-18,2023,55492.03,359,2232,359,0.16084229390681004,68905381.05,33890277.63,0.4918378958735909
LRQ-652963,2023-11-18,2023,55492.03,360,2232,360,0.16129032258064516,68905381.05,33945769.66,0.49264323254185094
LRQ-532849,2024-01-25,2024,55200.00,361,2232,361,0.1617383512544803,68905381.05,34000969.66,0.4934443310795681
LRQ-218332,2022-06-11,2022,55134.02,362,2232,362,0.16218637992831542,68905381.05,34056103.68,0.4942444720723303
LRQ-719098,2022-06-11,2022,55134.02,363,2232,363,0.16263440860215053,68905381.05,34111237.70,0.49504461306509245
LRQ-817742,2025-06-25,2025,55053.20,364,2232,364,0.16308243727598568,68905381.05,34166290.90,0.4958435811451042
LRQ-445758,2025-09-08,2025,54935.04,365,2232,365,0.1635304659498208,68905381.05,34221225.94,0.4966408344098403
LRQ-350608,2018-09-14,2018,54794.15,366,2232,366,0.1639784946236559,68905381.05,34276020.09,0.4974360429866603
LRQ-474914,2018-09-14,2018,54794.15,367,2232,367,0.16442652329749105,68905381.05,34330814.24,0.4982312515634801
LRQ-798908,2018-09-14,2018,54794.15,368,2232,368,0.16487455197132617,68905381.05,34385608.39,0.4990264601402999
LRQ-203170,2024-10-03,2024,54701.43,369,2232,369,0.16532258064516128,68905381.05,34440309.82,0.4998203231037789
LRQ-812064,2024-10-03,2024,54701.43,370,2232,370,0.16577060931899643,68905381.05,34495011.25,0.5006141860672578
LRQ-543934,2023-09-17,2023,54632.51,371,2232,371,0.16621863799283154,68905381.05,34549643.76,0.501407048818577
LRQ-664929,2023-09-17,2023,54632.51,372,2232,372,0.16666666666666666,68905381.05,34604276.27,0.5021999115698963
LRQ-378726,2025-09-13,2025,54287.73,373,2232,373,0.1671146953405018,68905381.05,34658564.00,0.5029877706481387
LRQ-932935,2025-09-13,2025,54287.73,374,2232,374,0.16756272401433692,68905381.05,34712851.73,0.5037756297263811
LRQ-293230,2023-08-15,2023,54029.83,375,2232,375,0.16801075268817203,68905381.05,34766881.56,0.5045597459909846
LRQ-940895,2018-08-20,2018,53906.44,376,2232,376,0.16845878136200718,68905381.05,34820788.00,0.5053420715391284
LRQ-733156,2022-08-24,2022,53817.13,377,2232,377,0.1689068100358423,68905381.05,34874605.13,0.5061231009620838
LRQ-168946,2020-08-24,2020,53777.02,378,2232,378,0.1693548387096774,68905381.05,34928382.15,0.5069035482824603
LRQ-362072,2020-08-24,2020,53777.02,379,2232,379,0.16980286738351255,68905381.05,34982159.17,0.507683995602837
LRQ-536801,2023-06-14,2023,53769.95,380,2232,380,0.17025089605734767,68905381.05,35035929.12,0.508464340318745
LRQ-553959,2024-04-27,2024,53739.72,381,2232,381,0.17069892473118278,68905381.05,35089668.84,0.5092442463171025
LRQ-650410,2019-01-06,2019,53671.18,382,2232,382,0.17114695340501793,68905381.05,35143340.02,0.5100231576181089
LRQ-852114,2025-02-23,2025,52972.55,383,2232,383,0.17159498207885304,68905381.05,35196312.57,0.510791929943184
LRQ-745024,2023-08-10,2023,52828.94,384,2232,384,0.17204301075268819,68905381.05,35249141.51,0.5115586181059222
LRQ-284013,2022-03-18,2022,52808.00,385,2232,385,0.1724910394265233,68905381.05,35301949.51,0.5123250023736716
LRQ-635686,2023-05-01,2023,52766.78,386,2232,386,0.17293906810035842,68905381.05,35354716.29,0.5130907884297956
LRQ-210022,2022-10-08,2022,52720.31,387,2232,387,0.17338709677419356,68905381.05,35407436.60,0.5138559000828572
LRQ-597730,2022-10-08,2022,52720.31,388,2232,388,0.17383512544802868,68905381.05,35460156.91,0.5146210117359187
LRQ-629486,2024-05-10,2024,52355.51,389,2232,389,0.1742831541218638,68905381.05,35512512.42,0.5153808291725571
LRQ-554914,2025-04-15,2025,52344.89,390,2232,390,0.17473118279569894,68905381.05,35564857.31,0.5161404924848029
LRQ-608339,2025-04-15,2025,52344.89,391,2232,391,0.17517921146953405,68905381.05,35617202.20,0.5169001557970486
LRQ-371897,2022-05-11,2022,52335.25,392,2232,392,0.17562724014336917,68905381.05,35669537.45,0.5176596792073034
LRQ-699523,2024-06-19,2024,52291.11,393,2232,393,0.1760752688172043,68905381.05,35721828.56,0.5184185620289811
LRQ-149778,2022-12-26,2022,51983.29,394,2232,394,0.17652329749103943,68905381.05,35773811.85,0.5191729775652987
LRQ-201971,2022-12-26,2022,51983.29,395,2232,395,0.17697132616487454,68905381.05,35825795.14,0.5199273931016162
LRQ-715579,2023-07-17,2023,51696.86,396,2232,396,0.1774193548387097,68905381.05,35877492.00,0.5206776517782569
LRQ-645633,2023-09-09,2023,51582.89,397,2232,397,0.1778673835125448,68905381.05,35929074.89,0.5214262564476451
LRQ-788992,2023-09-09,2023,51582.89,398,2232,398,0.17831541218637992,68905381.05,35980657.78,0.5221748611170333
LRQ-432690,2025-05-04,2025,51467.41,399,2232,399,0.17876344086021506,68905381.05,36032125.19,0.5229217898650602
LRQ-901355,2022-11-19,2022,51423.20,400,2232,400,0.17921146953405018,68905381.05,36083548.39,0.5236680770086243
LRQ-973454,2022-11-19,2022,51423.20,401,2232,401,0.1796594982078853,68905381.05,36134971.59,0.5244143641521885
LRQ-104196,2025-05-04,2025,51366.65,402,2232,402,0.18010752688172044,68905381.05,36186338.24,0.525159830605131
LRQ-459187,2025-05-04,2025,51366.65,403,2232,403,0.18055555555555555,68905381.05,36237704.89,0.5259052970580735
LRQ-546033,2025-05-04,2025,51366.65,404,2232,404,0.18100358422939067,68905381.05,36289071.54,0.5266507635110161
LRQ-379993,2024-12-30,2024,51322.88,405,2232,405,0.1814516129032258,68905381.05,36340394.42,0.5273955947450638
LRQ-178578,2024-12-08,2024,51230.20,406,2232,406,0.18189964157706093,68905381.05,36391624.62,0.5281390809462768
LRQ-176405,2023-04-11,2023,51032.18,407,2232,407,0.18234767025089607,68905381.05,36442656.80,0.5288796933516123
LRQ-356544,2024-07-20,2024,50941.71,408,2232,408,0.1827956989247312,68905381.05,36493598.51,0.5296189927970799
LRQ-368089,2018-11-08,2018,50847.37,409,2232,409,0.1832437275985663,68905381.05,36544445.88,0.5303569231187062
LRQ-662123,2022-10-18,2022,50725.93,410,2232,410,0.18369175627240145,68905381.05,36595171.81,0.5310930910235494
LRQ-290945,2022-06-24,2022,50675.02,411,2232,411,0.18413978494623656,68905381.05,36645846.83,0.5318285200891433
LRQ-859675,2022-06-24,2022,50675.02,412,2232,412,0.18458781362007168,68905381.05,36696521.85,0.5325639491547374
LRQ-928100,2022-06-24,2022,50675.02,413,2232,413,0.18503584229390682,68905381.05,36747196.87,0.5332993782203312
LRQ-331790,2025-03-15,2025,50634.08,414,2232,414,0.18548387096774194,68905381.05,36797830.95,0.5340342131378433
LRQ-262288,2023-11-18,2023,50284.20,415,2232,415,0.18593189964157705,68905381.05,36848115.15,0.5347639703677395
LRQ-488410,2023-11-18,2023,50284.20,416,2232,416,0.1863799283154122,68905381.05,36898399.35,0.5354937275976359
LRQ-577716,2023-11-18,2023,50284.20,417,2232,417,0.1868279569892473,68905381.05,36948683.55,0.5362234848275322
LRQ-862980,2023-11-18,2023,50284.20,418,2232,418,0.18727598566308243,68905381.05,36998967.75,0.5369532420574286
LRQ-393820,2020-08-16,2020,50274.84,419,2232,419,0.18772401433691757,68905381.05,37049242.59,0.5376828634488773
LRQ-196988,2020-07-07,2020,50182.25,420,2232,420,0.1881720430107527,68905381.05,37099424.84,0.5384111411136301
LRQ-292150,2020-07-07,2020,50182.25,421,2232,421,0.1886200716845878,68905381.05,37149607.09,0.539139418778383
LRQ-860835,2023-07-28,2023,50149.46,422,2232,422,0.18906810035842295,68905381.05,37199756.55,0.5398672205731891
LRQ-272924,2020-08-14,2020,50124.69,423,2232,423,0.18951612903225806,68905381.05,37249881.24,0.5405946628895394
LRQ-159130,2024-10-31,2024,50082.08,424,2232,424,0.18996415770609318,68905381.05,37299963.32,0.541321486821674
LRQ-259687,2023-03-04,2023,50004.32,425,2232,425,0.19041218637992832,68905381.05,37349967.64,0.5420471822497817
LRQ-812319,2023-03-04,2023,50004.32,426,2232,426,0.19086021505376344,68905381.05,37399971.96,0.5427728776778893
LRQ-129810,2019-10-21,2019,49894.23,427,2232,427,0.19130824372759855,68905381.05,37449866.19,0.5434969754078445
LRQ-221873,2018-08-10,2018,49730.49,428,2232,428,0.1917562724014337,68905381.05,37499596.68,0.5442186968357241
LRQ-381096,2023-05-19,2023,49452.10,429,2232,429,0.1922043010752688,68905381.05,37549048.78,0.5449363780856706
LRQ-299670,2023-09-20,2023,49431.71,430,2232,430,0.19265232974910393,68905381.05,37598480.49,0.5456537634225884
LRQ-554039,2023-09-20,2023,49431.71,431,2232,431,0.19310035842293907,68905381.05,37647912.20,0.5463711487595061
LRQ-217209,2019-08-20,2019,49358.85,432,2232,432,0.1935483870967742,68905381.05,37697271.05,0.5470874767044046
LRQ-240569,2019-08-20,2019,49358.85,433,2232,433,0.19399641577060933,68905381.05,37746629.90,0.5478038046493032
LRQ-305294,2019-08-20,2019,49358.85,434,2232,434,0.19444444444444445,68905381.05,37795988.75,0.5485201325942018
LRQ-456127,2025-02-25,2025,49353.12,435,2232,435,0.19489247311827956,68905381.05,37845341.87,0.5492363773815891
LRQ-956520,2025-02-25,2025,49353.12,436,2232,436,0.1953405017921147,68905381.05,37894694.99,0.5499526221689766
LRQ-153956,2022-05-28,2022,49341.18,437,2232,437,0.19578853046594982,68905381.05,37944036.17,0.550668693675267
LRQ-936795,2024-02-26,2024,49294.59,438,2232,438,0.19623655913978494,68905381.05,37993330.76,0.5513840890369766
LRQ-326757,2023-01-24,2023,49154.44,439,2232,439,0.19668458781362008,68905381.05,38042485.20,0.5520974504501344
LRQ-435826,2023-01-24,2023,49154.44,440,2232,440,0.1971326164874552,68905381.05,38091639.64,0.5528108118632921
LRQ-702359,2018-06-15,2018,48927.35,441,2232,441,0.1975806451612903,68905381.05,38140566.99,0.5535208775977011
LRQ-444421,2025-08-06,2025,48894.15,442,2232,442,0.19802867383512546,68905381.05,38189461.14,0.5542304615119751
LRQ-562817,2025-08-06,2025,48894.15,443,2232,443,0.19847670250896057,68905381.05,38238355.29,0.5549400454262491
LRQ-174521,2023-07-22,2023,48401.66,444,2232,444,0.1989247311827957,68905381.05,38286756.95,0.5556424820032253
LRQ-993766,2022-07-06,2022,48380.33,445,2232,445,0.19937275985663083,68905381.05,38335137.28,0.5563446090252773
LRQ-677772,2023-05-18,2023,48379.45,446,2232,446,0.19982078853046595,68905381.05,38383516.73,0.5570467232761932
LRQ-720792,2023-05-18,2023,48379.45,447,2232,447,0.20026881720430106,68905381.05,38431896.18,0.5577488375271092
LRQ-641524,2024-09-18,2024,48371.26,448,2232,448,0.2007168458781362,68905381.05,38480267.44,0.5584508329193835
LRQ-520092,2024-07-19,2024,48365.78,449,2232,449,0.20116487455197132,68905381.05,38528633.22,0.5591527487823101
LRQ-998850,2024-07-19,2024,48365.78,450,2232,450,0.20161290322580644,68905381.05,38576999.00,0.5598546646452368
LRQ-477665,2023-09-22,2023,48353.21,451,2232,451,0.20206093189964158,68905381.05,38625352.21,0.5605563980840942
LRQ-735072,2023-09-22,2023,48353.21,452,2232,452,0.2025089605734767,68905381.05,38673705.42,0.5612581315229517
LRQ-795007,2025-06-09,2025,48338.05,453,2232,453,0.20295698924731181,68905381.05,38722043.47,0.5619596449499643
LRQ-278671,2024-05-17,2024,48298.68,454,2232,454,0.20340501792114696,68905381.05,38770342.15,0.5626605870137626
LRQ-982537,2024-05-17,2024,48298.68,455,2232,455,0.20385304659498207,68905381.05,38818640.83,0.5633615290775611
LRQ-104723,2023-04-27,2023,48222.15,456,2232,456,0.20430107526881722,68905381.05,38866862.98,0.5640613604878976
LRQ-345588,2023-04-27,2023,48222.15,457,2232,457,0.20474910394265233,68905381.05,38915085.13,0.5647611918982343
LRQ-361548,2023-04-27,2023,48222.15,458,2232,458,0.20519713261648745,68905381.05,38963307.28,0.5654610233085708
LRQ-486238,2023-04-27,2023,48222.15,459,2232,459,0.2056451612903226,68905381.05,39011529.43,0.5661608547189073
LRQ-753148,2023-09-24,2023,48074.08,460,2232,460,0.2060931899641577,68905381.05,39059603.51,0.5668585372404671
LRQ-563098,2024-06-07,2024,47786.16,461,2232,461,0.20654121863799282,68905381.05,39107389.67,0.5675520412784947
LRQ-151704,2023-02-17,2023,47760.16,462,2232,462,0.20698924731182797,68905381.05,39155149.83,0.5682451679875007
LRQ-607398,2020-02-24,2020,47727.65,463,2232,463,0.20743727598566308,68905381.05,39202877.48,0.5689378228901035
LRQ-980083,2024-08-05,2024,47683.42,464,2232,464,0.2078853046594982,68905381.05,39250560.90,0.5696298358979904
LRQ-859432,2024-03-28,2024,47435.44,465,2232,465,0.20833333333333334,68905381.05,39297996.34,0.5703182500577726
LRQ-829829,2023-04-07,2023,47423.22,466,2232,466,0.20878136200716846,68905381.05,39345419.56,0.5710064868729147
LRQ-395418,2025-02-07,2025,47314.29,467,2232,467,0.20922939068100357,68905381.05,39392733.85,0.5716931428245835
LRQ-457551,2024-11-14,2024,47169.32,468,2232,468,0.20967741935483872,68905381.05,39439903.17,0.5723776948767052
LRQ-408001,2023-12-05,2023,46995.73,469,2232,469,0.21012544802867383,68905381.05,39486898.90,0.5730597276771028
LRQ-511662,2024-02-15,2024,46765.33,470,2232,470,0.21057347670250895,68905381.05,39533664.23,0.5737384167618648
LRQ-332060,2023-03-13,2023,46728.20,471,2232,471,0.2110215053763441,68905381.05,39580392.43,0.5744165669917589
LRQ-991038,2023-03-13,2023,46728.20,472,2232,472,0.2114695340501792,68905381.05,39627120.63,0.5750947172216531
LRQ-578307,2020-02-09,2020,46475.99,473,2232,473,0.21191756272401432,68905381.05,39673596.62,0.5757692072149131
LRQ-857063,2024-10-11,2024,46368.00,474,2232,474,0.21236559139784947,68905381.05,39719964.62,0.5764421299865956
LRQ-458073,2023-07-10,2023,46345.35,475,2232,475,0.21281362007168458,68905381.05,39766309.97,0.5771147240466498
LRQ-588767,2022-04-02,2022,46276.57,476,2232,476,0.2132616487455197,68905381.05,39812586.54,0.5777863199263158
LRQ-397487,2025-05-29,2025,46047.09,477,2232,477,0.21370967741935484,68905381.05,39858633.63,0.5784545854419886
LRQ-735842,2025-05-29,2025,46047.09,478,2232,478,0.21415770609318996,68905381.05,39904680.72,0.5791228509576611
LRQ-154500,2024-09-23,2024,45633.36,479,2232,479,0.2146057347670251,68905381.05,39950314.08,0.5797851121527177
LRQ-634442,2022-05-03,2022,45201.83,480,2232,480,0.21505376344086022,68905381.05,39995515.91,0.5804411107019051
LRQ-725611,2022-05-03,2022,45201.83,481,2232,481,0.21550179211469533,68905381.05,40040717.74,0.5810971092510925
LRQ-591323,2022-09-27,2022,45121.11,482,2232,482,0.21594982078853048,68905381.05,40085838.85,0.5817519363387949
LRQ-489768,2022-08-08,2022,44913.31,483,2232,483,0.2163978494623656,68905381.05,40130752.16,0.5824037476968571
LRQ-840959,2025-01-30,2025,44897.14,484,2232,484,0.2168458781362007,68905381.05,40175649.30,0.5830553243852934
LRQ-256317,2025-06-18,2025,44890.17,485,2232,485,0.21729390681003585,68905381.05,40220539.47,0.5837067999205267
LRQ-904758,2025-04-18,2025,44794.05,486,2232,486,0.21774193548387097,68905381.05,40265333.52,0.5843568804993933
LRQ-532300,2020-04-18,2020,44658.46,487,2232,487,0.21818996415770608,68905381.05,40309991.98,0.5850049933074131
LRQ-514262,2025-04-18,2025,44521.45,488,2232,488,0.21863799283154123,68905381.05,40354513.43,0.5856511177366169
LRQ-946982,2025-04-08,2025,44466.62,489,2232,489,0.21908602150537634,68905381.05,40398980.05,0.5862964464369651
LRQ-987561,2025-04-08,2025,44466.62,490,2232,490,0.21953405017921146,68905381.05,40443446.67,0.5869417751373135
LRQ-816415,2019-02-22,2019,44204.49,491,2232,491,0.2199820788530466,68905381.05,40487651.16,0.5875832996354934
LRQ-311371,2023-07-09,2023,44033.24,492,2232,492,0.22043010752688172,68905381.05,40531684.40,0.5882223388415614
LRQ-785498,2022-09-09,2022,43984.17,493,2232,493,0.22087813620071683,68905381.05,40575668.57,0.5888606659116647
LRQ-630630,2023-03-30,2023,43741.92,494,2232,494,0.22132616487455198,68905381.05,40619410.49,0.5894954772911746
LRQ-774952,2023-09-29,2023,43671.00,495,2232,495,0.2217741935483871,68905381.05,40663081.49,0.5901292594332153
LRQ-480288,2018-06-14,2018,43567.67,496,2232,496,0.2222222222222222,68905381.05,40706649.16,0.590761541982649
LRQ-504715,2018-06-14,2018,43567.67,497,2232,497,0.22267025089605735,68905381.05,40750216.83,0.5913938245320828
LRQ-814021,2019-11-19,2019,43467.04,498,2232,498,0.22311827956989247,68905381.05,40793683.87,0.5920246466730772
LRQ-814178,2023-06-16,2023,43244.25,499,2232,499,0.22356630824372759,68905381.05,40836928.12,0.592652235539738
LRQ-485342,2019-01-12,2019,43200.51,500,2232,500,0.22401433691756273,68905381.05,40880128.63,0.5932791896228836
LRQ-254449,2019-01-29,2019,43186.31,501,2232,501,0.22446236559139784,68905381.05,40923314.94,0.5939059376263329
LRQ-834567,2019-01-29,2019,43186.31,502,2232,502,0.224910394265233,68905381.05,40966501.25,0.5945326856297822
LRQ-159871,2024-06-28,2024,43170.93,503,2232,503,0.2253584229390681,68905381.05,41009672.18,0.5951592104286026
LRQ-267733,2024-06-28,2024,43170.93,504,2232,504,0.22580645161290322,68905381.05,41052843.11,0.5957857352274232
LRQ-408019,2023-01-26,2023,43152.43,505,2232,505,0.22625448028673836,68905381.05,41095995.54,0.5964119915421323
LRQ-427434,2021-01-30,2021,42893.23,506,2232,506,0.22670250896057348,68905381.05,41138888.77,0.5970344861767513
LRQ-458387,2025-09-04,2025,42674.02,507,2232,507,0.2271505376344086,68905381.05,41181562.79,0.5976537994923402
LRQ-688928,2025-09-04,2025,42674.02,508,2232,508,0.22759856630824374,68905381.05,41224236.81,0.5982731128079293
LRQ-714508,2025-09-04,2025,42674.02,509,2232,509,0.22804659498207885,68905381.05,41266910.83,0.5988924261235182
LRQ-882788,2025-09-04,2025,42674.02,510,2232,510,0.22849462365591397,68905381.05,41309584.85,0.5995117394391073
LRQ-265835,2022-04-23,2022,42637.20,511,2232,511,0.2289426523297491,68905381.05,41352222.05,0.6001305183987514
LRQ-847724,2022-11-11,2022,42592.58,512,2232,512,0.22939068100358423,68905381.05,41394814.63,0.6007486498037442
LRQ-873210,2022-11-11,2022,42592.58,513,2232,513,0.22983870967741934,68905381.05,41437407.21,0.601366781208737
LRQ-646870,2024-03-07,2024,42354.96,514,2232,514,0.2302867383512545,68905381.05,41479762.17,0.6019814641167274
LRQ-739156,2024-03-07,2024,42354.96,515,2232,515,0.2307347670250896,68905381.05,41522117.13,0.6025961470247179
LRQ-259245,2023-11-20,2023,42334.66,516,2232,516,0.23118279569892472,68905381.05,41564451.79,0.6032105353258184
LRQ-923282,2023-11-20,2023,42334.66,517,2232,517,0.23163082437275986,68905381.05,41606786.45,0.6038249236269191
LRQ-991161,2025-01-01,2025,42252.69,518,2232,518,0.23207885304659498,68905381.05,41649039.14,0.6044381223257165
LRQ-862007,2023-06-14,2023,41847.38,519,2232,519,0.2325268817204301,68905381.05,41690886.52,0.60504543890045
LRQ-437860,2023-12-13,2023,41744.34,520,2232,520,0.23297491039426524,68905381.05,41732630.86,0.6056512600912466
LRQ-280177,2024-09-18,2024,41650.88,521,2232,521,0.23342293906810035,68905381.05,41774281.74,0.6062557249293378
LRQ-362498,2024-09-18,2024,41650.88,522,2232,522,0.23387096774193547,68905381.05,41815932.62,0.606860189767429
LRQ-789874,2024-09-18,2024,41650.88,523,2232,523,0.23431899641577061,68905381.05,41857583.50,0.6074646546055201
LRQ-596570,2025-04-21,2025,41618.89,524,2232,524,0.23476702508960573,68905381.05,41899202.39,0.6080686551837885
LRQ-621714,2023-09-21,2023,41354.00,525,2232,525,0.23521505376344087,68905381.05,41940556.39,0.6086688115049615
LRQ-748586,2023-09-21,2023,41354.00,526,2232,526,0.235663082437276,68905381.05,41981910.39,0.6092689678261347
LRQ-246486,2025-04-08,2025,41324.06,527,2232,527,0.2361111111111111,68905381.05,42023234.45,0.6098686896384271
LRQ-786389,2025-04-08,2025,41324.06,528,2232,528,0.23655913978494625,68905381.05,42064558.51,0.6104684114507194
LRQ-300571,2023-11-09,2023,41169.08,529,2232,529,0.23700716845878136,68905381.05,42105727.59,0.6110658840917912
LRQ-150063,2023-11-04,2023,41160.45,530,2232,530,0.23745519713261648,68905381.05,42146888.04,0.6116632314886531
LRQ-561574,2023-11-04,2023,41160.45,531,2232,531,0.23790322580645162,68905381.05,42188048.49,0.6122605788855151
LRQ-780342,2023-11-04,2023,41160.45,532,2232,532,0.23835125448028674,68905381.05,42229208.94,0.612857926282377
LRQ-894744,2022-08-19,2022,41032.00,533,2232,533,0.23879928315412186,68905381.05,42270240.94,0.6134534095287468
LRQ-183838,2024-03-28,2024,40895.44,534,2232,534,0.239247311827957,68905381.05,42311136.38,0.614046910926995
LRQ-340642,2024-03-28,2024,40895.44,535,2232,535,0.23969534050179211,68905381.05,42352031.82,0.6146404123252432
LRQ-800168,2025-06-25,2025,40843.69,536,2232,536,0.24014336917562723,68905381.05,42392875.51,0.6152331626936123
LRQ-198310,2019-09-07,2019,40823.53,537,2232,537,0.24059139784946237,68905381.05,42433699.04,0.6158256204868633
LRQ-352034,2019-09-07,2019,40823.53,538,2232,538,0.2410394265232975,68905381.05,42474522.57,0.6164180782801143
LRQ-450451,2023-12-24,2023,40786.71,539,2232,539,0.2414874551971326,68905381.05,42515309.28,0.6170100017174204
LRQ-656026,2023-12-24,2023,40786.71,540,2232,540,0.24193548387096775,68905381.05,42556095.99,0.6176019251547264
LRQ-990052,2023-12-24,2023,40786.71,541,2232,541,0.24238351254480286,68905381.05,42596882.70,0.6181938485920325
LRQ-648896,2023-08-10,2023,40567.71,542,2232,542,0.24283154121863798,68905381.05,42637450.41,0.618782593757966
LRQ-867183,2018-10-24,2018,40556.12,543,2232,543,0.24327956989247312,68905381.05,42678006.53,0.619371170722232
LRQ-175670,2022-08-04,2022,40406.09,544,2232,544,0.24372759856630824,68905381.05,42718412.62,0.619957570352918
LRQ-227455,2022-08-04,2022,40406.09,545,2232,545,0.24417562724014336,68905381.05,42758818.71,0.6205439699836041
LRQ-281168,2019-01-10,2019,40202.31,546,2232,546,0.2446236559139785,68905381.05,42799021.02,0.6211274122255217
LRQ-620092,2022-11-29,2022,40179.16,547,2232,547,0.24507168458781362,68905381.05,42839200.18,0.6217105184994838
LRQ-680591,2022-11-29,2022,40179.16,548,2232,548,0.24551971326164876,68905381.05,42879379.34,0.6222936247734459
LRQ-951540,2025-07-07,2025,40143.35,549,2232,549,0.24596774193548387,68905381.05,42919522.69,0.6228762113492441
LRQ-611820,2023-01-26,2023,40138.68,550,2232,550,0.246415770609319,68905381.05,42959661.37,0.6234587301509451
LRQ-902592,2023-01-26,2023,40138.68,551,2232,551,0.24686379928315413,68905381.05,42999800.05,0.6240412489526462
LRQ-121725,2019-04-30,2019,40058.11,552,2232,552,0.24731182795698925,68905381.05,43039858.16,0.6246225984697605
LRQ-381053,2019-04-30,2019,40058.11,553,2232,553,0.24775985663082437,68905381.05,43079916.27,0.6252039479868751
LRQ-268476,2022-07-05,2022,39895.56,554,2232,554,0.2482078853046595,68905381.05,43119811.83,0.625782938471973
LRQ-551627,2025-02-18,2025,39776.33,555,2232,555,0.24865591397849462,68905381.05,43159588.16,0.6263601986132548
LRQ-566694,2024-09-13,2024,39744.00,556,2232,556,0.24910394265232974,68905381.05,43199332.16,0.6269369895604111
LRQ-785736,2024-08-10,2024,39657.80,557,2232,557,0.24955197132616488,68905381.05,43238989.96,0.6275125295167351
LRQ-122916,2023-10-15,2023,39638.97,558,2232,558,0.25,68905381.05,43278628.93,0.6280877961997716
LRQ-200366,2018-06-21,2018,39568.67,559,2232,559,0.25044802867383514,68905381.05,43318197.60,0.6286620426431849
LRQ-368779,2018-06-21,2018,39568.67,560,2232,560,0.25089605734767023,68905381.05,43357766.27,0.6292362890865982
LRQ-635450,2018-06-21,2018,39568.67,561,2232,561,0.2513440860215054,68905381.05,43397334.94,0.6298105355300114
LRQ-502066,2025-01-10,2025,39337.43,562,2232,562,0.2517921146953405,68905381.05,43436672.37,0.6303814260671591
LRQ-276972,2018-12-19,2018,39299.99,563,2232,563,0.2522401433691756,68905381.05,43475972.36,0.630951773250516
LRQ-732766,2018-12-19,2018,39299.99,564,2232,564,0.25268817204301075,68905381.05,43515272.35,0.6315221204338729
LRQ-585066,2023-11-25,2023,39277.47,565,2232,565,0.2531362007168459,68905381.05,43554549.82,0.6320921407922466
LRQ-777480,2023-11-25,2023,39277.47,566,2232,566,0.253584229390681,68905381.05,43593827.29,0.6326621611506204
LRQ-819425,2023-07-20,2023,39259.09,567,2232,567,0.2540322580645161,68905381.05,43633086.38,0.6332319147664013
LRQ-617537,2024-06-27,2024,39248.56,568,2232,568,0.25448028673835127,68905381.05,43672334.94,0.6338015155639285
LRQ-869607,2024-06-27,2024,39248.56,569,2232,569,0.25492831541218636,68905381.05,43711583.50,0.6343711163614558
LRQ-195525,2020-08-01,2020,39245.91,570,2232,570,0.2553763440860215,68905381.05,43750829.41,0.6349406787004481
LRQ-981416,2020-08-01,2020,39245.91,571,2232,571,0.25582437275985664,68905381.05,43790075.32,0.6355102410394406
LRQ-285960,2023-12-04,2023,39177.63,572,2232,572,0.25627240143369173,68905381.05,43829252.95,0.6360788124543723
LRQ-578786,2023-12-04,2023,39177.63,573,2232,573,0.2567204301075269,68905381.05,43868430.58,0.6366473838693038
LRQ-526856,2019-11-10,2019,39092.36,574,2232,574,0.257168458781362,68905381.05,43907522.94,0.6372147177901718
LRQ-728770,2022-07-08,2022,39084.95,575,2232,575,0.2576164874551971,68905381.05,43946607.89,0.6377819441722687
LRQ-329537,2023-01-02,2023,39009.86,576,2232,576,0.25806451612903225,68905381.05,43985617.75,0.6383480807991265
LRQ-845678,2021-02-16,2021,38664.99,577,2232,577,0.2585125448028674,68905381.05,44024282.74,0.6389092124467688
LRQ-480889,2025-01-11,2025,38497.71,578,2232,578,0.2589605734767025,68905381.05,44062780.45,0.639467916417538
LRQ-545018,2025-01-11,2025,38497.71,579,2232,579,0.2594086021505376,68905381.05,44101278.16,0.640026620388307
LRQ-317847,2023-11-14,2023,38447.37,580,2232,580,0.25985663082437277,68905381.05,44139725.53,0.6405845937920404
LRQ-446636,2023-11-14,2023,38447.37,581,2232,581,0.26030465949820786,68905381.05,44178172.90,0.6411425671957734
LRQ-337097,2024-04-17,2024,38429.96,582,2232,582,0.260752688172043,68905381.05,44216602.86,0.6417002879341889
LRQ-467676,2018-08-09,2018,38401.39,583,2232,583,0.26120071684587814,68905381.05,44255004.25,0.6422575940460604
LRQ-143821,2024-11-28,2024,38400.06,584,2232,584,0.2616487455197133,68905381.05,44293404.31,0.6428148808561012
LRQ-825064,2024-11-28,2024,38400.06,585,2232,585,0.2620967741935484,68905381.05,44331804.37,0.6433721676661419
LRQ-398951,2022-11-14,2022,38362.27,586,2232,586,0.2625448028673835,68905381.05,44370166.64,0.6439289060429628
LRQ-341071,2019-01-03,2019,38351.80,587,2232,587,0.26299283154121866,68905381.05,44408518.44,0.6444854924722893
LRQ-949332,2023-12-08,2023,38320.12,588,2232,588,0.26344086021505375,68905381.05,44446838.56,0.6450416191407159
LRQ-401932,2025-01-10,2025,38289.74,589,2232,589,0.2638888888888889,68905381.05,44485128.30,0.6455973049146936
LRQ-539448,2025-01-10,2025,38289.74,590,2232,590,0.26433691756272404,68905381.05,44523418.04,0.6461529906886714
LRQ-220676,2023-07-03,2023,38239.25,591,2232,591,0.2647849462365591,68905381.05,44561657.29,0.6467079437187149
LRQ-306791,2023-07-03,2023,38239.25,592,2232,592,0.26523297491039427,68905381.05,44599896.54,0.6472628967487584
LRQ-863440,2024-07-08,2024,38216.80,593,2232,593,0.2656810035842294,68905381.05,44638113.34,0.6478175239697046
LRQ-270187,2022-08-05,2022,38215.71,594,2232,594,0.2661290322580645,68905381.05,44676329.05,0.6483721353718571
LRQ-891654,2022-08-05,2022,38215.71,595,2232,595,0.26657706093189965,68905381.05,44714544.76,0.6489267467740097
LRQ-804789,2018-10-10,2018,38011.09,596,2232,596,0.2670250896057348,68905381.05,44752555.85,0.6494783885967641
LRQ-697198,2025-02-18,2025,37864.99,597,2232,597,0.2674731182795699,68905381.05,44790420.84,0.6500279101206713
LRQ-317432,2022-06-29,2022,37836.97,598,2232,598,0.267921146953405,68905381.05,44828257.81,0.6505770249999946
LRQ-820355,2025-03-01,2025,37761.53,599,2232,599,0.26836917562724016,68905381.05,44866019.34,0.6511250450446497
LRQ-977425,2025-03-01,2025,37761.53,600,2232,600,0.26881720430107525,68905381.05,44903780.87,0.6516730650893048
LRQ-466632,2024-12-02,2024,37470.05,601,2232,601,0.2692652329749104,68905381.05,44941250.92,0.6522168549853772
LRQ-280160,2023-12-19,2023,37381.83,602,2232,602,0.26971326164874554,68905381.05,44978632.75,0.6527593645750545
LRQ-708458,2023-12-19,2023,37381.83,603,2232,603,0.2701612903225806,68905381.05,45016014.58,0.6533018741647318
LRQ-770820,2023-12-19,2023,37381.83,604,2232,604,0.27060931899641577,68905381.05,45053396.41,0.6538443837544092
LRQ-142337,2025-03-21,2025,37317.68,605,2232,605,0.2710573476702509,68905381.05,45090714.09,0.6543859623572897
LRQ-764506,2025-03-21,2025,37317.68,606,2232,606,0.271505376344086,68905381.05,45128031.77,0.6549275409601701
LRQ-586818,2023-04-26,2023,37272.46,607,2232,607,0.27195340501792115,68905381.05,45165304.23,0.6554684633008063
LRQ-729124,2023-04-26,2023,37272.46,608,2232,608,0.2724014336917563,68905381.05,45202576.69,0.6560093856414426
LRQ-603678,2023-03-13,2023,37250.03,609,2232,609,0.2728494623655914,68905381.05,45239826.72,0.6565499824632346
LRQ-200326,2022-04-17,2022,37199.78,610,2232,610,0.2732974910394265,68905381.05,45277026.50,0.6570898500241296
LRQ-176380,2023-06-03,2023,37083.14,611,2232,611,0.27374551971326166,68905381.05,45314109.64,0.657628024828984
LRQ-673444,2023-06-03,2023,37083.14,612,2232,612,0.27419354838709675,68905381.05,45351192.78,0.6581661996338384
LRQ-858826,2023-08-23,2023,36919.18,613,2232,613,0.2746415770609319,68905381.05,45388111.96,0.6587019949438332
LRQ-306802,2023-10-25,2023,36829.77,614,2232,614,0.27508960573476704,68905381.05,45424941.73,0.6592364926773742
LRQ-720685,2023-07-05,2023,36644.58,615,2232,615,0.27553763440860213,68905381.05,45461586.31,0.6597683028123971
LRQ-308345,2025-10-25,2025,36369.72,616,2232,616,0.27598566308243727,68905381.05,45497956.03,0.6602961239991576
LRQ-237156,2018-12-30,2018,36355.33,617,2232,617,0.2764336917562724,68905381.05,45534311.36,0.6608237363488174
LRQ-336529,2025-03-27,2025,36328.67,618,2232,618,0.2768817204301075,68905381.05,45570640.03,0.6613509617911039
LRQ-841347,2025-03-27,2025,36328.67,619,2232,619,0.27732974910394265,68905381.05,45606968.70,0.6618781872333903
LRQ-471012,2024-12-24,2024,36270.82,620,2232,620,0.2777777777777778,68905381.05,45643239.52,0.6624045731186041
LRQ-904496,2018-07-11,2018,36228.22,621,2232,621,0.2782258064516129,68905381.05,45679467.74,0.662930340764729
LRQ-685291,2025-06-09,2025,36197.95,622,2232,622,0.278673835125448,68905381.05,45715665.69,0.6634556691127971
LRQ-285594,2024-02-16,2024,36164.35,623,2232,623,0.27912186379928317,68905381.05,45751830.04,0.6639805098356684
LRQ-587222,2024-02-20,2024,36035.68,624,2232,624,0.27956989247311825,68905381.05,45787865.72,0.6645034832152633
LRQ-500720,2023-09-24,2023,35935.20,625,2232,625,0.2800179211469534,68905381.05,45823800.92,0.6650249983633173
LRQ-819787,2024-06-14,2024,35909.00,626,2232,626,0.28046594982078854,68905381.05,45859709.92,0.6655461332798188
LRQ-475161,2023-08-21,2023,35896.84,627,2232,627,0.28091397849462363,68905381.05,45895606.76,0.6660670917224396
LRQ-982796,2023-08-21,2023,35896.84,628,2232,628,0.28136200716845877,68905381.05,45931503.60,0.6665880501650604
LRQ-579589,2023-02-15,2023,35721.15,629,2232,629,0.2818100358422939,68905381.05,45967224.75,0.6671064588793825
LRQ-250684,2024-03-29,2024,35550.47,630,2232,630,0.28225806451612906,68905381.05,46002775.22,0.6676223905738056
LRQ-312267,2023-01-03,2023,35523.52,631,2232,631,0.28270609318996415,68905381.05,46038298.74,0.6681379311521854
LRQ-257779,2024-02-07,2024,35500.61,632,2232,632,0.2831541218637993,68905381.05,46073799.35,0.6686531392456468
LRQ-637940,2024-02-07,2024,35500.61,633,2232,633,0.28360215053763443,68905381.05,46109299.96,0.6691683473391081
LRQ-546824,2025-10-31,2025,35448.43,634,2232,634,0.2840501792114695,68905381.05,46144748.39,0.669682798162249
LRQ-389901,2024-12-21,2024,35447.51,635,2232,635,0.28449820788530467,68905381.05,46180195.90,0.6701972356337473
LRQ-888395,2024-11-18,2024,35343.62,636,2232,636,0.2849462365591398,68905381.05,46215539.52,0.6707101653855524
LRQ-687086,2023-11-17,2023,35305.31,637,2232,637,0.2853942652329749,68905381.05,46250844.83,0.6712225391575568
LRQ-363815,2023-10-28,2023,35280.01,638,2232,638,0.28584229390681004,68905381.05,46286124.84,0.6717345457593984
LRQ-946661,2023-10-28,2023,35280.01,639,2232,639,0.2862903225806452,68905381.05,46321404.85,0.6722465523612398
LRQ-611049,2022-08-20,2022,35241.76,640,2232,640,0.2867383512544803,68905381.05,46356646.61,0.67275800385404
LRQ-291465,2024-06-20,2024,35227.63,641,2232,641,0.2871863799283154,68905381.05,46391874.24,0.67326925028303
LRQ-391516,2025-05-08,2025,34962.15,642,2232,642,0.28763440860215056,68905381.05,46426836.39,0.6737766438924584
LRQ-282723,2023-03-04,2023,34894.96,643,2232,643,0.28808243727598565,68905381.05,46461731.35,0.6742830623966196
LRQ-299612,2023-03-04,2023,34894.96,644,2232,644,0.2885304659498208,68905381.05,46496626.31,0.6747894809007808
LRQ-460349,2018-08-25,2018,34697.34,645,2232,645,0.28897849462365593,68905381.05,46531323.65,0.6752930314141264
LRQ-976561,2022-04-10,2022,34624.68,646,2232,646,0.289426523297491,68905381.05,46565948.33,0.6757955274379838
LRQ-712997,2025-06-14,2025,34611.71,647,2232,647,0.28987455197132617,68905381.05,46600560.04,0.67629783523271
LRQ-276763,2025-12-07,2025,34546.50,648,2232,648,0.2903225806451613,68905381.05,46635106.54,0.6767991966572254
LRQ-868106,2025-12-07,2025,34546.50,649,2232,649,0.2907706093189964,68905381.05,46669653.04,0.6773005580817407
LRQ-199646,2024-01-10,2024,34539.69,650,2232,650,0.29121863799283154,68905381.05,46704192.73,0.6778018206750778
LRQ-190520,2023-10-17,2023,34513.23,651,2232,651,0.2916666666666667,68905381.05,46738705.96,0.6783026992635723
LRQ-774392,2023-06-04,2023,34470.65,652,2232,652,0.2921146953405018,68905381.05,46773176.61,0.678802959903231
LRQ-921287,2023-06-04,2023,34470.65,653,2232,653,0.2925627240143369,68905381.05,46807647.26,0.6793032205428896
LRQ-417960,2025-10-26,2025,34371.14,654,2232,654,0.29301075268817206,68905381.05,46842018.40,0.6798020370282822
LRQ-380007,2023-09-07,2023,34301.50,655,2232,655,0.29345878136200715,68905381.05,46876319.90,0.6802998428524037
LRQ-980574,2023-09-07,2023,34301.50,656,2232,656,0.2939068100358423,68905381.05,46910621.40,0.6807976486765253
LRQ-523250,2022-07-11,2022,34265.71,657,2232,657,0.29435483870967744,68905381.05,46944887.11,0.6812949350927362
LRQ-180738,2022-04-30,2022,34234.60,658,2232,658,0.2948028673835125,68905381.05,46979121.71,0.6817917700202603
LRQ-561632,2022-04-30,2022,34234.60,659,2232,659,0.29525089605734767,68905381.05,47013356.31,0.6822886049477844
LRQ-971110,2018-08-26,2018,34205.73,660,2232,660,0.2956989247311828,68905381.05,47047562.04,0.6827850208949683
LRQ-720801,2025-07-23,2025,34180.89,661,2232,661,0.2961469534050179,68905381.05,47081742.93,0.6832810763478102
LRQ-400488,2023-10-25,2023,34044.86,662,2232,662,0.29659498207885304,68905381.05,47115787.79,0.6837751576442375
LRQ-643214,2023-10-25,2023,34044.86,663,2232,663,0.2970430107526882,68905381.05,47149832.65,0.6842692389406647
LRQ-265390,2023-09-01,2023,33974.79,664,2232,664,0.2974910394265233,68905381.05,47183807.44,0.6847623033353794
LRQ-485548,2023-09-01,2023,33974.79,665,2232,665,0.2979390681003584,68905381.05,47217782.23,0.685255367730094
LRQ-830828,2019-01-02,2019,33844.74,666,2232,666,0.29838709677419356,68905381.05,47251626.97,0.6857465447540689
LRQ-932079,2019-01-02,2019,33844.74,667,2232,667,0.29883512544802865,68905381.05,47285471.71,0.686237721778044
LRQ-843594,2023-04-05,2023,33665.95,668,2232,668,0.2992831541218638,68905381.05,47319137.66,0.6867263040844906
LRQ-854381,2023-04-05,2023,33665.95,669,2232,669,0.29973118279569894,68905381.05,47352803.61,0.6872148863909374
LRQ-151127,2025-07-23,2025,33551.83,670,2232,670,0.300179211469534,68905381.05,47386355.44,0.6877018125132334
LRQ-581789,2023-05-02,2023,33534.17,671,2232,671,0.30062724014336917,68905381.05,47419889.61,0.6881884823420478
LRQ-374557,2023-02-25,2023,33532.14,672,2232,672,0.3010752688172043,68905381.05,47453421.75,0.6886751227101733
LRQ-436610,2023-02-25,2023,33532.14,673,2232,673,0.3015232974910394,68905381.05,47486953.89,0.6891617630782988
LRQ-973992,2018-09-04,2018,33506.11,674,2232,674,0.30197132616487454,68905381.05,47520460.00,0.6896480256820233
LRQ-460152,2025-10-30,2025,33488.00,675,2232,675,0.3024193548387097,68905381.05,47553948.00,0.6901340254615718
LRQ-707073,2025-10-30,2025,33488.00,676,2232,676,0.30286738351254483,68905381.05,47587436.00,0.6906200252411201
LRQ-761641,2024-03-31,2024,33320.47,677,2232,677,0.3033154121863799,68905381.05,47620756.47,0.6911035937156319
LRQ-993033,2024-03-31,2024,33320.47,678,2232,678,0.30376344086021506,68905381.05,47654076.94,0.6915871621901436
LRQ-415290,2023-08-07,2023,33297.60,679,2232,679,0.3042114695340502,68905381.05,47687374.54,0.6920703987602431
LRQ-100702,2019-12-27,2019,33235.31,680,2232,680,0.3046594982078853,68905381.05,47720609.85,0.6925527313370834
LRQ-637497,2024-02-04,2024,33213.82,681,2232,681,0.30510752688172044,68905381.05,47753823.67,0.6930347520369747
LRQ-839555,2019-08-29,2019,33120.00,682,2232,682,0.3055555555555556,68905381.05,47786943.67,0.693515411159605
LRQ-231547,2024-12-17,2024,33042.72,683,2232,683,0.30600358422939067,68905381.05,47819986.39,0.6939949487442825
LRQ-636131,2023-04-29,2023,33031.77,684,2232,684,0.3064516129032258,68905381.05,47853018.16,0.6944743274153913
LRQ-479098,2023-09-14,2023,32977.71,685,2232,685,0.30689964157706096,68905381.05,47885995.87,0.6949529215323887
LRQ-785110,2025-07-22,2025,32977.29,686,2232,686,0.30734767025089604,68905381.05,47918973.16,0.6954315095540713
LRQ-837810,2024-04-04,2024,32951.12,687,2232,687,0.3077956989247312,68905381.05,47951924.28,0.6959097177795812
LRQ-829199,2025-05-26,2025,32820.98,688,2232,688,0.30824372759856633,68905381.05,47984745.26,0.6963860373282124
LRQ-893267,2025-05-26,2025,32820.98,689,2232,689,0.3086917562724014,68905381.05,48017566.24,0.6968623568768437
LRQ-946925,2023-10-27,2023,32788.74,690,2232,690,0.30913978494623656,68905381.05,48050354.98,0.6973382085374884
LRQ-295725,2022-11-25,2022,32711.10,691,2232,691,0.3095878136200717,68905381.05,48083066.08,0.6978129334356247
LRQ-208756,2023-08-05,2023,32692.55,692,2232,692,0.3100358422939068,68905381.05,48115758.63,0.6982873891240168
LRQ-827001,2025-10-23,2025,32689.05,693,2232,693,0.31048387096774194,68905381.05,48148447.68,0.6987617940181176
LRQ-372845,2025-07-13,2025,32671.85,694,2232,694,0.3109318996415771,68905381.05,48181119.53,0.6992359492945581
LRQ-777550,2024-03-31,2024,32592.53,695,2232,695,0.31137992831541217,68905381.05,48213712.06,0.6997089534272303
LRQ-537141,2023-10-30,2023,32468.29,696,2232,696,0.3118279569892473,68905381.05,48246180.35,0.7001801545076863
LRQ-406325,2024-10-05,2024,32429.45,697,2232,697,0.31227598566308246,68905381.05,48278609.80,0.700650791916635
LRQ-450614,2024-10-05,2024,32429.45,698,2232,698,0.31272401433691754,68905381.05,48311039.25,0.7011214293255839
LRQ-931178,2018-11-29,2018,32418.32,699,2232,699,0.3131720430107527,68905381.05,48343457.57,0.7015919052086862
LRQ-612461,2022-10-12,2022,32384.00,700,2232,700,0.31362007168458783,68905381.05,48375841.57,0.7020618830174803
LRQ-634593,2025-06-17,2025,32309.37,701,2232,701,0.3140681003584229,68905381.05,48408150.94,0.7025307777468563
LRQ-559922,2023-05-31,2023,32303.65,702,2232,702,0.31451612903225806,68905381.05,48440454.59,0.7029995894638479
LRQ-939964,2020-10-29,2020,32209.24,703,2232,703,0.3149641577060932,68905381.05,48472663.83,0.703467031041112
LRQ-857758,2024-10-03,2024,32090.28,704,2232,704,0.3154121863799283,68905381.05,48504754.11,0.7039327461929767
LRQ-939201,2024-10-03,2024,32090.28,705,2232,705,0.31586021505376344,68905381.05,48536844.39,0.7043984613448415
LRQ-713295,2025-05-30,2025,32052.05,706,2232,706,0.3163082437275986,68905381.05,48568896.44,0.7048636216779183
LRQ-266217,2025-01-30,2025,32030.37,707,2232,707,0.31675627240143367,68905381.05,48600926.81,0.7053284673766419
LRQ-270979,2025-01-30,2025,32030.37,708,2232,708,0.3172043010752688,68905381.05,48632957.18,0.7057933130753654
LRQ-940398,2024-03-22,2024,31927.33,709,2232,709,0.31765232974910396,68905381.05,48664884.51,0.7062566633901519
LRQ-743045,2023-03-23,2023,31894.78,710,2232,710,0.31810035842293904,68905381.05,48696779.29,0.7067195413180289
LRQ-172773,2020-04-02,2020,31857.10,711,2232,711,0.3185483870967742,68905381.05,48728636.39,0.707181872409078
LRQ-720083,2025-04-21,2025,31740.00,712,2232,712,0.31899641577060933,68905381.05,48760376.39,0.7076425040682655
LRQ-928013,2025-04-21,2025,31740.00,713,2232,713,0.3194444444444444,68905381.05,48792116.39,0.7081031357274528
LRQ-908114,2024-08-21,2024,31645.02,714,2232,714,0.31989247311827956,68905381.05,48823761.41,0.7085623889746997
LRQ-553883,2022-05-29,2022,31521.04,715,2232,715,0.3203405017921147,68905381.05,48855282.45,0.7090198429430209
LRQ-795942,2022-05-29,2022,31521.04,716,2232,716,0.3207885304659498,68905381.05,48886803.49,0.709477296911342
LRQ-243778,2022-05-03,2022,31466.67,717,2232,717,0.32123655913978494,68905381.05,48918270.16,0.7099339618266286
LRQ-474502,2025-11-25,2025,31370.53,718,2232,718,0.3216845878136201,68905381.05,48949640.69,0.7103892314952955
LRQ-216901,2024-01-25,2024,31321.62,719,2232,719,0.32213261648745517,68905381.05,48980962.31,0.7108437913500226
LRQ-557236,2024-01-25,2024,31321.62,720,2232,720,0.3225806451612903,68905381.05,49012283.93,0.7112983512047497
LRQ-471733,2022-06-15,2022,31262.54,721,2232,721,0.32302867383512546,68905381.05,49043546.47,0.7117520536518389
LRQ-860018,2022-06-15,2022,31262.54,722,2232,722,0.3234767025089606,68905381.05,49074809.01,0.7122057560989281
LRQ-498419,2023-09-13,2023,31246.42,723,2232,723,0.3239247311827957,68905381.05,49106055.43,0.712659224602024
LRQ-702891,2025-06-22,2025,31184.65,724,2232,724,0.32437275985663083,68905381.05,49137240.08,0.713111796658441
LRQ-853330,2025-06-22,2025,31184.65,725,2232,725,0.324820788530466,68905381.05,49168424.73,0.7135643687148582
LRQ-718015,2023-10-30,2023,31104.85,726,2232,726,0.32526881720430106,68905381.05,49199529.58,0.7140157826614326
LRQ-527016,2023-01-04,2023,30985.91,727,2232,727,0.3257168458781362,68905381.05,49230515.49,0.7144654704728609
LRQ-416599,2024-11-28,2024,30982.64,728,2232,728,0.32616487455197135,68905381.05,49261498.13,0.7149151108279084
LRQ-837219,2019-08-09,2019,30927.09,729,2232,729,0.32661290322580644,68905381.05,49292425.22,0.7153639450049889
LRQ-770764,2024-10-13,2024,30823.96,730,2232,730,0.3270609318996416,68905381.05,49323249.18,0.7158112824919934
LRQ-156923,2024-12-13,2024,30820.35,731,2232,731,0.3275089605734767,68905381.05,49354069.53,0.7162585675883147
LRQ-661471,2024-12-13,2024,30820.35,732,2232,732,0.3279569892473118,68905381.05,49384889.88,0.7167058526846359
LRQ-567514,2025-02-23,2025,30803.51,733,2232,733,0.32840501792114696,68905381.05,49415693.39,0.7171528933878525
LRQ-895430,2025-02-23,2025,30803.51,734,2232,734,0.3288530465949821,68905381.05,49446496.90,0.717599934091069
LRQ-652306,2018-06-24,2018,30735.89,735,2232,735,0.3293010752688172,68905381.05,49477232.79,0.718045993448577
LRQ-634589,2023-06-18,2023,30562.40,736,2232,736,0.32974910394265233,68905381.05,49507795.19,0.7184895350056264
LRQ-714800,2019-01-14,2019,30558.70,737,2232,737,0.3301971326164875,68905381.05,49538353.89,0.7189330228658536
LRQ-935782,2021-01-25,2021,30536.81,738,2232,738,0.33064516129032256,68905381.05,49568890.70,0.7193761930440701
LRQ-254972,2024-01-04,2024,30511.52,739,2232,739,0.3310931899641577,68905381.05,49599402.22,0.7198189961972499
LRQ-189200,2022-04-18,2022,30356.61,740,2232,740,0.33154121863799285,68905381.05,49629758.83,0.720259551195095
LRQ-696065,2022-04-18,2022,30356.61,741,2232,741,0.33198924731182794,68905381.05,49660115.44,0.7207001061929401
LRQ-338110,2022-08-16,2022,30277.44,742,2232,742,0.3324372759856631,68905381.05,49690392.88,0.7211395122239151
LRQ-445614,2022-08-16,2022,30277.44,743,2232,743,0.3328853046594982,68905381.05,49720670.32,0.7215789182548901
LRQ-511913,2025-07-13,2025,30197.97,744,2232,744,0.3333333333333333,68905381.05,49750868.29,0.7220171709651986
LRQ-804876,2019-03-22,2019,30183.67,745,2232,745,0.33378136200716846,68905381.05,49781051.96,0.7224552161445452
LRQ-121364,2023-05-30,2023,30176.00,746,2232,746,0.3342293906810036,68905381.05,49811227.96,0.7228931500118306
LRQ-388527,2023-05-30,2023,30176.00,747,2232,747,0.3346774193548387,68905381.05,49841403.96,0.723331083879116
LRQ-214563,2023-05-12,2023,30138.70,748,2232,748,0.33512544802867383,68905381.05,49871542.66,0.7237684764243822
LRQ-505051,2022-12-16,2022,30126.89,749,2232,749,0.335573476702509,68905381.05,49901669.55,0.7242056975751968
LRQ-327004,2020-11-05,2020,30116.48,750,2232,750,0.33602150537634407,68905381.05,49931786.03,0.7246427676492764
LRQ-242803,2023-10-14,2023,30110.59,751,2232,751,0.3364695340501792,68905381.05,49961896.62,0.7250797522438198
LRQ-503091,2018-07-14,2018,30028.80,752,2232,752,0.33691756272401435,68905381.05,49991925.42,0.7255155498483381
LRQ-536166,2018-07-14,2018,30028.80,753,2232,753,0.33736559139784944,68905381.05,50021954.22,0.7259513474528562
LRQ-460782,2025-04-13,2025,30010.33,754,2232,754,0.3378136200716846,68905381.05,50051964.55,0.7263868770086426
LRQ-263378,2020-08-27,2020,30008.74,755,2232,755,0.3382616487455197,68905381.05,50081973.29,0.726822383489308
LRQ-966911,2020-08-27,2020,30008.74,756,2232,756,0.3387096774193548,68905381.05,50111982.03,0.7272578899699735
LRQ-595826,2019-05-09,2019,29881.60,757,2232,757,0.33915770609318996,68905381.05,50141863.63,0.7276915513117245
LRQ-598611,2019-05-09,2019,29881.60,758,2232,758,0.3396057347670251,68905381.05,50171745.23,0.7281252126534753
LRQ-362321,2023-03-22,2023,29870.32,759,2232,759,0.3400537634408602,68905381.05,50201615.55,0.7285587102924815
LRQ-279757,2025-10-27,2025,29730.78,760,2232,760,0.34050179211469533,68905381.05,50231346.33,0.7289901828356553
LRQ-160411,2018-07-12,2018,29699.68,761,2232,761,0.3409498207885305,68905381.05,50261046.01,0.7294212040352689
LRQ-184264,2022-06-22,2022,29644.42,762,2232,762,0.34139784946236557,68905381.05,50290690.43,0.7298514232655855
LRQ-634897,2022-06-22,2022,29644.42,763,2232,763,0.3418458781362007,68905381.05,50320334.85,0.730281642495902
LRQ-304483,2025-01-03,2025,29610.79,764,2232,764,0.34229390681003585,68905381.05,50349945.64,0.7307113736656421
LRQ-187269,2025-11-04,2025,29577.76,765,2232,765,0.34274193548387094,68905381.05,50379523.40,0.7311406254823983
LRQ-685971,2025-11-04,2025,29577.76,766,2232,766,0.3431899641577061,68905381.05,50409101.16,0.7315698772991547
LRQ-918352,2023-01-08,2023,29538.18,767,2232,767,0.34363799283154123,68905381.05,50438639.34,0.7319985547050394
LRQ-657161,2023-01-12,2023,29512.83,768,2232,768,0.34408602150537637,68905381.05,50468152.17,0.732426864215128
LRQ-791162,2024-07-28,2024,29460.63,769,2232,769,0.34453405017921146,68905381.05,50497612.80,0.7328544161646429
LRQ-861491,2024-07-28,2024,29460.63,770,2232,770,0.3449820788530466,68905381.05,50527073.43,0.7332819681141579
LRQ-547244,2023-10-16,2023,29440.02,771,2232,771,0.34543010752688175,68905381.05,50556513.45,0.7337092209578602
LRQ-141353,2023-09-23,2023,29436.41,772,2232,772,0.34587813620071683,68905381.05,50585949.86,0.7341364214108791
LRQ-640591,2023-09-23,2023,29436.41,773,2232,773,0.346326164874552,68905381.05,50615386.27,0.734563621863898
LRQ-564525,2023-08-14,2023,29399.94,774,2232,774,0.3467741935483871,68905381.05,50644786.21,0.7349902930404011
LRQ-790426,2023-08-01,2023,29382.33,775,2232,775,0.3472222222222222,68905381.05,50674168.54,0.7354167086490555
LRQ-939078,2023-08-01,2023,29382.33,776,2232,776,0.34767025089605735,68905381.05,50703550.87,0.7358431242577099
LRQ-125466,2024-07-15,2024,29374.39,777,2232,777,0.3481182795698925,68905381.05,50732925.26,0.7362694246358863
LRQ-647515,2024-07-15,2024,29374.39,778,2232,778,0.3485663082437276,68905381.05,50762299.65,0.7366957250140627
LRQ-119258,2025-05-26,2025,29313.10,779,2232,779,0.34901433691756273,68905381.05,50791612.75,0.7371211359116343
LRQ-785227,2023-02-07,2023,29251.75,780,2232,780,0.34946236559139787,68905381.05,50820864.50,0.7375456564578421
LRQ-768950,2023-04-14,2023,29208.62,781,2232,781,0.34991039426523296,68905381.05,50850073.12,0.7379695510732539
LRQ-340970,2020-01-06,2020,29166.32,782,2232,782,0.3503584229390681,68905381.05,50879239.44,0.7383928318033733
LRQ-994650,2020-01-06,2020,29166.32,783,2232,783,0.35080645161290325,68905381.05,50908405.76,0.7388161125334928
LRQ-132759,2023-07-20,2023,29122.38,784,2232,784,0.35125448028673834,68905381.05,50937528.14,0.739238755577566
LRQ-984251,2023-07-20,2023,29122.38,785,2232,785,0.3517025089605735,68905381.05,50966650.52,0.7396613986216394
LRQ-716239,2023-05-08,2023,29052.96,786,2232,786,0.3521505376344086,68905381.05,50995703.48,0.7400830341972254
LRQ-850143,2023-02-18,2023,28913.13,787,2232,787,0.3525985663082437,68905381.05,51024616.61,0.7405026404683093
LRQ-956343,2023-02-18,2023,28913.13,788,2232,788,0.35304659498207885,68905381.05,51053529.74,0.7409222467393931
LRQ-188073,2023-10-12,2023,28828.68,789,2232,789,0.353494623655914,68905381.05,51082358.42,0.7413406274167902
LRQ-907017,2019-09-02,2019,28807.50,790,2232,790,0.3539426523297491,68905381.05,51111165.92,0.7417587007161613
LRQ-990813,2023-11-30,2023,28736.18,791,2232,791,0.35439068100358423,68905381.05,51139902.10,0.7421757389730015
LRQ-639704,2019-05-24,2019,28693.94,792,2232,792,0.3548387096774194,68905381.05,51168596.04,0.7425921642153084
LRQ-461371,2022-11-12,2022,28422.44,793,2232,793,0.35528673835125446,68905381.05,51197018.48,0.7430046492718728
LRQ-483145,2022-11-12,2022,28422.44,794,2232,794,0.3557347670250896,68905381.05,51225440.92,0.7434171343284373
LRQ-419501,2024-03-18,2024,28350.89,795,2232,795,0.35618279569892475,68905381.05,51253791.81,0.7438285810045601
LRQ-210473,2022-11-09,2022,28260.41,796,2232,796,0.35663082437275984,68905381.05,51282052.22,0.7442387145756885
LRQ-210654,2022-11-09,2022,28260.41,797,2232,797,0.357078853046595,68905381.05,51310312.63,0.7446488481468169
LRQ-442576,2023-05-19,2023,28249.43,798,2232,798,0.3575268817204301,68905381.05,51338562.06,0.745058822368997
LRQ-207247,2025-06-25,2025,28243.32,799,2232,799,0.3579749103942652,68905381.05,51366805.38,0.7454687079188571
LRQ-585895,2019-04-24,2019,28144.77,800,2232,800,0.35842293906810035,68905381.05,51394950.15,0.7458771632465996
LRQ-873384,2020-10-12,2020,28141.20,801,2232,801,0.3588709677419355,68905381.05,51423091.35,0.746285566764165
LRQ-337572,2023-02-22,2023,28123.74,802,2232,802,0.3593189964157706,68905381.05,51451215.09,0.7466937168907798
LRQ-222264,2023-04-25,2023,28060.72,803,2232,803,0.35976702508960573,68905381.05,51479275.81,0.7471009524298974
LRQ-637987,2024-07-03,2024,27984.04,804,2232,804,0.3602150537634409,68905381.05,51507259.85,0.747507075138655
LRQ-737249,2025-02-26,2025,27966.84,805,2232,805,0.36066308243727596,68905381.05,51535226.69,0.7479129482297522
LRQ-663438,2023-06-24,2023,27898.43,806,2232,806,0.3611111111111111,68905381.05,51563125.12,0.7483178285101436
LRQ-847791,2025-06-24,2025,27830.02,807,2232,807,0.36155913978494625,68905381.05,51590955.14,0.7487217159798292
LRQ-301717,2024-06-17,2024,27778.87,808,2232,808,0.36200716845878134,68905381.05,51618734.01,0.7491248611272283
LRQ-732063,2024-06-17,2024,27778.87,809,2232,809,0.3624551971326165,68905381.05,51646512.88,0.7495280062746276
LRQ-734532,2025-11-01,2025,27697.04,810,2232,810,0.3629032258064516,68905381.05,51674209.92,0.7499299638514952
LRQ-382457,2023-05-15,2023,27685.82,811,2232,811,0.3633512544802867,68905381.05,51701895.74,0.7503317585963775
LRQ-462391,2024-04-23,2024,27610.18,812,2232,812,0.36379928315412186,68905381.05,51729505.92,0.7507324556040607
LRQ-661570,2023-07-25,2023,27564.40,813,2232,813,0.364247311827957,68905381.05,51757070.32,0.751132488222413
LRQ-779789,2022-11-18,2022,27544.49,814,2232,814,0.36469534050179214,68905381.05,51784614.81,0.7515322318938109
LRQ-245989,2022-05-11,2022,27518.71,815,2232,815,0.36514336917562723,68905381.05,51812133.52,0.7519316014289715
LRQ-436591,2024-05-23,2024,27307.84,816,2232,816,0.3655913978494624,68905381.05,51839441.36,0.752327910680642
LRQ-490633,2025-02-16,2025,27304.53,817,2232,817,0.3660394265232975,68905381.05,51866745.89,0.7527241718954256
LRQ-323683,2023-07-11,2023,27265.76,818,2232,818,0.3664874551971326,68905381.05,51894011.65,0.7531198704545877
LRQ-923718,2023-07-11,2023,27265.76,819,2232,819,0.36693548387096775,68905381.05,51921277.41,0.7535155690137497
LRQ-775284,2022-11-08,2022,27259.80,820,2232,820,0.3673835125448029,68905381.05,51948537.21,0.7539111810774901
LRQ-552524,2022-07-09,2022,27221.90,821,2232,821,0.367831541218638,68905381.05,51975759.11,0.7543062431116184
LRQ-754174,2023-03-09,2023,27178.82,822,2232,822,0.3682795698924731,68905381.05,52002937.93,0.7547006799405835
LRQ-801999,2023-03-09,2023,27178.82,823,2232,823,0.36872759856630827,68905381.05,52030116.75,0.7550951167695488
LRQ-801512,2020-08-19,2020,27151.22,824,2232,824,0.36917562724014336,68905381.05,52057267.97,0.755489153049245
LRQ-129422,2025-02-20,2025,27149.75,825,2232,825,0.3696236559139785,68905381.05,52084417.72,0.7558831679953391
LRQ-692299,2025-02-20,2025,27149.75,826,2232,826,0.37007168458781364,68905381.05,52111567.47,0.756277182941433
LRQ-797428,2025-02-20,2025,27149.75,827,2232,827,0.37051971326164873,68905381.05,52138717.22,0.756671197887527
LRQ-914651,2025-02-20,2025,27149.75,828,2232,828,0.3709677419354839,68905381.05,52165866.97,0.7570652128336209
LRQ-942695,2022-09-23,2022,27140.72,829,2232,829,0.371415770609319,68905381.05,52193007.69,0.7574590967304432
LRQ-302174,2024-11-28,2024,26890.83,830,2232,830,0.3718637992831541,68905381.05,52219898.52,0.7578493540599904
LRQ-413483,2024-11-28,2024,26890.83,831,2232,831,0.37231182795698925,68905381.05,52246789.35,0.7582396113895375
LRQ-662935,2024-11-28,2024,26890.83,832,2232,832,0.3727598566308244,68905381.05,52273680.18,0.7586298687190847
LRQ-499729,2024-09-19,2024,26882.27,833,2232,833,0.3732078853046595,68905381.05,52300562.45,0.7590200018203078
LRQ-362823,2024-09-24,2024,26877.76,834,2232,834,0.3736559139784946,68905381.05,52327440.21,0.7594100694694584
LRQ-283086,2025-04-16,2025,26766.52,835,2232,835,0.37410394265232977,68905381.05,52354206.73,0.7597985227309036
LRQ-499093,2025-04-16,2025,26766.52,836,2232,836,0.37455197132616486,68905381.05,52380973.25,0.7601869759923489
LRQ-943264,2025-04-16,2025,26766.52,837,2232,837,0.375,68905381.05,52407739.77,0.7605754292537942
LRQ-753248,2023-02-16,2023,26629.90,838,2232,838,0.37544802867383514,68905381.05,52434369.67,0.7609618997963585
LRQ-159456,2024-03-11,2024,26608.31,839,2232,839,0.37589605734767023,68905381.05,52460977.98,0.7613480570107086
LRQ-532844,2022-09-07,2022,26588.57,840,2232,840,0.3763440860215054,68905381.05,52487566.55,0.7617339277452555
LRQ-562874,2022-09-07,2022,26588.57,841,2232,841,0.3767921146953405,68905381.05,52514155.12,0.7621197984798025
LRQ-866533,2023-03-08,2023,26578.52,842,2232,842,0.3772401433691756,68905381.05,52540733.64,0.76250552336217
LRQ-950781,2023-03-08,2023,26578.52,843,2232,843,0.37768817204301075,68905381.05,52567312.16,0.7628912482445375
LRQ-712814,2023-02-05,2023,26476.86,844,2232,844,0.3781362007168459,68905381.05,52593789.02,0.7632754977704315
LRQ-219758,2022-11-18,2022,26289.98,845,2232,845,0.378584229390681,68905381.05,52620079.00,0.7636570351714208
LRQ-603858,2022-11-18,2022,26289.98,846,2232,846,0.3790322580645161,68905381.05,52646368.98,0.7640385725724101
LRQ-540913,2025-04-14,2025,26212.95,847,2232,847,0.37948028673835127,68905381.05,52672581.93,0.7644189920636104
LRQ-600737,2025-04-14,2025,26212.95,848,2232,848,0.37992831541218636,68905381.05,52698794.88,0.7647994115548107
LRQ-875866,2025-04-14,2025,26212.95,849,2232,849,0.3803763440860215,68905381.05,52725007.83,0.7651798310460108
LRQ-572544,2018-07-14,2018,26183.09,850,2232,850,0.38082437275985664,68905381.05,52751190.92,0.7655598171893427
LRQ-876891,2025-05-25,2025,26166.53,851,2232,851,0.38127240143369173,68905381.05,52777357.45,0.7659395630031133
LRQ-341980,2024-12-20,2024,26132.21,852,2232,852,0.3817204301075269,68905381.05,52803489.66,0.7663188107425755
LRQ-441666,2021-02-08,2021,26062.31,853,2232,853,0.382168458781362,68905381.05,52829551.97,0.7666970440474765
LRQ-453104,2023-02-24,2023,26054.40,854,2232,854,0.3826164874551971,68905381.05,52855606.37,0.7670751625572789
LRQ-659684,2018-10-21,2018,26030.11,855,2232,855,0.38306451612903225,68905381.05,52881636.48,0.7674529285546996
LRQ-603504,2022-09-27,2022,25993.07,856,2232,856,0.3835125448028674,68905381.05,52907629.55,0.7678301570033912
LRQ-170095,2024-01-30,2024,25985.40,857,2232,857,0.3839605734767025,68905381.05,52933614.95,0.7682072741400217
LRQ-290218,2024-01-30,2024,25985.40,858,2232,858,0.3844086021505376,68905381.05,52959600.35,0.768584391276652
LRQ-273189,2019-12-21,2019,25973.94,859,2232,859,0.38485663082437277,68905381.05,52985574.29,0.7689613420982598
LRQ-653164,2022-12-22,2022,25955.81,860,2232,860,0.38530465949820786,68905381.05,53011530.10,0.7693380298054386
LRQ-684815,2022-12-22,2022,25955.81,861,2232,861,0.385752688172043,68905381.05,53037485.91,0.7697147175126172
LRQ-540143,2024-12-13,2024,25955.19,862,2232,862,0.38620071684587814,68905381.05,53063441.10,0.7700913962219501
LRQ-129358,2023-12-09,2023,25934.19,863,2232,863,0.3866487455197133,68905381.05,53089375.29,0.7704677701655349
LRQ-546473,2024-11-12,2024,25913.55,864,2232,864,0.3870967741935484,68905381.05,53115288.84,0.7708438445679273
LRQ-687063,2025-06-02,2025,25899.55,865,2232,865,0.3875448028673835,68905381.05,53141188.39,0.7712197157931543
LRQ-943859,2025-06-02,2025,25899.55,866,2232,866,0.38799283154121866,68905381.05,53167087.94,0.7715955870183814
LRQ-705543,2020-07-20,2020,25886.87,867,2232,867,0.38844086021505375,68905381.05,53192974.81,0.7719712742231473
LRQ-908706,2020-07-20,2020,25886.87,868,2232,868,0.3888888888888889,68905381.05,53218861.68,0.772346961427913
LRQ-492881,2020-08-22,2020,25867.11,869,2232,869,0.38933691756272404,68905381.05,53244728.79,0.7727223618626227
LRQ-179814,2024-12-11,2024,25744.67,870,2232,870,0.3897849462365591,68905381.05,53270473.46,0.7730959853678946
LRQ-975662,2022-11-06,2022,25722.34,871,2232,871,0.39023297491039427,68905381.05,53296195.80,0.7734692848055877
LRQ-386991,2023-08-16,2023,25668.42,872,2232,872,0.3906810035842294,68905381.05,53321864.22,0.7738418017209412
LRQ-597757,2025-09-18,2025,25654.20,873,2232,873,0.3911290322580645,68905381.05,53347518.42,0.7742141122663453
LRQ-905972,2022-06-13,2022,25648.77,874,2232,874,0.39157706093189965,68905381.05,53373167.19,0.7745863440080345
LRQ-930206,2022-06-13,2022,25648.77,875,2232,875,0.3920250896057348,68905381.05,53398815.96,0.7749585757497237
LRQ-986633,2025-11-20,2025,25573.46,876,2232,876,0.3924731182795699,68905381.05,53424389.42,0.7753297145433898
LRQ-616386,2019-05-02,2019,25534.29,877,2232,877,0.392921146953405,68905381.05,53449923.71,0.7757002848763725
LRQ-959980,2023-02-10,2023,25512.67,878,2232,878,0.39336917562724016,68905381.05,53475436.38,0.7760705414457614
LRQ-187452,2024-02-28,2024,25491.27,879,2232,879,0.39381720430107525,68905381.05,53500927.65,0.7764404874443401
LRQ-352082,2024-02-28,2024,25491.27,880,2232,880,0.3942652329749104,68905381.05,53526418.92,0.7768104334429191
LRQ-443155,2024-02-28,2024,25491.27,881,2232,881,0.39471326164874554,68905381.05,53551910.19,0.7771803794414979
LRQ-885657,2024-02-28,2024,25491.27,882,2232,882,0.3951612903225806,68905381.05,53577401.46,0.7775503254400769
LRQ-379484,2019-11-22,2019,25467.00,883,2232,883,0.39560931899641577,68905381.05,53602868.46,0.7779199192165269
LRQ-732555,2019-11-22,2019,25467.00,884,2232,884,0.3960573476702509,68905381.05,53628335.46,0.778289512992977
LRQ-158438,2024-09-18,2024,25459.97,885,2232,885,0.396505376344086,68905381.05,53653795.43,0.7786590047454647
LRQ-350767,2024-09-18,2024,25459.97,886,2232,886,0.39695340501792115,68905381.05,53679255.40,0.7790284964979524
LRQ-420763,2024-09-18,2024,25459.97,887,2232,887,0.3974014336917563,68905381.05,53704715.37,0.7793979882504402
LRQ-985391,2024-09-18,2024,25459.97,888,2232,888,0.3978494623655914,68905381.05,53730175.34,0.779767480002928
LRQ-516995,2022-12-11,2022,25451.16,889,2232,889,0.3982974910394265,68905381.05,53755626.50,0.780136843898928
LRQ-409536,2019-04-01,2019,25447.31,890,2232,890,0.39874551971326166,68905381.05,53781073.81,0.7805061519212076
LRQ-244735,2024-10-26,2024,25406.92,891,2232,891,0.39919354838709675,68905381.05,53806480.73,0.7808748737773652
LRQ-787122,2023-08-11,2023,25372.57,892,2232,892,0.3996415770609319,68905381.05,53831853.30,0.7812430971238349
LRQ-248055,2024-01-18,2024,25333.64,893,2232,893,0.40008960573476704,68905381.05,53857186.94,0.7816107554926582
LRQ-388154,2024-01-18,2024,25333.64,894,2232,894,0.40053763440860213,68905381.05,53882520.58,0.7819784138614817
LRQ-818519,2024-01-31,2024,25174.55,895,2232,895,0.40098566308243727,68905381.05,53907695.13,0.782343763412074
LRQ-147445,2023-09-23,2023,25171.20,896,2232,896,0.4014336917562724,68905381.05,53932866.33,0.782709064345273
LRQ-185579,2025-07-20,2025,25148.07,897,2232,897,0.4018817204301075,68905381.05,53958014.40,0.7830740296007694
LRQ-640234,2025-07-20,2025,25148.07,898,2232,898,0.40232974910394265,68905381.05,53983162.47,0.783438994856266
LRQ-756175,2025-07-20,2025,25148.07,899,2232,899,0.4027777777777778,68905381.05,54008310.54,0.7838039601117626
LRQ-896948,2025-07-20,2025,25148.07,900,2232,900,0.4032258064516129,68905381.05,54033458.61,0.7841689253672591
LRQ-479039,2022-12-10,2022,25139.70,901,2232,901,0.403673835125448,68905381.05,54058598.31,0.7845337691518361
LRQ-198444,2023-03-15,2023,25136.64,902,2232,902,0.40412186379928317,68905381.05,54083734.95,0.7848985685276898
LRQ-476598,2023-03-15,2023,25136.64,903,2232,903,0.40456989247311825,68905381.05,54108871.59,0.7852633679035436
LRQ-517922,2022-08-19,2022,25099.18,904,2232,904,0.4050179211469534,68905381.05,54133970.77,0.7856276236353533
LRQ-913411,2019-04-15,2019,25097.32,905,2232,905,0.40546594982078854,68905381.05,54159068.09,0.7859918523736255
LRQ-716139,2023-01-08,2023,25008.51,906,2232,906,0.40591397849462363,68905381.05,54184076.60,0.7863547922430364
LRQ-952968,2023-01-08,2023,25008.51,907,2232,907,0.40636200716845877,68905381.05,54209085.11,0.7867177321124473
LRQ-640109,2023-10-25,2023,24967.48,908,2232,908,0.4068100358422939,68905381.05,54234052.59,0.7870800765276372
LRQ-795248,2023-10-25,2023,24967.48,909,2232,909,0.40725806451612906,68905381.05,54259020.07,0.7874424209428271
LRQ-817952,2020-01-11,2020,24930.03,910,2232,910,0.40770609318996415,68905381.05,54283950.10,0.7878042218590997
LRQ-949111,2020-01-11,2020,24930.03,911,2232,911,0.4081541218637993,68905381.05,54308880.13,0.7881660227753723
LRQ-370437,2023-08-14,2023,24928.34,912,2232,912,0.40860215053763443,68905381.05,54333808.47,0.7885277991652584
LRQ-133539,2023-10-22,2023,24766.97,913,2232,913,0.4090501792114695,68905381.05,54358575.44,0.7888872336480607
LRQ-318312,2023-10-22,2023,24766.97,914,2232,914,0.40949820788530467,68905381.05,54383342.41,0.7892466681308629
LRQ-333402,2022-04-02,2022,24752.86,915,2232,915,0.4099462365591398,68905381.05,54408095.27,0.7896058978401079
LRQ-619420,2022-04-02,2022,24752.86,916,2232,916,0.4103942652329749,68905381.05,54432848.13,0.7899651275493528
LRQ-338554,2025-12-15,2025,24730.98,917,2232,917,0.41084229390681004,68905381.05,54457579.11,0.7903240397217135
LRQ-855447,2024-02-17,2024,24711.60,918,2232,918,0.4112903225806452,68905381.05,54482290.71,0.7906826706388267
LRQ-220772,2023-07-07,2023,24696.26,919,2232,919,0.4117383512544803,68905381.05,54506986.97,0.7910410789318173
LRQ-875993,2024-02-28,2024,24672.56,920,2232,920,0.4121863799283154,68905381.05,54531659.53,0.7913991432748924
LRQ-401893,2023-09-21,2023,24618.45,921,2232,921,0.41263440860215056,68905381.05,54556277.98,0.7917564223382232
LRQ-816766,2023-02-27,2023,24447.22,922,2232,922,0.41308243727598565,68905381.05,54580725.20,0.7921112163996952
LRQ-618835,2022-10-08,2022,24445.78,923,2232,923,0.4135304659498208,68905381.05,54605170.98,0.7924659895629443
LRQ-871655,2022-10-08,2022,24445.78,924,2232,924,0.41397849462365593,68905381.05,54629616.76,0.7928207627261935
LRQ-129212,2023-01-26,2023,24439.54,925,2232,925,0.414426523297491,68905381.05,54654056.30,0.7931754453304776
LRQ-423258,2023-01-26,2023,24439.54,926,2232,926,0.41487455197132617,68905381.05,54678495.84,0.7935301279347617
LRQ-624318,2023-03-24,2023,24418.62,927,2232,927,0.4153225806451613,68905381.05,54702914.46,0.7938845069343101
LRQ-255820,2023-04-28,2023,24387.89,928,2232,928,0.4157706093189964,68905381.05,54727302.35,0.7942384399599806
LRQ-421891,2022-07-30,2022,24371.68,929,2232,929,0.41621863799283154,68905381.05,54751674.03,0.7945921377355187
LRQ-198911,2020-01-28,2020,24302.04,930,2232,930,0.4166666666666667,68905381.05,54775976.07,0.7949448248497858
LRQ-333404,2023-01-08,2023,24248.20,931,2232,931,0.4171146953405018,68905381.05,54800224.27,0.7952967306027257
LRQ-681211,2024-08-24,2024,24205.88,932,2232,932,0.4175627240143369,68905381.05,54824430.15,0.7956480221801198
LRQ-672602,2024-04-19,2024,24095.20,933,2232,933,0.41801075268817206,68905381.05,54848525.35,0.7959977074968951
LRQ-394170,2024-04-26,2024,24087.83,934,2232,934,0.41845878136200715,68905381.05,54872613.18,0.7963472858554057
LRQ-599570,2023-01-17,2023,24028.30,935,2232,935,0.4189068100358423,68905381.05,54896641.48,0.7966960002755837
LRQ-146284,2023-10-13,2023,24007.99,936,2232,936,0.41935483870967744,68905381.05,54920649.47,0.7970444199437454
LRQ-894814,2022-09-14,2022,23999.97,937,2232,937,0.4198028673835125,68905381.05,54944649.44,0.7973927232204168
LRQ-879317,2022-03-20,2022,23918.40,938,2232,938,0.42025089605734767,68905381.05,54968567.84,0.7977398426998468
LRQ-510600,2018-12-31,2018,23912.71,939,2232,939,0.4206989247311828,68905381.05,54992480.55,0.7980868796022716
LRQ-321094,2023-02-20,2023,23908.65,940,2232,940,0.4211469534050179,68905381.05,55016389.20,0.7984338575833186
LRQ-105127,2022-09-21,2022,23902.46,941,2232,941,0.42159498207885304,68905381.05,55040291.66,0.7987807457310331
LRQ-227349,2024-09-25,2024,23881.23,942,2232,942,0.4220430107526882,68905381.05,55064172.89,0.7991273257750892
LRQ-648181,2024-09-25,2024,23881.23,943,2232,943,0.4224910394265233,68905381.05,55088054.12,0.799473905819145
LRQ-409897,2023-12-26,2023,23864.01,944,2232,944,0.4229390681003584,68905381.05,55111918.13,0.7998202359552876
LRQ-642870,2023-11-16,2023,23824.12,945,2232,945,0.42338709677419356,68905381.05,55135742.25,0.8001659871816353
LRQ-281059,2022-11-18,2022,23822.42,946,2232,946,0.42383512544802865,68905381.05,55159564.67,0.8005117137364702
LRQ-493142,2022-11-18,2022,23822.42,947,2232,947,0.4242831541218638,68905381.05,55183387.09,0.8008574402913051
LRQ-362020,2018-06-13,2018,23717.78,948,2232,948,0.42473118279569894,68905381.05,55207104.87,0.8012016482419554
LRQ-853879,2023-05-12,2023,23664.63,949,2232,949,0.425179211469534,68905381.05,55230769.50,0.8015450848450101
LRQ-687421,2022-08-10,2022,23594.38,950,2232,950,0.42562724014336917,68905381.05,55254363.88,0.8018875019340743
LRQ-439640,2018-08-28,2018,23496.21,951,2232,951,0.4260752688172043,68905381.05,55277860.09,0.8022284943158298
LRQ-719246,2018-08-28,2018,23496.21,952,2232,952,0.4265232974910394,68905381.05,55301356.30,0.802569486697585
LRQ-882760,2024-03-03,2024,23484.97,953,2232,953,0.42697132616487454,68905381.05,55324841.27,0.8029103159571019
LRQ-404591,2018-07-02,2018,23475.70,954,2232,954,0.4274193548387097,68905381.05,55348316.97,0.80325101068431
LRQ-707214,2018-07-02,2018,23475.70,955,2232,955,0.42786738351254483,68905381.05,55371792.67,0.8035917054115181
LRQ-233949,2023-09-21,2023,23462.21,956,2232,956,0.4283154121863799,68905381.05,55395254.88,0.8039322043630147
LRQ-908076,2023-09-21,2023,23462.21,957,2232,957,0.42876344086021506,68905381.05,55418717.09,0.8042727033145114
LRQ-174176,2018-06-28,2018,23444.97,958,2232,958,0.4292114695340502,68905381.05,55442162.06,0.8046129520678416
LRQ-734924,2018-06-28,2018,23444.97,959,2232,959,0.4296594982078853,68905381.05,55465607.03,0.8049532008211716
LRQ-909612,2018-06-28,2018,23444.97,960,2232,960,0.43010752688172044,68905381.05,55489052.00,0.8052934495745018
LRQ-110529,2022-10-08,2022,23301.45,961,2232,961,0.4305555555555556,68905381.05,55512353.45,0.8056316154716339
LRQ-658392,2022-10-08,2022,23301.45,962,2232,962,0.43100358422939067,68905381.05,55535654.90,0.8059697813687658
LRQ-662028,2022-10-08,2022,23301.45,963,2232,963,0.4314516129032258,68905381.05,55558956.35,0.8063079472658979
LRQ-835919,2022-10-08,2022,23301.45,964,2232,964,0.43189964157706096,68905381.05,55582257.80,0.8066461131630299
LRQ-370850,2025-05-05,2025,23253.55,965,2232,965,0.43234767025089604,68905381.05,55605511.35,0.8069835839040035
LRQ-765420,2025-05-05,2025,23253.55,966,2232,966,0.4327956989247312,68905381.05,55628764.90,0.8073210546449768
LRQ-499756,2023-04-23,2023,23157.93,967,2232,967,0.43324372759856633,68905381.05,55651922.83,0.8076571376859109
LRQ-607049,2023-04-23,2023,23157.93,968,2232,968,0.4336917562724014,68905381.05,55675080.76,0.8079932207268449
LRQ-651921,2023-04-23,2023,23157.93,969,2232,969,0.43413978494623656,68905381.05,55698238.69,0.8083293037677788
LRQ-376714,2023-07-23,2023,23140.67,970,2232,970,0.4345878136200717,68905381.05,55721379.36,0.8086651363202932
LRQ-739160,2023-07-23,2023,23140.67,971,2232,971,0.4350358422939068,68905381.05,55744520.03,0.8090009688728077
LRQ-253611,2022-11-27,2022,23138.50,972,2232,972,0.43548387096774194,68905381.05,55767658.53,0.8093367699328615
LRQ-933258,2022-11-27,2022,23138.50,973,2232,973,0.4359318996415771,68905381.05,55790797.03,0.8096725709929152
LRQ-147094,2024-03-05,2024,23000.00,974,2232,974,0.43637992831541217,68905381.05,55813797.03,0.8100063620502974
LRQ-335008,2025-03-19,2025,22990.95,975,2232,975,0.4368279569892473,68905381.05,55836787.98,0.8103400217681548
LRQ-665104,2022-11-14,2022,22969.88,976,2232,976,0.43727598566308246,68905381.05,55859757.86,0.8106733757043784
LRQ-339230,2022-08-08,2022,22969.68,977,2232,977,0.43772401433691754,68905381.05,55882727.54,0.811006726738071
LRQ-390249,2022-08-08,2022,22969.68,978,2232,978,0.4381720430107527,68905381.05,55905697.22,0.8113400777717635
LRQ-837731,2022-10-26,2022,22906.51,979,2232,979,0.43862007168458783,68905381.05,55928603.73,0.8116725120410607
LRQ-290461,2024-09-03,2024,22895.49,980,2232,980,0.4390681003584229,68905381.05,55951499.22,0.8120047863809035
LRQ-256755,2023-05-20,2023,22862.66,981,2232,981,0.43951612903225806,68905381.05,55974361.88,0.8123365842702934
LRQ-704456,2024-10-17,2024,22810.30,982,2232,982,0.4399641577060932,68905381.05,55997172.18,0.8126676222770849
LRQ-905493,2022-08-17,2022,22792.58,983,2232,983,0.4404121863799283,68905381.05,56019964.76,0.8129984031196356
LRQ-944410,2022-08-17,2022,22792.58,984,2232,984,0.44086021505376344,68905381.05,56042757.34,0.8133291839621865
LRQ-580449,2022-09-15,2022,22750.18,985,2232,985,0.4413082437275986,68905381.05,56065507.52,0.8136593494681792
LRQ-829341,2022-09-15,2022,22750.18,986,2232,986,0.44175627240143367,68905381.05,56088257.70,0.813989514974172
LRQ-693001,2023-07-10,2023,22746.89,987,2232,987,0.4422043010752688,68905381.05,56111004.59,0.814319632733531
LRQ-900950,2023-05-17,2023,22723.83,988,2232,988,0.44265232974910396,68905381.05,56133728.42,0.8146494158310732
LRQ-553129,2022-12-04,2022,22720.91,989,2232,989,0.44310035842293904,68905381.05,56156449.33,0.8149791565516639
LRQ-372784,2022-04-21,2022,22605.82,990,2232,990,0.4435483870967742,68905381.05,56179055.15,0.8153072270108287
LRQ-129178,2023-09-08,2023,22540.00,991,2232,991,0.44399641577060933,68905381.05,56201595.15,0.8156343422470632
LRQ-447555,2023-10-21,2023,22503.46,992,2232,992,0.4444444444444444,68905381.05,56224098.61,0.8159609271908961
LRQ-909688,2023-10-21,2023,22503.46,993,2232,993,0.44489247311827956,68905381.05,56246602.07,0.816287512134729
LRQ-590515,2023-07-06,2023,22474.70,994,2232,994,0.4453405017921147,68905381.05,56269076.77,0.8166136796946137
LRQ-375055,2022-12-10,2022,22471.92,995,2232,995,0.4457885304659498,68905381.05,56291548.69,0.8169398069093183
LRQ-511805,2022-09-23,2022,22448.00,996,2232,996,0.44623655913978494,68905381.05,56313996.69,0.8172655869813232
LRQ-930378,2022-06-03,2022,22365.73,997,2232,997,0.4466845878136201,68905381.05,56336362.42,0.8175901730972287
LRQ-278382,2024-03-24,2024,22352.32,998,2232,998,0.44713261648745517,68905381.05,56358714.74,0.817914564598435
LRQ-745656,2024-03-24,2024,22352.32,999,2232,999,0.4475806451612903,68905381.05,56381067.06,0.8182389560996413
LRQ-587438,2025-04-18,2025,22323.65,1000,2232,1000,0.44802867383512546,68905381.05,56403390.71,0.8185629315230382
LRQ-455041,2023-11-15,2023,22316.11,1001,2232,1001,0.4484767025089606,68905381.05,56425706.82,0.8188867975210189
LRQ-658142,2023-11-15,2023,22316.11,1002,2232,1002,0.4489247311827957,68905381.05,56448022.93,0.8192106635189996
LRQ-628476,2022-09-04,2022,22216.90,1003,2232,1003,0.44937275985663083,68905381.05,56470239.83,0.8195330897165106
LRQ-392840,2020-09-02,2020,22157.28,1004,2232,1004,0.449820788530466,68905381.05,56492397.11,0.8198546506695503
LRQ-175800,2025-04-12,2025,22138.68,1005,2232,1005,0.45026881720430106,68905381.05,56514535.79,0.8201759416872132
LRQ-146654,2023-12-17,2023,22129.07,1006,2232,1006,0.4507168458781362,68905381.05,56536664.86,0.8204970932382646
LRQ-247052,2023-12-17,2023,22129.07,1007,2232,1007,0.45116487455197135,68905381.05,56558793.93,0.8208182447893161
LRQ-815302,2023-08-05,2023,22114.85,1008,2232,1008,0.45161290322580644,68905381.05,56580908.78,0.8211391899704182
LRQ-131323,2018-06-18,2018,22111.52,1009,2232,1009,0.4520609318996416,68905381.05,56603020.30,0.8214600868243802
LRQ-162042,2024-12-14,2024,22102.45,1010,2232,1010,0.4525089605734767,68905381.05,56625122.75,0.8217808520485644
LRQ-703731,2024-12-14,2024,22102.45,1011,2232,1011,0.4529569892473118,68905381.05,56647225.20,0.8221016172727487
LRQ-459466,2022-10-17,2022,22100.20,1012,2232,1012,0.45340501792114696,68905381.05,56669325.40,0.8224223498434597
LRQ-297910,2019-12-10,2019,22083.24,1013,2232,1013,0.4538530465949821,68905381.05,56691408.64,0.8227428362795478
LRQ-758493,2019-12-10,2019,22083.24,1014,2232,1014,0.4543010752688172,68905381.05,56713491.88,0.8230633227156358
LRQ-263213,2023-09-23,2023,22062.67,1015,2232,1015,0.45474910394265233,68905381.05,56735554.55,0.8233835106264171
LRQ-728504,2023-09-23,2023,22062.67,1016,2232,1016,0.4551971326164875,68905381.05,56757617.22,0.8237036985371987
LRQ-813518,2023-09-23,2023,22062.67,1017,2232,1017,0.45564516129032256,68905381.05,56779679.89,0.8240238864479802
LRQ-794304,2022-04-05,2022,22043.79,1018,2232,1018,0.4560931899641577,68905381.05,56801723.68,0.8243438003598414
LRQ-505750,2022-12-30,2022,22011.22,1019,2232,1019,0.45654121863799285,68905381.05,56823734.90,0.8246632415945402
LRQ-752801,2019-08-04,2019,21996.22,1020,2232,1020,0.45698924731182794,68905381.05,56845731.12,0.8249824651394189
LRQ-188831,2023-09-26,2023,21979.11,1021,2232,1021,0.4574372759856631,68905381.05,56867710.23,0.8253014403727762
LRQ-464079,2023-09-26,2023,21979.11,1022,2232,1022,0.4578853046594982,68905381.05,56889689.34,0.8256204156061336
LRQ-246956,2024-02-16,2024,21914.79,1023,2232,1023,0.4583333333333333,68905381.05,56911604.13,0.8259384573855427
LRQ-112598,2023-03-27,2023,21902.92,1024,2232,1024,0.45878136200716846,68905381.05,56933507.05,0.8262563268997407
LRQ-407181,2023-03-27,2023,21902.92,1025,2232,1025,0.4592293906810036,68905381.05,56955409.97,0.8265741964139389
LRQ-491652,2022-08-18,2022,21834.18,1026,2232,1026,0.4596774193548387,68905381.05,56977244.15,0.8268910683282551
LRQ-876756,2023-10-14,2023,21809.61,1027,2232,1027,0.46012544802867383,68905381.05,56999053.76,0.827207583666646
LRQ-262389,2019-02-05,2019,21805.01,1028,2232,1028,0.460573476702509,68905381.05,57020858.77,0.8275240322468256
LRQ-211520,2024-08-31,2024,21783.82,1029,2232,1029,0.46102150537634407,68905381.05,57042642.59,0.8278401733038526
LRQ-541007,2024-05-08,2024,21750.88,1030,2232,1030,0.4614695340501792,68905381.05,57064393.47,0.8281558363140349
LRQ-876348,2024-05-08,2024,21750.88,1031,2232,1031,0.46191756272401435,68905381.05,57086144.35,0.8284714993242172
LRQ-525313,2025-01-16,2025,21741.86,1032,2232,1032,0.46236559139784944,68905381.05,57107886.21,0.8287870314302543
LRQ-579032,2024-02-21,2024,21700.02,1033,2232,1033,0.4628136200716846,68905381.05,57129586.23,0.8291019563268202
LRQ-154636,2019-01-09,2019,21697.17,1034,2232,1034,0.4632616487455197,68905381.05,57151283.40,0.8294168398623202
LRQ-458203,2019-01-09,2019,21697.17,1035,2232,1035,0.4637096774193548,68905381.05,57172980.57,0.8297317233978202
LRQ-846698,2024-01-27,2024,21660.00,1036,2232,1036,0.46415770609318996,68905381.05,57194640.57,0.8300460674979462
LRQ-267103,2022-12-10,2022,21627.25,1037,2232,1037,0.4646057347670251,68905381.05,57216267.82,0.8303599363086318
LRQ-542699,2022-12-10,2022,21627.25,1038,2232,1038,0.4650537634408602,68905381.05,57237895.07,0.8306738051193173
LRQ-599533,2023-05-20,2023,21553.30,1039,2232,1039,0.46550179211469533,68905381.05,57259448.37,0.8309866007191902
LRQ-825863,2023-04-13,2023,21516.78,1040,2232,1040,0.4659498207885305,68905381.05,57280965.15,0.8312988663169144
LRQ-753253,2023-11-30,2023,21503.97,1041,2232,1041,0.46639784946236557,68905381.05,57302469.12,0.8316109460075325
LRQ-702855,2019-11-20,2019,21450.35,1042,2232,1042,0.4668458781362007,68905381.05,57323919.47,0.8319222475296072
LRQ-739513,2019-11-20,2019,21450.35,1043,2232,1043,0.46729390681003585,68905381.05,57345369.82,0.8322335490516818
LRQ-594947,2022-10-31,2022,21374.84,1044,2232,1044,0.46774193548387094,68905381.05,57366744.66,0.8325437547232024
LRQ-675809,2022-08-17,2022,21356.88,1045,2232,1045,0.4681899641577061,68905381.05,57388101.54,0.8328536997474452
LRQ-732217,2022-11-04,2022,21328.03,1046,2232,1046,0.46863799283154123,68905381.05,57409429.57,0.8331632260816009
LRQ-369404,2022-11-14,2022,21281.84,1047,2232,1047,0.46908602150537637,68905381.05,57430711.41,0.8334720820762372
LRQ-698626,2022-06-21,2022,21274.63,1048,2232,1048,0.46953405017921146,68905381.05,57451986.04,0.8337808334346335
LRQ-885206,2018-12-04,2018,21208.50,1049,2232,1049,0.4699820788530466,68905381.05,57473194.54,0.8340886250711765
LRQ-987229,2018-12-04,2018,21208.50,1050,2232,1050,0.47043010752688175,68905381.05,57494403.04,0.8343964167077196
LRQ-604525,2023-11-10,2023,21070.72,1051,2232,1051,0.47087813620071683,68905381.05,57515473.76,0.8347022087907022
LRQ-922862,2023-11-10,2023,21070.72,1052,2232,1052,0.471326164874552,68905381.05,57536544.48,0.835008000873685
LRQ-480222,2025-01-10,2025,21023.99,1053,2232,1053,0.4717741935483871,68905381.05,57557568.47,0.8353131147803151
LRQ-539200,2025-01-10,2025,21023.99,1054,2232,1054,0.4722222222222222,68905381.05,57578592.46,0.8356182286869452
LRQ-514526,2023-11-16,2023,21014.24,1055,2232,1055,0.47267025089605735,68905381.05,57599606.70,0.8359232010951924
LRQ-941553,2024-08-02,2024,20958.13,1056,2232,1056,0.4731182795698925,68905381.05,57620564.83,0.8362273591983859
LRQ-388758,2023-04-15,2023,20932.54,1057,2232,1057,0.4735663082437276,68905381.05,57641497.37,0.8365311459227465
LRQ-702073,2024-04-07,2024,20878.20,1058,2232,1058,0.47401433691756273,68905381.05,57662375.57,0.8368341440294524
LRQ-349170,2022-07-14,2022,20865.88,1059,2232,1059,0.47446236559139787,68905381.05,57683241.45,0.8371369633402529
LRQ-461597,2025-02-02,2025,20853.57,1060,2232,1060,0.47491039426523296,68905381.05,57704095.02,0.8374396040002743
LRQ-355280,2023-05-16,2023,20828.16,1061,2232,1061,0.4753584229390681,68905381.05,57724923.18,0.8377418758937406
LRQ-300343,2023-10-10,2023,20819.18,1062,2232,1062,0.47580645161290325,68905381.05,57745742.36,0.8380440174635679
LRQ-689874,2023-10-10,2023,20819.18,1063,2232,1063,0.47625448028673834,68905381.05,57766561.54,0.8383461590333953
LRQ-247299,2022-09-12,2022,20745.54,1064,2232,1064,0.4767025089605735,68905381.05,57787307.08,0.8386472318913328
LRQ-483158,2022-09-12,2022,20745.54,1065,2232,1065,0.4771505376344086,68905381.05,57808052.62,0.8389483047492704
LRQ-778617,2022-09-12,2022,20745.54,1066,2232,1066,0.4775985663082437,68905381.05,57828798.16,0.839249377607208
LRQ-839951,2023-05-08,2023,20636.83,1067,2232,1067,0.47804659498207885,68905381.05,57849434.99,0.8395488727944566
LRQ-472282,2023-12-04,2023,20622.08,1068,2232,1068,0.478494623655914,68905381.05,57870057.07,0.8398481539200486
LRQ-246353,2023-09-29,2023,20620.70,1069,2232,1069,0.4789426523297491,68905381.05,57890677.77,0.8401474150181774
LRQ-954638,2024-12-21,2024,20579.70,1070,2232,1070,0.47939068100358423,68905381.05,57911257.47,0.8404460810974647
LRQ-156007,2020-03-29,2020,20570.30,1071,2232,1071,0.4798387096774194,68905381.05,57931827.77,0.840744610757798
LRQ-604402,2025-01-15,2025,20546.95,1072,2232,1072,0.48028673835125446,68905381.05,57952374.72,0.8410428015476449
LRQ-706449,2025-01-15,2025,20546.95,1073,2232,1073,0.4807347670250896,68905381.05,57972921.67,0.8413409923374918
LRQ-734465,2025-01-15,2025,20546.95,1074,2232,1074,0.48118279569892475,68905381.05,57993468.62,0.8416391831273387
LRQ-857761,2023-05-02,2023,20514.16,1075,2232,1075,0.48163082437275984,68905381.05,58013982.78,0.841936898047239
LRQ-455756,2022-08-17,2022,20512.67,1076,2232,1076,0.482078853046595,68905381.05,58034495.45,0.8422345913432838
LRQ-181068,2023-12-03,2023,20511.40,1077,2232,1077,0.4825268817204301,68905381.05,58055006.85,0.8425322662082573
LRQ-688018,2024-05-13,2024,20424.59,1078,2232,1078,0.4829749103942652,68905381.05,58075431.44,0.8428286812296788
LRQ-934580,2020-06-01,2020,20413.25,1079,2232,1079,0.48342293906810035,68905381.05,58095844.69,0.8431249316775965
LRQ-253089,2024-09-30,2024,20313.60,1080,2232,1080,0.4838709677419355,68905381.05,58116158.29,0.8434197359394764
LRQ-925174,2024-09-30,2024,20313.60,1081,2232,1081,0.4843189964157706,68905381.05,58136471.89,0.8437145402013564
LRQ-214070,2020-03-29,2020,20281.40,1082,2232,1082,0.48476702508960573,68905381.05,58156753.29,0.8440088771557559
LRQ-932116,2020-03-29,2020,20281.40,1083,2232,1083,0.4852150537634409,68905381.05,58177034.69,0.8443032141101555
LRQ-292356,2023-07-06,2023,20216.32,1084,2232,1084,0.48566308243727596,68905381.05,58197251.01,0.8445966065809892
LRQ-259998,2022-10-25,2022,20213.19,1085,2232,1085,0.4861111111111111,68905381.05,58217464.20,0.844889953627214
LRQ-315758,2024-10-02,2024,20188.87,1086,2232,1086,0.48655913978494625,68905381.05,58237653.07,0.8451829477256769
LRQ-992185,2024-10-02,2024,20188.87,1087,2232,1087,0.48700716845878134,68905381.05,58257841.94,0.84547594182414
LRQ-687578,2019-03-14,2019,20185.17,1088,2232,1088,0.4874551971326165,68905381.05,58278027.11,0.8457688822257808
LRQ-457872,2023-03-27,2023,20180.02,1089,2232,1089,0.4879032258064516,68905381.05,58298207.13,0.8460617478872502
LRQ-648450,2025-09-19,2025,20100.31,1090,2232,1090,0.4883512544802867,68905381.05,58318307.44,0.8463534567450157
LRQ-313171,2025-04-11,2025,20047.30,1091,2232,1091,0.48879928315412186,68905381.05,58338354.74,0.8466443962869574
LRQ-535950,2025-04-11,2025,20047.30,1092,2232,1092,0.489247311827957,68905381.05,58358402.04,0.846935335828899
LRQ-857332,2025-04-11,2025,20047.30,1093,2232,1093,0.48969534050179214,68905381.05,58378449.34,0.8472262753708407
LRQ-726297,2019-02-02,2019,19957.74,1094,2232,1094,0.49014336917562723,68905381.05,58398407.08,0.84751591515943
LRQ-543006,2022-06-04,2022,19901.13,1095,2232,1095,0.4905913978494624,68905381.05,58418308.21,0.8478047333866388
LRQ-354448,2021-03-16,2021,19872.00,1096,2232,1096,0.4910394265232975,68905381.05,58438180.21,0.848093128860217
LRQ-749254,2021-03-16,2021,19872.00,1097,2232,1097,0.4914874551971326,68905381.05,58458052.21,0.8483815243337952
LRQ-360959,2022-05-07,2022,19814.87,1098,2232,1098,0.49193548387096775,68905381.05,58477867.08,0.8486690906994121
LRQ-203838,2018-12-24,2018,19813.21,1099,2232,1099,0.4923835125448029,68905381.05,58497680.29,0.8489566329740224
LRQ-356545,2018-12-24,2018,19813.21,1100,2232,1100,0.492831541218638,68905381.05,58517493.50,0.8492441752486325
LRQ-470871,2023-08-20,2023,19750.52,1101,2232,1101,0.4932795698924731,68905381.05,58537244.02,0.8495308077249216
LRQ-861423,2023-10-23,2023,19725.19,1102,2232,1102,0.49372759856630827,68905381.05,58556969.21,0.8498170725956679
LRQ-746603,2022-04-10,2022,19651.42,1103,2232,1103,0.49417562724014336,68905381.05,58576620.63,0.8501022668678792
LRQ-846177,2022-08-05,2022,19585.51,1104,2232,1104,0.4946236559139785,68905381.05,58596206.14,0.8503865046110213
LRQ-199119,2023-07-25,2023,19472.06,1105,2232,1105,0.49507168458781364,68905381.05,58615678.20,0.8506690958934913
LRQ-452516,2023-07-25,2023,19472.06,1106,2232,1106,0.49551971326164873,68905381.05,58635150.26,0.8509516871759611
LRQ-213340,2020-08-21,2020,19450.53,1107,2232,1107,0.4959677419354839,68905381.05,58654600.79,0.8512339660009761
LRQ-598606,2025-07-15,2025,19407.07,1108,2232,1108,0.496415770609319,68905381.05,58674007.86,0.8515156141060191
LRQ-664026,2025-07-15,2025,19407.07,1109,2232,1109,0.4968637992831541,68905381.05,58693414.93,0.8517972622110621
LRQ-690047,2018-09-01,2018,19388.63,1110,2232,1110,0.49731182795698925,68905381.05,58712803.56,0.8520786427027531
LRQ-721377,2019-03-23,2019,19380.90,1111,2232,1111,0.4977598566308244,68905381.05,58732184.46,0.8523599110116235
LRQ-813657,2018-11-27,2018,19282.43,1112,2232,1112,0.4982078853046595,68905381.05,58751466.89,0.8526397502593885
LRQ-114146,2023-10-12,2023,19263.40,1113,2232,1113,0.4986559139784946,68905381.05,58770730.29,0.8529193133313353
LRQ-751531,2023-10-12,2023,19263.40,1114,2232,1114,0.49910394265232977,68905381.05,58789993.69,0.853198876403282
LRQ-194551,2025-03-24,2025,19236.30,1115,2232,1115,0.49955197132616486,68905381.05,58809229.99,0.8534780461822873
LRQ-395801,2022-09-15,2022,19188.55,1116,2232,1116,0.5,68905381.05,58828418.54,0.8537565229820321
LRQ-669577,2022-09-15,2022,19188.55,1117,2232,1117,0.5004480286738351,68905381.05,58847607.09,0.8540349997817769
LRQ-602437,2023-08-26,2023,19182.00,1118,2232,1118,0.5008960573476703,68905381.05,58866789.09,0.8543133815236337
LRQ-448405,2023-12-20,2023,19156.92,1119,2232,1119,0.5013440860215054,68905381.05,58885946.01,0.8545913992881112
LRQ-891567,2023-02-02,2023,19136.00,1120,2232,1120,0.5017921146953405,68905381.05,58905082.01,0.8548691134478531
LRQ-290168,2023-05-10,2023,19101.43,1121,2232,1121,0.5022401433691757,68905381.05,58924183.44,0.8551463259051232
LRQ-383853,2023-01-09,2023,19076.16,1122,2232,1122,0.5026881720430108,68905381.05,58943259.60,0.8554231716276098
LRQ-774683,2023-01-09,2023,19076.16,1123,2232,1123,0.5031362007168458,68905381.05,58962335.76,0.8557000173500964
LRQ-564908,2022-09-01,2022,19072.21,1124,2232,1124,0.503584229390681,68905381.05,58981407.97,0.855976805747597
LRQ-949864,2022-09-01,2022,19072.21,1125,2232,1125,0.5040322580645161,68905381.05,59000480.18,0.8562535941450976
LRQ-713235,2024-04-04,2024,19056.57,1126,2232,1126,0.5044802867383512,68905381.05,59019536.75,0.8565301555646793
LRQ-412730,2025-09-23,2025,19022.05,1127,2232,1127,0.5049283154121864,68905381.05,59038558.80,0.8568062160074217
LRQ-177694,2019-03-05,2019,18932.99,1128,2232,1128,0.5053763440860215,68905381.05,59057491.79,0.8570809839531394
LRQ-254483,2019-03-05,2019,18932.99,1129,2232,1129,0.5058243727598566,68905381.05,59076424.78,0.857355751898857
LRQ-383536,2019-03-05,2019,18932.99,1130,2232,1130,0.5062724014336918,68905381.05,59095357.77,0.8576305198445747
LRQ-775580,2023-11-01,2023,18921.99,1131,2232,1131,0.5067204301075269,68905381.05,59114279.76,0.8579051281510909
LRQ-864014,2020-11-05,2020,18797.99,1132,2232,1132,0.507168458781362,68905381.05,59133077.75,0.8581779368884282
LRQ-172110,2018-10-16,2018,18723.51,1133,2232,1133,0.5076164874551972,68905381.05,59151801.26,0.8584496647232459
LRQ-535687,2018-10-16,2018,18723.51,1134,2232,1134,0.5080645161290323,68905381.05,59170524.77,0.8587213925580636
LRQ-143199,2018-09-03,2018,18708.46,1135,2232,1135,0.5085125448028673,68905381.05,59189233.23,0.8589929019774284
LRQ-280856,2018-09-03,2018,18708.46,1136,2232,1136,0.5089605734767025,68905381.05,59207941.69,0.8592644113967932
LRQ-735753,2018-09-03,2018,18708.46,1137,2232,1137,0.5094086021505376,68905381.05,59226650.15,0.8595359208161581
LRQ-851002,2024-06-30,2024,18689.45,1138,2232,1138,0.5098566308243727,68905381.05,59245339.60,0.8598071543499578
LRQ-617695,2023-09-03,2023,18685.92,1139,2232,1139,0.5103046594982079,68905381.05,59264025.52,0.8600783366540864
LRQ-690379,2023-09-03,2023,18685.92,1140,2232,1140,0.510752688172043,68905381.05,59282711.44,0.860349518958215
LRQ-124212,2024-07-07,2024,18670.90,1141,2232,1141,0.5112007168458781,68905381.05,59301382.34,0.8606204832822706
LRQ-837458,2023-08-04,2023,18585.80,1142,2232,1142,0.5116487455197133,68905381.05,59319968.14,0.8608902125794137
LRQ-193262,2021-02-16,2021,18520.23,1143,2232,1143,0.5120967741935484,68905381.05,59338488.37,0.8611589902817902
LRQ-338082,2021-02-16,2021,18520.23,1144,2232,1144,0.5125448028673835,68905381.05,59357008.60,0.8614277679841668
LRQ-302546,2020-10-13,2020,18504.02,1145,2232,1145,0.5129928315412187,68905381.05,59375512.62,0.8616963104364112
LRQ-769854,2020-10-13,2020,18504.02,1146,2232,1146,0.5134408602150538,68905381.05,59394016.64,0.8619648528886555
LRQ-803795,2020-10-13,2020,18504.02,1147,2232,1147,0.5138888888888888,68905381.05,59412520.66,0.8622333953408998
LRQ-120147,2024-10-12,2024,18466.88,1148,2232,1148,0.514336917562724,68905381.05,59430987.54,0.8625013987931499
LRQ-745754,2024-10-12,2024,18466.88,1149,2232,1149,0.5147849462365591,68905381.05,59449454.42,0.8627694022453999
LRQ-330598,2020-09-01,2020,18400.00,1150,2232,1150,0.5152329749103942,68905381.05,59467854.42,0.8630364350913056
LRQ-742198,2020-09-01,2020,18400.00,1151,2232,1151,0.5156810035842294,68905381.05,59486254.42,0.8633034679372114
LRQ-755668,2020-09-01,2020,18400.00,1152,2232,1152,0.5161290322580645,68905381.05,59504654.42,0.863570500783117
LRQ-132480,2023-06-02,2023,18385.78,1153,2232,1153,0.5165770609318996,68905381.05,59523040.20,0.8638373272590734
LRQ-357081,2023-06-02,2023,18385.78,1154,2232,1154,0.5170250896057348,68905381.05,59541425.98,0.8641041537350297
LRQ-948842,2025-04-04,2025,18385.35,1155,2232,1155,0.5174731182795699,68905381.05,59559811.33,0.8643709739705445
LRQ-898847,2023-09-13,2023,18374.85,1156,2232,1156,0.517921146953405,68905381.05,59578186.18,0.8646376418231854
LRQ-189057,2019-08-31,2019,18351.09,1157,2232,1157,0.5183691756272402,68905381.05,59596537.27,0.8649039648551513
LRQ-341313,2019-08-31,2019,18351.09,1158,2232,1158,0.5188172043010753,68905381.05,59614888.36,0.865170287887117
LRQ-442840,2019-08-31,2019,18351.09,1159,2232,1159,0.5192652329749103,68905381.05,59633239.45,0.865436610919083
LRQ-387933,2020-06-24,2020,18324.96,1160,2232,1160,0.5197132616487455,68905381.05,59651564.41,0.8657025547353823
LRQ-954371,2019-01-26,2019,18250.11,1161,2232,1161,0.5201612903225806,68905381.05,59669814.52,0.8659674122794798
LRQ-474004,2023-04-23,2023,18239.00,1162,2232,1162,0.5206093189964157,68905381.05,59688053.52,0.8662321085879838
LRQ-420415,2023-04-15,2023,18219.66,1163,2232,1163,0.5210573476702509,68905381.05,59706273.18,0.8664965242217466
LRQ-656735,2022-11-21,2022,18216.00,1164,2232,1164,0.521505376344086,68905381.05,59724489.18,0.8667608867391933
LRQ-737882,2022-11-21,2022,18216.00,1165,2232,1165,0.5219534050179212,68905381.05,59742705.18,0.8670252492566399
LRQ-115341,2021-02-14,2021,18180.12,1166,2232,1166,0.5224014336917563,68905381.05,59760885.30,0.867289091060037
LRQ-832170,2024-09-26,2024,18175.52,1167,2232,1167,0.5228494623655914,68905381.05,59779060.82,0.8675528661052228
LRQ-711594,2022-05-13,2022,18142.40,1168,2232,1168,0.5232974910394266,68905381.05,59797203.22,0.8678161604912857
LRQ-177963,2022-08-11,2022,18123.14,1169,2232,1169,0.5237455197132617,68905381.05,59815326.36,0.8680791753636199
LRQ-974855,2018-11-24,2018,18097.54,1170,2232,1170,0.5241935483870968,68905381.05,59833423.90,0.8683418187119945
LRQ-547566,2025-06-13,2025,18081.90,1171,2232,1171,0.524641577060932,68905381.05,59851505.80,0.8686042350824501
LRQ-697100,2025-06-13,2025,18081.90,1172,2232,1172,0.525089605734767,68905381.05,59869587.70,0.8688666514529058
LRQ-914729,2025-06-13,2025,18081.90,1173,2232,1173,0.5255376344086021,68905381.05,59887669.60,0.8691290678233613
LRQ-363017,2023-09-29,2023,18046.57,1174,2232,1174,0.5259856630824373,68905381.05,59905716.17,0.8693909714617274
LRQ-793906,2024-08-02,2024,18042.25,1175,2232,1175,0.5264336917562724,68905381.05,59923758.42,0.8696528124054254
LRQ-135343,2024-08-24,2024,18006.39,1176,2232,1176,0.5268817204301075,68905381.05,59941764.81,0.8699141329253269
LRQ-453707,2024-08-24,2024,18006.39,1177,2232,1177,0.5273297491039427,68905381.05,59959771.20,0.8701754534452285
LRQ-131157,2019-04-07,2019,17999.23,1178,2232,1178,0.5277777777777778,68905381.05,59977770.43,0.8704366700545225
LRQ-614366,2023-06-08,2023,17982.08,1179,2232,1179,0.5282258064516129,68905381.05,59995752.51,0.8706976377717891
LRQ-922947,2020-06-11,2020,17975.25,1180,2232,1180,0.5286738351254481,68905381.05,60013727.76,0.8709585063676243
LRQ-575273,2023-09-13,2023,17926.86,1181,2232,1181,0.5291218637992832,68905381.05,60031654.62,0.8712186726961
LRQ-627190,2023-09-13,2023,17926.86,1182,2232,1182,0.5295698924731183,68905381.05,60049581.48,0.8714788390245757
LRQ-293989,2023-12-29,2023,17882.28,1183,2232,1183,0.5300179211469535,68905381.05,60067463.76,0.8717383583789063
LRQ-298667,2023-12-29,2023,17882.28,1184,2232,1184,0.5304659498207885,68905381.05,60085346.04,0.8719978777332369
LRQ-416983,2024-08-07,2024,17878.54,1185,2232,1185,0.5309139784946236,68905381.05,60103224.58,0.872257342810239
LRQ-934339,2024-08-07,2024,17878.54,1186,2232,1186,0.5313620071684588,68905381.05,60121103.12,0.8725168078872412
LRQ-106105,2025-10-29,2025,17859.96,1187,2232,1187,0.5318100358422939,68905381.05,60138963.08,0.8727760033191196
LRQ-429326,2023-03-18,2023,17854.92,1188,2232,1188,0.532258064516129,68905381.05,60156818.00,0.8730351256072185
LRQ-919890,2023-03-18,2023,17854.92,1189,2232,1189,0.5327060931899642,68905381.05,60174672.92,0.8732942478953174
LRQ-945998,2022-04-28,2022,17793.65,1190,2232,1190,0.5331541218637993,68905381.05,60192466.57,0.8735524809930647
LRQ-327566,2025-09-16,2025,17759.90,1191,2232,1191,0.5336021505376344,68905381.05,60210226.47,0.8738102242887169
LRQ-312985,2025-04-21,2025,17753.15,1192,2232,1192,0.5340501792114696,68905381.05,60227979.62,0.8740678696239501
LRQ-502263,2025-04-21,2025,17753.15,1193,2232,1193,0.5344982078853047,68905381.05,60245732.77,0.8743255149591834
LRQ-579201,2025-04-21,2025,17753.15,1194,2232,1194,0.5349462365591398,68905381.05,60263485.92,0.8745831602944166
LRQ-903213,2019-05-06,2019,17717.80,1195,2232,1195,0.535394265232975,68905381.05,60281203.72,0.8748402926073072
LRQ-763910,2024-12-09,2024,17684.85,1196,2232,1196,0.53584229390681,68905381.05,60298888.57,0.8750969467282266
LRQ-992369,2024-12-09,2024,17684.85,1197,2232,1197,0.5362903225806451,68905381.05,60316573.42,0.8753536008491459
LRQ-994530,2019-08-12,2019,17669.37,1198,2232,1198,0.5367383512544803,68905381.05,60334242.79,0.875610030314171
LRQ-789057,2024-04-13,2024,17542.06,1199,2232,1199,0.5371863799283154,68905381.05,60351784.85,0.8758646121731302
LRQ-814463,2025-06-05,2025,17528.50,1200,2232,1200,0.5376344086021505,68905381.05,60369313.35,0.876118997240492
LRQ-851459,2021-01-14,2021,17432.80,1201,2232,1201,0.5380824372759857,68905381.05,60386746.15,0.8763719934468021
LRQ-241640,2023-01-16,2023,17392.93,1202,2232,1202,0.5385304659498208,68905381.05,60404139.08,0.8766244110335705
LRQ-994259,2023-01-16,2023,17392.93,1203,2232,1203,0.5389784946236559,68905381.05,60421532.01,0.8768768286203389
LRQ-267209,2024-10-11,2024,17354.88,1204,2232,1204,0.5394265232974911,68905381.05,60438886.89,0.8771286940005972
LRQ-606706,2024-11-12,2024,17349.47,1205,2232,1205,0.5398745519713262,68905381.05,60456236.36,0.8773804808673937
LRQ-952437,2024-11-12,2024,17349.47,1206,2232,1206,0.5403225806451613,68905381.05,60473585.83,0.8776322677341902
LRQ-710982,2022-05-11,2022,17327.28,1207,2232,1207,0.5407706093189965,68905381.05,60490913.11,0.8778837325651797
LRQ-667681,2023-10-23,2023,17318.56,1208,2232,1208,0.5412186379928315,68905381.05,60508231.67,0.8781350708458204
LRQ-443520,2022-05-26,2022,17297.31,1209,2232,1209,0.5416666666666666,68905381.05,60525528.98,0.8783861007325494
LRQ-440427,2023-08-29,2023,17175.22,1210,2232,1210,0.5421146953405018,68905381.05,60542704.20,0.87863535876927
LRQ-204172,2018-07-06,2018,17168.08,1211,2232,1211,0.5425627240143369,68905381.05,60559872.28,0.8788845131856361
LRQ-610134,2018-07-06,2018,17168.08,1212,2232,1212,0.543010752688172,68905381.05,60577040.36,0.8791336676020022
LRQ-940677,2018-07-06,2018,17168.08,1213,2232,1213,0.5434587813620072,68905381.05,60594208.44,0.8793828220183684
LRQ-898925,2024-12-18,2024,17155.83,1214,2232,1214,0.5439068100358423,68905381.05,60611364.27,0.8796317986547149
LRQ-280549,2025-02-11,2025,17123.56,1215,2232,1215,0.5443548387096774,68905381.05,60628487.83,0.8798803069676951
LRQ-260492,2025-02-04,2025,17097.28,1216,2232,1216,0.5448028673835126,68905381.05,60645585.11,0.8801284338881107
LRQ-648815,2021-02-28,2021,17094.15,1217,2232,1217,0.5452508960573477,68905381.05,60662679.26,0.8803765153839171
LRQ-158672,2025-03-31,2025,17086.85,1218,2232,1218,0.5456989247311828,68905381.05,60679766.11,0.8806244909373446
LRQ-251969,2025-10-26,2025,17061.86,1219,2232,1219,0.546146953405018,68905381.05,60696827.97,0.8808721038195318
LRQ-727282,2025-10-26,2025,17061.86,1220,2232,1220,0.546594982078853,68905381.05,60713889.83,0.8811197167017191
LRQ-831727,2023-04-27,2023,17051.41,1221,2232,1221,0.5470430107526881,68905381.05,60730941.24,0.8813671779266651
LRQ-815303,2024-11-23,2024,17025.59,1222,2232,1222,0.5474910394265233,68905381.05,60747966.83,0.8816142644348673
LRQ-328540,2022-08-14,2022,16962.50,1223,2232,1223,0.5479390681003584,68905381.05,60764929.33,0.8818604353396867
LRQ-672519,2022-05-13,2022,16869.08,1224,2232,1224,0.5483870967741935,68905381.05,60781798.41,0.8821052504723069
LRQ-771222,2019-09-02,2019,16822.57,1225,2232,1225,0.5488351254480287,68905381.05,60798620.98,0.8823493906213584
LRQ-903334,2025-04-26,2025,16758.22,1226,2232,1226,0.5492831541218638,68905381.05,60815379.20,0.8825925968810822
LRQ-120642,2022-09-28,2022,16736.16,1227,2232,1227,0.5497311827956989,68905381.05,60832115.36,0.8828354829916437
LRQ-183685,2024-07-14,2024,16722.71,1228,2232,1228,0.5501792114695341,68905381.05,60848838.07,0.883078173907
LRQ-574351,2023-08-31,2023,16708.29,1229,2232,1229,0.5506272401433692,68905381.05,60865546.36,0.8833206555498759
LRQ-802270,2023-08-31,2023,16708.29,1230,2232,1230,0.5510752688172043,68905381.05,60882254.65,0.8835631371927519
LRQ-708637,2021-01-04,2021,16638.95,1231,2232,1231,0.5515232974910395,68905381.05,60898893.60,0.8838046125281532
LRQ-116166,2025-06-14,2025,16627.79,1232,2232,1232,0.5519713261648745,68905381.05,60915521.39,0.8840459259023284
LRQ-571698,2025-06-14,2025,16627.79,1233,2232,1233,0.5524193548387096,68905381.05,60932149.18,0.8842872392765035
LRQ-464745,2022-05-22,2022,16598.14,1234,2232,1234,0.5528673835125448,68905381.05,60948747.32,0.8845281223504677
LRQ-915843,2025-03-01,2025,16584.86,1235,2232,1235,0.5533154121863799,68905381.05,60965332.18,0.884768812696378
LRQ-389818,2024-12-23,2024,16560.00,1236,2232,1236,0.553763440860215,68905381.05,60981892.18,0.8850091422576931
LRQ-856948,2020-09-27,2020,16560.00,1237,2232,1237,0.5542114695340502,68905381.05,60998452.18,0.8852494718190083
LRQ-694563,2020-09-01,2020,16543.46,1238,2232,1238,0.5546594982078853,68905381.05,61014995.64,0.8854895613410152
LRQ-632790,2024-09-21,2024,16516.06,1239,2232,1239,0.5551075268817204,68905381.05,61031511.70,0.8857292532162843
LRQ-460400,2020-07-10,2020,16380.97,1240,2232,1240,0.5555555555555556,68905381.05,61047892.67,0.885966984577034
LRQ-515391,2020-07-10,2020,16380.97,1241,2232,1241,0.5560035842293907,68905381.05,61064273.64,0.8862047159377838
LRQ-647183,2023-07-30,2023,16376.00,1242,2232,1242,0.5564516129032258,68905381.05,61080649.64,0.88644237517064
LRQ-296920,2018-07-17,2018,16355.76,1243,2232,1243,0.556899641577061,68905381.05,61097005.40,0.8866797406673655
LRQ-364460,2018-07-17,2018,16355.76,1244,2232,1244,0.557347670250896,68905381.05,61113361.16,0.886917106164091
LRQ-144334,2019-07-17,2019,16317.93,1245,2232,1245,0.5577956989247311,68905381.05,61129679.09,0.8871539226470907
LRQ-409197,2018-08-22,2018,16299.20,1246,2232,1246,0.5582437275985663,68905381.05,61145978.29,0.8873904673080681
LRQ-398812,2023-10-13,2023,16289.21,1247,2232,1247,0.5586917562724014,68905381.05,61162267.50,0.8876268669876255
LRQ-149945,2023-11-11,2023,16262.64,1248,2232,1248,0.5591397849462365,68905381.05,61178530.14,0.8878628810659484
LRQ-592983,2023-07-24,2023,16227.92,1249,2232,1249,0.5595878136200717,68905381.05,61194758.06,0.8880983912649012
LRQ-242366,2022-04-03,2022,16198.64,1250,2232,1250,0.5600358422939068,68905381.05,61210956.70,0.8883334765333252
LRQ-431617,2022-04-03,2022,16198.64,1251,2232,1251,0.5604838709677419,68905381.05,61227155.34,0.8885685618017493
LRQ-525489,2024-02-26,2024,16192.00,1252,2232,1252,0.5609318996415771,68905381.05,61243347.34,0.8888035507061463
LRQ-112997,2024-09-09,2024,16181.05,1253,2232,1253,0.5613799283154122,68905381.05,61259528.39,0.8890383806969746
LRQ-783889,2022-03-12,2022,16162.10,1254,2232,1254,0.5618279569892473,68905381.05,61275690.49,0.8892729356729971
LRQ-546896,2023-09-03,2023,16119.89,1255,2232,1255,0.5622759856630825,68905381.05,61291810.38,0.889506878069866
LRQ-346877,2024-08-17,2024,16070.74,1256,2232,1256,0.5627240143369175,68905381.05,61307881.12,0.8897401071697578
LRQ-495780,2025-01-09,2025,16069.16,1257,2232,1257,0.5631720430107527,68905381.05,61323950.28,0.8899733133396555
LRQ-772955,2022-11-10,2022,16064.40,1258,2232,1258,0.5636200716845878,68905381.05,61340014.68,0.8902064504293167
LRQ-688043,2023-09-05,2023,16063.20,1259,2232,1259,0.5640681003584229,68905381.05,61356077.88,0.8904395701037924
LRQ-294553,2025-02-21,2025,15944.61,1260,2232,1260,0.5645161290322581,68905381.05,61372022.49,0.8906709687225509
LRQ-142078,2018-07-22,2018,15862.57,1261,2232,1261,0.5649641577060932,68905381.05,61387885.06,0.8909011767231204
LRQ-559622,2023-11-12,2023,15839.92,1262,2232,1262,0.5654121863799283,68905381.05,61403724.98,0.8911310560120617
LRQ-239929,2019-08-15,2019,15835.70,1263,2232,1263,0.5658602150537635,68905381.05,61419560.68,0.8913608740576002
LRQ-621412,2025-02-24,2025,15825.66,1264,2232,1264,0.5663082437275986,68905381.05,61435386.34,0.8915905463960859
LRQ-166174,2023-09-16,2023,15760.58,1265,2232,1265,0.5667562724014337,68905381.05,61451146.92,0.8918192742510057
LRQ-206910,2023-09-16,2023,15760.58,1266,2232,1266,0.5672043010752689,68905381.05,61466907.50,0.8920480021059255
LRQ-437225,2022-11-08,2022,15754.83,1267,2232,1267,0.567652329749104,68905381.05,61482662.33,0.892276646513081
LRQ-655664,2023-11-07,2023,15738.50,1268,2232,1268,0.568100358422939,68905381.05,61498400.83,0.8925050539285857
LRQ-507595,2023-11-29,2023,15713.47,1269,2232,1269,0.5685483870967742,68905381.05,61514114.30,0.8927330980923441
LRQ-122487,2022-06-08,2022,15661.69,1270,2232,1270,0.5689964157706093,68905381.05,61529775.99,0.8929603907908438
LRQ-144162,2022-06-08,2022,15661.69,1271,2232,1271,0.5694444444444444,68905381.05,61545437.68,0.8931876834893434
LRQ-182941,2023-08-20,2023,15654.26,1272,2232,1272,0.5698924731182796,68905381.05,61561091.94,0.8934148683588189
LRQ-155927,2025-11-08,2025,15630.65,1273,2232,1273,0.5703405017921147,68905381.05,61576722.59,0.8936417105845177
LRQ-553878,2025-01-24,2025,15578.93,1274,2232,1274,0.5707885304659498,68905381.05,61592301.52,0.8938678022157169
LRQ-416238,2022-05-24,2022,15570.82,1275,2232,1275,0.571236559139785,68905381.05,61607872.34,0.8940937761492868
LRQ-848185,2022-05-24,2022,15570.82,1276,2232,1276,0.5716845878136201,68905381.05,61623443.16,0.8943197500828566
LRQ-400224,2024-09-16,2024,15415.17,1277,2232,1277,0.5721326164874552,68905381.05,61638858.33,0.8945434651217272
LRQ-189405,2023-10-21,2023,15378.65,1278,2232,1278,0.5725806451612904,68905381.05,61654236.98,0.8947666501584494
LRQ-703737,2023-07-01,2023,15358.59,1279,2232,1279,0.5730286738351255,68905381.05,61669595.57,0.894989544071319
LRQ-450510,2025-01-22,2025,15343.98,1280,2232,1280,0.5734767025089605,68905381.05,61684939.55,0.8952122259543037
LRQ-818807,2024-10-14,2024,15339.23,1281,2232,1281,0.5739247311827957,68905381.05,61700278.78,0.8954348389021789
LRQ-525346,2022-08-24,2022,15323.00,1282,2232,1282,0.5743727598566308,68905381.05,61715601.78,0.8956572163096688
LRQ-183393,2025-07-13,2025,15316.42,1283,2232,1283,0.5748207885304659,68905381.05,61730918.20,0.895879498223891
LRQ-762170,2024-02-23,2024,15272.00,1284,2232,1284,0.5752688172043011,68905381.05,61746190.20,0.8961011354859927
LRQ-119878,2023-12-08,2023,15263.59,1285,2232,1285,0.5757168458781362,68905381.05,61761453.79,0.8963226506966686
LRQ-767971,2023-12-08,2023,15263.59,1286,2232,1286,0.5761648745519713,68905381.05,61776717.38,0.8965441659073446
LRQ-534305,2018-12-02,2018,15232.83,1287,2232,1287,0.5766129032258065,68905381.05,61791950.21,0.896765234708763
LRQ-547467,2018-12-02,2018,15232.83,1288,2232,1288,0.5770609318996416,68905381.05,61807183.04,0.8969863035101814
LRQ-290095,2022-08-14,2022,15198.23,1289,2232,1289,0.5775089605734767,68905381.05,61822381.27,0.8972068701737483
LRQ-533946,2022-08-14,2022,15198.23,1290,2232,1290,0.5779569892473119,68905381.05,61837579.50,0.8974274368373151
LRQ-260786,2025-11-21,2025,15176.15,1291,2232,1291,0.578405017921147,68905381.05,61852755.65,0.8976476830614668
LRQ-406043,2024-10-29,2024,15100.62,1292,2232,1292,0.578853046594982,68905381.05,61867856.27,0.8978668331448115
LRQ-388114,2023-07-26,2023,15081.93,1293,2232,1293,0.5793010752688172,68905381.05,61882938.20,0.8980857119866403
LRQ-421141,2023-05-19,2023,15021.28,1294,2232,1294,0.5797491039426523,68905381.05,61897959.48,0.8983037106359635
LRQ-879303,2023-05-19,2023,15021.28,1295,2232,1295,0.5801971326164874,68905381.05,61912980.76,0.8985217092852866
LRQ-608347,2023-07-12,2023,15016.41,1296,2232,1296,0.5806451612903226,68905381.05,61927997.17,0.8987396372579817
LRQ-380965,2023-05-20,2023,14995.41,1297,2232,1297,0.5810931899641577,68905381.05,61942992.58,0.8989572604649285
LRQ-559545,2024-06-16,2024,14993.55,1298,2232,1298,0.5815412186379928,68905381.05,61957986.13,0.8991748566783379
LRQ-864934,2024-06-16,2024,14993.55,1299,2232,1299,0.581989247311828,68905381.05,61972979.68,0.899392452891747
LRQ-501668,2019-12-19,2019,14988.55,1300,2232,1300,0.5824372759856631,68905381.05,61987968.23,0.8996099765418829
LRQ-588188,2023-06-19,2023,14982.66,1301,2232,1301,0.5828853046594982,68905381.05,62002950.89,0.8998274147124828
LRQ-260438,2025-10-24,2025,14964.43,1302,2232,1302,0.5833333333333334,68905381.05,62017915.32,0.9000445883173881
LRQ-167890,2023-10-28,2023,14959.24,1303,2232,1303,0.5837813620071685,68905381.05,62032874.56,0.9002616866016157
LRQ-869809,2022-06-05,2022,14954.82,1304,2232,1304,0.5842293906810035,68905381.05,62047829.38,0.9004787207399095
LRQ-170092,2019-02-17,2019,14941.90,1305,2232,1305,0.5846774193548387,68905381.05,62062771.28,0.9006955673747051
LRQ-942503,2023-06-10,2023,14876.01,1306,2232,1306,0.5851254480286738,68905381.05,62077647.29,0.9009114577706845
LRQ-620505,2025-10-08,2025,14866.13,1307,2232,1307,0.5855734767025089,68905381.05,62092513.42,0.9011272047816359
LRQ-556647,2022-04-20,2022,14841.31,1308,2232,1308,0.5860215053763441,68905381.05,62107354.73,0.9013425915884983
LRQ-822928,2022-04-20,2022,14841.31,1309,2232,1309,0.5864695340501792,68905381.05,62122196.04,0.9015579783953608
LRQ-600712,2024-12-01,2024,14793.60,1310,2232,1310,0.5869175627240143,68905381.05,62136989.64,0.901772672803469
LRQ-213856,2024-09-30,2024,14779.14,1311,2232,1311,0.5873655913978495,68905381.05,62151768.78,0.9019871573585907
LRQ-851079,2024-09-30,2024,14779.14,1312,2232,1312,0.5878136200716846,68905381.05,62166547.92,0.9022016419137124
LRQ-988344,2018-09-20,2018,14777.35,1313,2232,1313,0.5882616487455197,68905381.05,62181325.27,0.9024161004911823
LRQ-713213,2019-11-24,2019,14709.05,1314,2232,1314,0.5887096774193549,68905381.05,62196034.32,0.9026295678543381
LRQ-469195,2023-01-31,2023,14703.55,1315,2232,1315,0.58915770609319,68905381.05,62210737.87,0.9028429553978934
LRQ-700151,2023-01-31,2023,14703.55,1316,2232,1316,0.589605734767025,68905381.05,62225441.42,0.9030563429414488
LRQ-512070,2025-05-09,2025,14673.87,1317,2232,1317,0.5900537634408602,68905381.05,62240115.29,0.9032692997494134
LRQ-806123,2023-02-17,2023,14662.41,1318,2232,1318,0.5905017921146953,68905381.05,62254777.70,0.9034820902423557
LRQ-513562,2020-08-04,2020,14638.16,1319,2232,1319,0.5909498207885304,68905381.05,62269415.86,0.9036945288034222
LRQ-411477,2020-03-06,2020,14630.48,1320,2232,1320,0.5913978494623656,68905381.05,62284046.34,0.9039068559073008
LRQ-257920,2025-06-15,2025,14620.58,1321,2232,1321,0.5918458781362007,68905381.05,62298666.92,0.9041190393358982
LRQ-450268,2025-06-15,2025,14620.58,1322,2232,1322,0.5922939068100358,68905381.05,62313287.50,0.9043312227644956
LRQ-169608,2023-07-05,2023,14574.40,1323,2232,1323,0.592741935483871,68905381.05,62327861.90,0.9045427359987004
LRQ-815563,2019-08-09,2019,14547.54,1324,2232,1324,0.5931899641577061,68905381.05,62342409.44,0.9047538594230008
LRQ-479777,2024-03-30,2024,14531.44,1325,2232,1325,0.5936379928315412,68905381.05,62356940.88,0.9049647491935611
LRQ-993156,2023-09-02,2023,14491.58,1326,2232,1326,0.5940860215053764,68905381.05,62371432.46,0.9051750604897062
LRQ-497904,2023-09-12,2023,14488.33,1327,2232,1327,0.5945340501792115,68905381.05,62385920.79,0.9053853246197237
LRQ-406916,2023-11-10,2023,14442.77,1328,2232,1328,0.5949820788530465,68905381.05,62400363.56,0.9055949275531944
LRQ-188299,2020-03-11,2020,14431.01,1329,2232,1329,0.5954301075268817,68905381.05,62414794.57,0.9058043598178462
LRQ-546585,2020-03-11,2020,14431.01,1330,2232,1330,0.5958781362007168,68905381.05,62429225.58,0.906013792082498
LRQ-187870,2023-10-30,2023,14425.60,1331,2232,1331,0.5963261648745519,68905381.05,62443651.18,0.9062231458336881
LRQ-875224,2023-11-09,2023,14403.37,1332,2232,1332,0.5967741935483871,68905381.05,62458054.55,0.9064321769685649
LRQ-319036,2024-08-08,2024,14389.87,1333,2232,1333,0.5972222222222222,68905381.05,62472444.42,0.9066410121826037
LRQ-378953,2024-08-08,2024,14389.87,1334,2232,1334,0.5976702508960573,68905381.05,62486834.29,0.9068498473966425
LRQ-420989,2024-08-08,2024,14389.87,1335,2232,1335,0.5981182795698925,68905381.05,62501224.16,0.9070586826106812
LRQ-289654,2024-02-16,2024,14389.17,1336,2232,1336,0.5985663082437276,68905381.05,62515613.33,0.9072675076658617
LRQ-174985,2023-01-28,2023,14362.29,1337,2232,1337,0.5990143369175627,68905381.05,62529975.62,0.9074759426208847
LRQ-783252,2022-10-22,2022,14354.54,1338,2232,1338,0.5994623655913979,68905381.05,62544330.16,0.9076842651028341
LRQ-838354,2022-10-22,2022,14354.54,1339,2232,1339,0.599910394265233,68905381.05,62558684.70,0.9078925875847835
LRQ-417367,2022-05-29,2022,14329.52,1340,2232,1340,0.600358422939068,68905381.05,62573014.22,0.908100546960113
LRQ-599759,2018-09-18,2018,14242.63,1341,2232,1341,0.6008064516129032,68905381.05,62587256.85,0.9083072453308784
LRQ-509208,2023-01-15,2023,14237.75,1342,2232,1342,0.6012544802867383,68905381.05,62601494.60,0.9085138728798888
LRQ-386248,2024-11-22,2024,14221.56,1343,2232,1343,0.6017025089605734,68905381.05,62615716.16,0.9087202654690203
LRQ-165606,2020-08-09,2020,14219.89,1344,2232,1344,0.6021505376344086,68905381.05,62629936.05,0.9089266338220184
LRQ-907959,2020-08-09,2020,14219.89,1345,2232,1345,0.6025985663082437,68905381.05,62644155.94,0.9091330021750167
LRQ-129569,2023-06-19,2023,14218.21,1346,2232,1346,0.6030465949820788,68905381.05,62658374.15,0.9093393461467549
LRQ-323308,2020-06-18,2020,14216.74,1347,2232,1347,0.603494623655914,68905381.05,62672590.89,0.909545668784891
LRQ-904972,2020-06-18,2020,14216.74,1348,2232,1348,0.6039426523297491,68905381.05,62686807.63,0.909751991423027
LRQ-176155,2023-10-17,2023,14194.33,1349,2232,1349,0.6043906810035843,68905381.05,62701001.96,0.9099579888325718
LRQ-192851,2023-10-17,2023,14194.33,1350,2232,1350,0.6048387096774194,68905381.05,62715196.29,0.9101639862421166
LRQ-856388,2023-10-17,2023,14194.33,1351,2232,1351,0.6052867383512545,68905381.05,62729390.62,0.9103699836516614
LRQ-520622,2022-05-16,2022,14153.78,1352,2232,1352,0.6057347670250897,68905381.05,62743544.40,0.9105753925730594
LRQ-737709,2022-05-16,2022,14153.78,1353,2232,1353,0.6061827956989247,68905381.05,62757698.18,0.9107808014944575
LRQ-394888,2023-05-26,2023,14117.57,1354,2232,1354,0.6066308243727598,68905381.05,62771815.75,0.91098568491263
LRQ-713507,2025-01-03,2025,14053.40,1355,2232,1355,0.607078853046595,68905381.05,62785869.15,0.9111896370537523
LRQ-791847,2024-07-21,2024,14008.88,1356,2232,1356,0.6075268817204301,68905381.05,62799878.03,0.9113929430914889
LRQ-511529,2022-11-28,2022,13987.29,1357,2232,1357,0.6079749103942652,68905381.05,62813865.32,0.9115959358010111
LRQ-883111,2025-03-30,2025,13943.98,1358,2232,1358,0.6084229390681004,68905381.05,62827809.30,0.9117982999674595
LRQ-266158,2023-10-03,2023,13940.24,1359,2232,1359,0.6088709677419355,68905381.05,62841749.54,0.9120006098565796
LRQ-919378,2019-03-30,2019,13914.82,1360,2232,1360,0.6093189964157706,68905381.05,62855664.36,0.9122025508340179
LRQ-243193,2022-06-14,2022,13894.80,1361,2232,1361,0.6097670250896058,68905381.05,62869559.16,0.9124042012681098
LRQ-563193,2022-06-14,2022,13894.80,1362,2232,1362,0.6102150537634409,68905381.05,62883453.96,0.9126058517022018
LRQ-730962,2022-06-14,2022,13894.80,1363,2232,1363,0.610663082437276,68905381.05,62897348.76,0.9128075021362936
LRQ-219848,2023-10-11,2023,13860.87,1364,2232,1364,0.6111111111111112,68905381.05,62911209.63,0.9130086601560127
LRQ-677852,2023-10-11,2023,13860.87,1365,2232,1365,0.6115591397849462,68905381.05,62925070.50,0.9132098181757317
LRQ-861835,2023-10-11,2023,13860.87,1366,2232,1366,0.6120071684587813,68905381.05,62938931.37,0.9134109761954505
LRQ-391304,2019-02-12,2019,13805.83,1367,2232,1367,0.6124551971326165,68905381.05,62952737.20,0.9136113354386567
LRQ-746656,2019-02-12,2019,13805.83,1368,2232,1368,0.6129032258064516,68905381.05,62966543.03,0.9138116946818626
LRQ-261316,2020-01-16,2020,13788.50,1369,2232,1369,0.6133512544802867,68905381.05,62980331.53,0.9140118024207633
LRQ-358644,2020-01-16,2020,13788.50,1370,2232,1370,0.6137992831541219,68905381.05,62994120.03,0.9142119101596639
LRQ-771183,2020-01-16,2020,13788.50,1371,2232,1371,0.614247311827957,68905381.05,63007908.53,0.9144120178985644
LRQ-611932,2025-11-25,2025,13751.13,1372,2232,1372,0.6146953405017921,68905381.05,63021659.66,0.91461158329956
LRQ-904865,2020-10-25,2020,13669.84,1373,2232,1373,0.6151433691756273,68905381.05,63035329.50,0.9148099689668576
LRQ-314719,2022-10-13,2022,13614.10,1374,2232,1374,0.6155913978494624,68905381.05,63048943.60,0.9150075456987841
LRQ-410533,2022-10-13,2022,13614.10,1375,2232,1375,0.6160394265232975,68905381.05,63062557.70,0.9152051224307104
LRQ-777672,2025-01-26,2025,13572.76,1376,2232,1376,0.6164874551971327,68905381.05,63076130.46,0.9154020992094928
LRQ-859737,2022-06-02,2022,13572.17,1377,2232,1377,0.6169354838709677,68905381.05,63089702.63,0.9155990674258089
LRQ-969028,2022-10-30,2022,13554.23,1378,2232,1378,0.6173835125448028,68905381.05,63103256.86,0.9157957752851003
LRQ-172440,2023-12-25,2023,13537.32,1379,2232,1379,0.617831541218638,68905381.05,63116794.18,0.9159922377354011
LRQ-286214,2023-12-25,2023,13537.32,1380,2232,1380,0.6182795698924731,68905381.05,63130331.50,0.916188700185702
LRQ-932710,2018-07-20,2018,13531.84,1381,2232,1381,0.6187275985663082,68905381.05,63143863.34,0.9163850831066553
LRQ-557392,2025-01-14,2025,13518.61,1382,2232,1382,0.6191756272401434,68905381.05,63157381.95,0.9165812740251874
LRQ-995857,2018-06-04,2018,13477.67,1383,2232,1383,0.6196236559139785,68905381.05,63170859.62,0.9167768707956372
LRQ-206615,2022-10-09,2022,13446.32,1384,2232,1384,0.6200716845878136,68905381.05,63184305.94,0.9169720125943632
LRQ-222754,2022-10-09,2022,13446.32,1385,2232,1385,0.6205197132616488,68905381.05,63197752.26,0.9171671543930893
LRQ-765706,2022-10-09,2022,13446.32,1386,2232,1386,0.6209677419354839,68905381.05,63211198.58,0.9173622961918153
LRQ-209658,2023-08-11,2023,13431.98,1387,2232,1387,0.621415770609319,68905381.05,63224630.56,0.9175572298790735
LRQ-817434,2025-07-17,2025,13407.51,1388,2232,1388,0.6218637992831542,68905381.05,63238038.07,0.9177518084416718
LRQ-728459,2023-10-07,2023,13376.73,1389,2232,1389,0.6223118279569892,68905381.05,63251414.80,0.9179459403047594
LRQ-799055,2023-10-07,2023,13376.73,1390,2232,1390,0.6227598566308243,68905381.05,63264791.53,0.9181400721678471
LRQ-375899,2025-05-30,2025,13317.07,1391,2232,1391,0.6232078853046595,68905381.05,63278108.60,0.9183333382059572
LRQ-620476,2025-05-30,2025,13317.07,1392,2232,1392,0.6236559139784946,68905381.05,63291425.67,0.9185266042440673
LRQ-294984,2023-11-20,2023,13298.21,1393,2232,1393,0.6241039426523297,68905381.05,63304723.88,0.9187195965735103
LRQ-624140,2024-12-23,2024,13250.04,1394,2232,1394,0.6245519713261649,68905381.05,63317973.92,0.918911889828378
LRQ-416831,2025-06-12,2025,13248.00,1395,2232,1395,0.625,68905381.05,63331221.92,0.9191041534774301
LRQ-687369,2018-09-25,2018,13248.00,1396,2232,1396,0.6254480286738351,68905381.05,63344469.92,0.9192964171264822
LRQ-283763,2023-05-14,2023,13138.26,1397,2232,1397,0.6258960573476703,68905381.05,63357608.18,0.919487088156811
LRQ-607273,2025-07-15,2025,13066.30,1398,2232,1398,0.6263440860215054,68905381.05,63370674.48,0.9196767148565097
LRQ-867592,2024-12-17,2024,13023.94,1399,2232,1399,0.6267921146953405,68905381.05,63383698.42,0.9198657268001569
LRQ-834082,2023-07-08,2023,12985.89,1400,2232,1400,0.6272401433691757,68905381.05,63396684.31,0.9200541865372938
LRQ-871322,2024-06-30,2024,12949.57,1401,2232,1401,0.6276881720430108,68905381.05,63409633.88,0.920242119174813
LRQ-196066,2019-08-05,2019,12899.43,1402,2232,1402,0.6281362007168458,68905381.05,63422533.31,0.9204293241478273
LRQ-197032,2025-03-25,2025,12882.67,1403,2232,1403,0.628584229390681,68905381.05,63435415.98,0.9206162858887492
LRQ-134219,2020-09-11,2020,12880.00,1404,2232,1404,0.6290322580645161,68905381.05,63448295.98,0.9208032088808832
LRQ-863730,2020-09-11,2020,12880.00,1405,2232,1405,0.6294802867383512,68905381.05,63461175.98,0.9209901318730171
LRQ-947166,2023-12-18,2023,12880.00,1406,2232,1406,0.6299283154121864,68905381.05,63474055.98,0.9211770548651512
LRQ-988862,2018-07-17,2018,12880.00,1407,2232,1407,0.6303763440860215,68905381.05,63486935.98,0.9213639778572852
LRQ-997578,2024-11-08,2024,12869.33,1408,2232,1408,0.6308243727598566,68905381.05,63499805.31,0.921550745999394
LRQ-387301,2022-08-26,2022,12865.28,1409,2232,1409,0.6312724014336918,68905381.05,63512670.59,0.9217374553652513
LRQ-775856,2019-12-22,2019,12837.31,1410,2232,1410,0.6317204301075269,68905381.05,63525507.90,0.9219237588121574
LRQ-256083,2023-04-22,2023,12834.59,1411,2232,1411,0.632168458781362,68905381.05,63538342.49,0.9221100227846429
LRQ-449958,2024-12-11,2024,12824.17,1412,2232,1412,0.6326164874551972,68905381.05,63551166.66,0.9222961355352667
LRQ-742821,2024-12-11,2024,12824.17,1413,2232,1413,0.6330645161290323,68905381.05,63563990.83,0.9224822482858906
LRQ-894385,2024-12-11,2024,12824.17,1414,2232,1414,0.6335125448028673,68905381.05,63576815.00,0.9226683610365145
LRQ-986208,2024-12-11,2024,12824.17,1415,2232,1415,0.6339605734767025,68905381.05,63589639.17,0.9228544737871384
LRQ-426350,2025-01-29,2025,12791.26,1416,2232,1416,0.6344086021505376,68905381.05,63602430.43,0.9230401089262971
LRQ-381431,2022-05-30,2022,12756.78,1417,2232,1417,0.6348566308243727,68905381.05,63615187.21,0.9232252436691227
LRQ-147619,2023-09-19,2023,12751.86,1418,2232,1418,0.6353046594982079,68905381.05,63627939.07,0.9234103070096875
LRQ-351581,2025-08-10,2025,12708.59,1419,2232,1419,0.635752688172043,68905381.05,63640647.66,0.9235947423876847
LRQ-658492,2025-11-12,2025,12694.97,1420,2232,1420,0.6362007168458781,68905381.05,63653342.63,0.9237789801033254
LRQ-594959,2023-10-01,2023,12688.11,1421,2232,1421,0.6366487455197133,68905381.05,63666030.74,0.923963118262155
LRQ-237679,2023-05-17,2023,12662.42,1422,2232,1422,0.6370967741935484,68905381.05,63678693.16,0.9241468835908861
LRQ-683530,2018-09-27,2018,12645.11,1423,2232,1423,0.6375448028673835,68905381.05,63691338.27,0.924330397705565
LRQ-111413,2025-03-12,2025,12631.07,1424,2232,1424,0.6379928315412187,68905381.05,63703969.34,0.9245137080625724
LRQ-630420,2018-10-02,2018,12629.85,1425,2232,1425,0.6384408602150538,68905381.05,63716599.19,0.9246970007141408
LRQ-478724,2022-06-21,2022,12623.30,1426,2232,1426,0.6388888888888888,68905381.05,63729222.49,0.9248801983078215
LRQ-838160,2025-06-22,2025,12607.24,1427,2232,1427,0.639336917562724,68905381.05,63741829.73,0.925063162828268
LRQ-839480,2020-11-19,2020,12589.56,1428,2232,1428,0.6397849462365591,68905381.05,63754419.29,0.92524587076498
LRQ-724280,2025-06-26,2025,12582.80,1429,2232,1429,0.6402329749103942,68905381.05,63767002.09,0.9254284805961465
LRQ-203444,2024-01-04,2024,12556.44,1430,2232,1430,0.6406810035842294,68905381.05,63779558.53,0.9256107078737359
LRQ-728869,2023-03-19,2023,12530.40,1431,2232,1431,0.6411290322580645,68905381.05,63792088.93,0.9257925572417977
LRQ-338145,2025-06-17,2025,12522.12,1432,2232,1432,0.6415770609318996,68905381.05,63804611.05,0.9259742864450787
LRQ-931892,2019-10-04,2019,12522.12,1433,2232,1433,0.6420250896057348,68905381.05,63817133.17,0.9261560156483599
LRQ-316920,2024-11-05,2024,12512.00,1434,2232,1434,0.6424731182795699,68905381.05,63829645.17,0.9263375979835758
LRQ-938248,2022-05-19,2022,12509.09,1435,2232,1435,0.642921146953405,68905381.05,63842154.26,0.9265191380869666
LRQ-422556,2025-08-16,2025,12508.45,1436,2232,1436,0.6433691756272402,68905381.05,63854662.71,0.9267006689022584
LRQ-540350,2023-04-20,2023,12504.05,1437,2232,1437,0.6438172043010753,68905381.05,63867166.76,0.9268821358618697
LRQ-797414,2020-03-07,2020,12486.41,1438,2232,1438,0.6442652329749103,68905381.05,63879653.17,0.9270633468182526
LRQ-934232,2023-01-19,2023,12431.54,1439,2232,1439,0.6447132616487455,68905381.05,63892084.71,0.9272437614652739
LRQ-534528,2025-02-28,2025,12420.09,1440,2232,1440,0.6451612903225806,68905381.05,63904504.80,0.9274240099423992
LRQ-771960,2023-11-05,2023,12406.62,1441,2232,1441,0.6456093189964157,68905381.05,63916911.42,0.927604062934066
LRQ-627710,2022-10-25,2022,12388.81,1442,2232,1442,0.6460573476702509,68905381.05,63929300.23,0.9277838574553533
LRQ-864470,2022-10-25,2022,12388.81,1443,2232,1443,0.646505376344086,68905381.05,63941689.04,0.9279636519766405
LRQ-489448,2024-06-23,2024,12374.35,1444,2232,1444,0.6469534050179212,68905381.05,63954063.39,0.9281432366449412
LRQ-958781,2024-06-23,2024,12374.35,1445,2232,1445,0.6474014336917563,68905381.05,63966437.74,0.9283228213132421
LRQ-495932,2024-02-10,2024,12364.80,1446,2232,1446,0.6478494623655914,68905381.05,63978802.54,0.9285022673856906
LRQ-650604,2024-08-22,2024,12364.80,1447,2232,1447,0.6482974910394266,68905381.05,63991167.34,0.9286817134581393
LRQ-505210,2023-07-17,2023,12349.84,1448,2232,1448,0.6487455197132617,68905381.05,64003517.18,0.9288609424212741
LRQ-118576,2023-02-18,2023,12333.70,1449,2232,1449,0.6491935483870968,68905381.05,64015850.88,0.9290399371501626
LRQ-532912,2023-02-18,2023,12333.70,1450,2232,1450,0.649641577060932,68905381.05,64028184.58,0.929218931879051
LRQ-565374,2023-07-25,2023,12258.56,1451,2232,1451,0.650089605734767,68905381.05,64040443.14,0.9293968361270677
LRQ-952586,2022-05-21,2022,12252.84,1452,2232,1452,0.6505376344086021,68905381.05,64052695.98,0.9295746573626995
LRQ-221981,2024-04-20,2024,12205.53,1453,2232,1453,0.6509856630824373,68905381.05,64064901.51,0.9297517920046391
LRQ-165413,2022-10-19,2022,12201.43,1454,2232,1454,0.6514336917562724,68905381.05,64077102.94,0.9299288671446945
LRQ-671372,2023-11-14,2023,12144.00,1455,2232,1455,0.6518817204301075,68905381.05,64089246.94,0.9301051088229922
LRQ-548802,2024-04-03,2024,12139.22,1456,2232,1456,0.6523297491039427,68905381.05,64101386.16,0.9302812811308008
LRQ-782591,2022-09-15,2022,12131.12,1457,2232,1457,0.6527777777777778,68905381.05,64113517.28,0.9304573358861065
LRQ-132665,2023-08-15,2023,12110.27,1458,2232,1458,0.6532258064516129,68905381.05,64125627.55,0.9306330880525622
LRQ-149345,2023-08-15,2023,12110.27,1459,2232,1459,0.6536738351254481,68905381.05,64137737.82,0.930808840219018
LRQ-633562,2025-09-30,2025,12104.48,1460,2232,1460,0.6541218637992832,68905381.05,64149842.30,0.9309845083572033
LRQ-909017,2025-09-30,2025,12104.48,1461,2232,1461,0.6545698924731183,68905381.05,64161946.78,0.9311601764953886
LRQ-186564,2022-07-24,2022,12090.99,1462,2232,1462,0.6550179211469535,68905381.05,64174037.77,0.9313356488578624
LRQ-438163,2022-07-24,2022,12090.99,1463,2232,1463,0.6554659498207885,68905381.05,64186128.76,0.9315111212203361
LRQ-625643,2022-04-30,2022,12075.61,1464,2232,1464,0.6559139784946236,68905381.05,64198204.37,0.931686370378181
LRQ-852278,2024-12-10,2024,12028.76,1465,2232,1465,0.6563620071684588,68905381.05,64210233.13,0.9318609396181549
LRQ-959029,2025-11-26,2025,12019.47,1466,2232,1466,0.6568100358422939,68905381.05,64222252.60,0.9320353740355668
LRQ-850111,2023-05-21,2023,11993.69,1467,2232,1467,0.657258064516129,68905381.05,64234246.29,0.9322094343167412
LRQ-364466,2020-01-26,2020,11946.46,1468,2232,1468,0.6577060931899642,68905381.05,64246192.75,0.9323828091652357
LRQ-459980,2019-10-30,2019,11931.00,1469,2232,1469,0.6581541218637993,68905381.05,64258123.75,0.9325559596480891
LRQ-990811,2019-10-30,2019,11931.00,1470,2232,1470,0.6586021505376344,68905381.05,64270054.75,0.9327291101309424
LRQ-284680,2023-09-04,2023,11896.46,1471,2232,1471,0.6590501792114696,68905381.05,64281951.21,0.9329017593467035
LRQ-169213,2023-11-07,2023,11882.83,1472,2232,1472,0.6594982078853047,68905381.05,64293834.04,0.9330742107549814
LRQ-578828,2023-11-07,2023,11882.83,1473,2232,1473,0.6599462365591398,68905381.05,64305716.87,0.9332466621632594
LRQ-471557,2020-10-10,2020,11876.48,1474,2232,1474,0.660394265232975,68905381.05,64317593.35,0.9334190214161802
LRQ-648195,2020-10-10,2020,11876.48,1475,2232,1475,0.66084229390681,68905381.05,64329469.83,0.9335913806691009
LRQ-314072,2023-05-10,2023,11875.30,1476,2232,1476,0.6612903225806451,68905381.05,64341345.13,0.9337637227970892
LRQ-663705,2019-01-14,2019,11871.05,1477,2232,1477,0.6617383512544803,68905381.05,64353216.18,0.9339360032462951
LRQ-834741,2019-01-14,2019,11871.05,1478,2232,1478,0.6621863799283154,68905381.05,64365087.23,0.934108283695501
LRQ-552523,2020-01-10,2020,11852.38,1479,2232,1479,0.6626344086021505,68905381.05,64376939.61,0.9342802931934443
LRQ-569319,2020-01-10,2020,11852.38,1480,2232,1480,0.6630824372759857,68905381.05,64388791.99,0.9344523026913876
LRQ-737875,2018-08-20,2018,11828.42,1481,2232,1481,0.6635304659498208,68905381.05,64400620.41,0.934623964466125
LRQ-135114,2023-10-31,2023,11811.49,1482,2232,1482,0.6639784946236559,68905381.05,64412431.90,0.9347953805416188
LRQ-752403,2023-10-31,2023,11811.49,1483,2232,1483,0.6644265232974911,68905381.05,64424243.39,0.9349667966171127
LRQ-560674,2019-09-17,2019,11786.76,1484,2232,1484,0.6648745519713262,68905381.05,64436030.15,0.9351378537946566
LRQ-258665,2019-11-14,2019,11780.45,1485,2232,1485,0.6653225806451613,68905381.05,64447810.60,0.9353088193973496
LRQ-702988,2023-02-21,2023,11752.26,1486,2232,1486,0.6657706093189965,68905381.05,64459562.86,0.9354793758883074
LRQ-425171,2022-06-19,2022,11695.81,1487,2232,1487,0.6662186379928315,68905381.05,64471258.67,0.9356491131399092
LRQ-906078,2019-06-21,2019,11694.05,1488,2232,1488,0.6666666666666666,68905381.05,64482952.72,0.9358188248492387
LRQ-982526,2023-10-06,2023,11682.58,1489,2232,1489,0.6671146953405018,68905381.05,64494635.30,0.9359883700984192
LRQ-607612,2022-12-14,2022,11605.84,1490,2232,1490,0.6675627240143369,68905381.05,64506241.14,0.9361568016464804
LRQ-189632,2019-06-06,2019,11586.96,1491,2232,1491,0.668010752688172,68905381.05,64517828.10,0.9363249591956215
LRQ-763413,2019-06-06,2019,11586.96,1492,2232,1492,0.6684587813620072,68905381.05,64529415.06,0.9364931167447627
LRQ-444216,2023-10-13,2023,11549.29,1493,2232,1493,0.6689068100358423,68905381.05,64540964.35,0.9366607276022023
LRQ-548205,2023-04-18,2023,11530.10,1494,2232,1494,0.6693548387096774,68905381.05,64552494.45,0.936828059961799
LRQ-804142,2023-10-11,2023,11517.70,1495,2232,1495,0.6698028673835126,68905381.05,64564012.15,0.9369952123644776
LRQ-916132,2023-10-11,2023,11517.70,1496,2232,1496,0.6702508960573477,68905381.05,64575529.85,0.9371623647671564
LRQ-607396,2023-01-21,2023,11511.04,1497,2232,1497,0.6706989247311828,68905381.05,64587040.89,0.937329420515555
LRQ-682317,2018-12-22,2018,11461.42,1498,2232,1498,0.671146953405018,68905381.05,64598502.31,0.937495756146029
LRQ-748247,2018-12-22,2018,11461.42,1499,2232,1499,0.671594982078853,68905381.05,64609963.73,0.9376620917765028
LRQ-294581,2023-06-23,2023,11454.81,1500,2232,1500,0.6720430107526881,68905381.05,64621418.54,0.9378283314783294
LRQ-727177,2023-06-23,2023,11454.81,1501,2232,1501,0.6724910394265233,68905381.05,64632873.35,0.9379945711801561
LRQ-946332,2023-06-23,2023,11454.81,1502,2232,1502,0.6729390681003584,68905381.05,64644328.16,0.9381608108819827
LRQ-170793,2023-05-02,2023,11440.51,1503,2232,1503,0.6733870967741935,68905381.05,64655768.67,0.9383268430528475
LRQ-852828,2023-05-02,2023,11440.51,1504,2232,1504,0.6738351254480287,68905381.05,64667209.18,0.9384928752237124
LRQ-646145,2023-09-29,2023,11437.48,1505,2232,1505,0.6742831541218638,68905381.05,64678646.66,0.9386588634212335
LRQ-303998,2023-04-19,2023,11428.44,1506,2232,1506,0.6747311827956989,68905381.05,64690075.10,0.9388247204243565
LRQ-382560,2023-04-19,2023,11428.44,1507,2232,1507,0.6751792114695341,68905381.05,64701503.54,0.9389905774274795
LRQ-751277,2023-04-19,2023,11428.44,1508,2232,1508,0.6756272401433692,68905381.05,64712931.98,0.9391564344306024
LRQ-684439,2024-02-19,2024,11420.68,1509,2232,1509,0.6760752688172043,68905381.05,64724352.66,0.9393221788155252
LRQ-241171,2024-03-09,2024,11393.30,1510,2232,1510,0.6765232974910395,68905381.05,64735745.96,0.9394875258439631
LRQ-199163,2020-05-24,2020,11392.14,1511,2232,1511,0.6769713261648745,68905381.05,64747138.10,0.9396528560377216
LRQ-319543,2020-05-24,2020,11392.14,1512,2232,1512,0.6774193548387096,68905381.05,64758530.24,0.9398181862314802
LRQ-218135,2018-06-02,2018,11390.54,1513,2232,1513,0.6778673835125448,68905381.05,64769920.78,0.9399834932049912
LRQ-200979,2024-03-31,2024,11374.64,1514,2232,1514,0.6783154121863799,68905381.05,64781295.42,0.940148569427293
LRQ-849986,2024-03-31,2024,11374.64,1515,2232,1515,0.678763440860215,68905381.05,64792670.06,0.9403136456495949
LRQ-973612,2024-03-31,2024,11374.64,1516,2232,1516,0.6792114695340502,68905381.05,64804044.70,0.9404787218718966
LRQ-230308,2025-05-11,2025,11275.92,1517,2232,1517,0.6796594982078853,68905381.05,64815320.62,0.9406423654049294
LRQ-116106,2024-09-15,2024,11275.63,1518,2232,1518,0.6801075268817204,68905381.05,64826596.25,0.9408060047292925
LRQ-573674,2024-09-15,2024,11275.63,1519,2232,1519,0.6805555555555556,68905381.05,64837871.88,0.9409696440536556
LRQ-640681,2025-03-02,2025,11248.03,1520,2232,1520,0.6810035842293907,68905381.05,64849119.91,0.9411328828287497
LRQ-454334,2024-10-17,2024,11247.24,1521,2232,1521,0.6814516129032258,68905381.05,64860367.15,0.9412961101388467
LRQ-592520,2023-07-07,2023,11242.69,1522,2232,1522,0.681899641577061,68905381.05,64871609.84,0.9414592714163651
LRQ-595959,2023-07-07,2023,11242.69,1523,2232,1523,0.682347670250896,68905381.05,64882852.53,0.9416224326938832
LRQ-131316,2022-11-29,2022,11194.93,1524,2232,1524,0.6827956989247311,68905381.05,64894047.46,0.9417849008470145
LRQ-454826,2023-02-20,2023,11190.68,1525,2232,1525,0.6832437275985663,68905381.05,64905238.14,0.9419473073213634
LRQ-475713,2023-02-20,2023,11190.68,1526,2232,1526,0.6836917562724014,68905381.05,64916428.82,0.9421097137957124
LRQ-859307,2023-12-28,2023,11178.37,1527,2232,1527,0.6841397849462365,68905381.05,64927607.19,0.9422719416192823
LRQ-208066,2019-08-21,2019,11150.23,1528,2232,1528,0.6845878136200717,68905381.05,64938757.42,0.9424337610567499
LRQ-100284,2025-02-01,2025,11100.24,1529,2232,1529,0.6850358422939068,68905381.05,64949857.66,0.9425948550066106
LRQ-750672,2024-02-10,2024,11090.69,1530,2232,1530,0.6854838709677419,68905381.05,64960948.35,0.9427558103606192
LRQ-506474,2025-02-14,2025,11049.86,1531,2232,1531,0.6859318996415771,68905381.05,64971998.21,0.9429161731629376
LRQ-584701,2025-04-12,2025,11048.63,1532,2232,1532,0.6863799283154122,68905381.05,64983046.84,0.943076518114691
LRQ-745574,2022-09-25,2022,11040.00,1533,2232,1533,0.6868279569892473,68905381.05,64994086.84,0.9432367378222344
LRQ-392870,2023-10-05,2023,11039.98,1534,2232,1534,0.6872759856630825,68905381.05,65005126.82,0.9433969572395247
LRQ-410976,2023-10-05,2023,11039.98,1535,2232,1535,0.6877240143369175,68905381.05,65016166.80,0.9435571766568149
LRQ-350748,2023-09-26,2023,11010.49,1536,2232,1536,0.6881720430107527,68905381.05,65027177.29,0.9437169680959191
LRQ-873483,2025-03-16,2025,10990.17,1537,2232,1537,0.6886200716845878,68905381.05,65038167.46,0.9438764646378804
LRQ-175774,2023-09-14,2023,10987.62,1538,2232,1538,0.6890681003584229,68905381.05,65049155.08,0.9440359241725723
LRQ-396021,2023-09-14,2023,10987.62,1539,2232,1539,0.6895161290322581,68905381.05,65060142.70,0.9441953837072643
LRQ-503121,2023-02-04,2023,10987.45,1540,2232,1540,0.6899641577060932,68905381.05,65071130.15,0.9443548407748048
LRQ-742558,2022-05-03,2022,10972.53,1541,2232,1541,0.6904121863799283,68905381.05,65082102.68,0.9445140813135378
LRQ-855303,2022-05-03,2022,10972.53,1542,2232,1542,0.6908602150537635,68905381.05,65093075.21,0.9446733218522707
LRQ-137206,2019-03-13,2019,10923.93,1543,2232,1543,0.6913082437275986,68905381.05,65103999.14,0.9448318570759867
LRQ-441439,2019-03-13,2019,10923.93,1544,2232,1544,0.6917562724014337,68905381.05,65114923.07,0.9449903922997027
LRQ-253681,2020-09-21,2020,10914.05,1545,2232,1545,0.6922043010752689,68905381.05,65125837.12,0.9451487841383907
LRQ-283091,2020-09-21,2020,10914.05,1546,2232,1546,0.692652329749104,68905381.05,65136751.17,0.9453071759770786
LRQ-299071,2022-09-17,2022,10872.32,1547,2232,1547,0.693100358422939,68905381.05,65147623.49,0.9454649622026872
LRQ-254037,2025-09-30,2025,10802.49,1548,2232,1548,0.6935483870967742,68905381.05,65158425.98,0.9456217350096201
LRQ-467361,2023-02-23,2023,10795.48,1549,2232,1549,0.6939964157706093,68905381.05,65169221.46,0.945778406082844
LRQ-568671,2025-05-19,2025,10764.77,1550,2232,1550,0.6944444444444444,68905381.05,65179986.23,0.9459346314724428
LRQ-658598,2022-03-11,2022,10763.80,1551,2232,1551,0.6948924731182796,68905381.05,65190750.03,0.9460908427847669
LRQ-180948,2022-06-23,2022,10761.52,1552,2232,1552,0.6953405017921147,68905381.05,65201511.55,0.9462470210082381
LRQ-955121,2023-02-25,2023,10744.70,1553,2232,1553,0.6957885304659498,68905381.05,65212256.25,0.9464029551288579
LRQ-774077,2023-10-13,2023,10721.13,1554,2232,1554,0.696236559139785,68905381.05,65222977.38,0.9465585471862071
LRQ-812126,2023-10-13,2023,10721.13,1555,2232,1555,0.6966845878136201,68905381.05,65233698.51,0.9467141392435562
LRQ-289720,2022-09-01,2022,10680.00,1556,2232,1556,0.6971326164874552,68905381.05,65244378.51,0.9468691343954189
LRQ-284263,2019-05-31,2019,10674.01,1557,2232,1557,0.6975806451612904,68905381.05,65255052.52,0.9470240426164802
LRQ-903404,2019-05-31,2019,10674.01,1558,2232,1558,0.6980286738351255,68905381.05,65265726.53,0.9471789508375413
LRQ-575043,2023-11-15,2023,10573.98,1559,2232,1559,0.6984767025089605,68905381.05,65276300.51,0.947332407357756
LRQ-408552,2024-04-14,2024,10569.64,1560,2232,1560,0.6989247311827957,68905381.05,65286870.15,0.9474858008930495
LRQ-787900,2024-04-04,2024,10535.51,1561,2232,1561,0.6993727598566308,68905381.05,65297405.66,0.9476386991114389
LRQ-140001,2019-10-21,2019,10520.40,1562,2232,1562,0.6998207885304659,68905381.05,65307926.06,0.9477913780436166
LRQ-672263,2019-10-21,2019,10520.40,1563,2232,1563,0.7002688172043011,68905381.05,65318446.46,0.9479440569757941
LRQ-814566,2022-10-26,2022,10510.85,1564,2232,1564,0.7007168458781362,68905381.05,65328957.31,0.9480965973121196
LRQ-962355,2022-10-26,2022,10510.85,1565,2232,1565,0.7011648745519713,68905381.05,65339468.16,0.948249137648445
LRQ-220145,2023-07-10,2023,10461.67,1566,2232,1566,0.7016129032258065,68905381.05,65349929.83,0.9484009642524138
LRQ-274999,2023-07-10,2023,10461.67,1567,2232,1567,0.7020609318996416,68905381.05,65360391.50,0.9485527908563827
LRQ-467446,2020-02-08,2020,10431.29,1568,2232,1568,0.7025089605734767,68905381.05,65370822.79,0.9487041765659027
LRQ-603539,2020-02-08,2020,10431.29,1569,2232,1569,0.7029569892473119,68905381.05,65381254.08,0.9488555622754227
LRQ-939073,2020-02-08,2020,10431.29,1570,2232,1570,0.703405017921147,68905381.05,65391685.37,0.9490069479849426
LRQ-189575,2023-10-26,2023,10430.24,1571,2232,1571,0.703853046594982,68905381.05,65402115.61,0.9491583184561753
LRQ-489951,2023-10-26,2023,10430.24,1572,2232,1572,0.7043010752688172,68905381.05,65412545.85,0.9493096889274079
LRQ-909222,2019-09-03,2019,10429.16,1573,2232,1573,0.7047491039426523,68905381.05,65422975.01,0.9494610437249733
LRQ-612399,2022-12-24,2022,10379.20,1574,2232,1574,0.7051971326164874,68905381.05,65433354.21,0.9496116734703117
LRQ-659371,2023-07-27,2023,10372.48,1575,2232,1575,0.7056451612903226,68905381.05,65443726.69,0.9497622056906105
LRQ-836428,2023-07-27,2023,10372.48,1576,2232,1576,0.7060931899641577,68905381.05,65454099.17,0.9499127379109096
LRQ-833357,2019-11-10,2019,10359.44,1577,2232,1577,0.7065412186379928,68905381.05,65464458.61,0.9500630808861916
LRQ-999224,2019-11-10,2019,10359.44,1578,2232,1578,0.706989247311828,68905381.05,65474818.05,0.9502134238614736
LRQ-256441,2023-03-30,2023,10319.64,1579,2232,1579,0.7074372759856631,68905381.05,65485137.69,0.9503631892330998
LRQ-311183,2023-07-23,2023,10307.75,1580,2232,1580,0.7078853046594982,68905381.05,65495445.44,0.950512782049262
LRQ-373601,2023-07-23,2023,10307.75,1581,2232,1581,0.7083333333333334,68905381.05,65505753.19,0.9506623748654243
LRQ-492475,2023-07-23,2023,10307.75,1582,2232,1582,0.7087813620071685,68905381.05,65516060.94,0.9508119676815865
LRQ-998473,2023-09-06,2023,10298.63,1583,2232,1583,0.7092293906810035,68905381.05,65526359.57,0.9509614281423382
LRQ-498064,2024-08-21,2024,10298.30,1584,2232,1584,0.7096774193548387,68905381.05,65536657.87,0.9511108838139137
LRQ-427600,2023-08-28,2023,10274.38,1585,2232,1585,0.7101254480286738,68905381.05,65546932.25,0.9512599923427897
LRQ-956435,2022-03-23,2022,10256.64,1586,2232,1586,0.7105734767025089,68905381.05,65557188.89,0.9514088434171718
LRQ-644247,2019-09-26,2019,10239.38,1587,2232,1587,0.7110215053763441,68905381.05,65567428.27,0.9515574440031342
LRQ-905899,2024-04-08,2024,10223.90,1588,2232,1588,0.7114695340501792,68905381.05,65577652.17,0.9517058199332025
LRQ-625268,2025-02-16,2025,10200.26,1589,2232,1589,0.7119175627240143,68905381.05,65587852.43,0.9518538527841144
LRQ-860792,2022-12-31,2022,10174.02,1590,2232,1590,0.7123655913978495,68905381.05,65598026.45,0.9520015048229677
LRQ-739908,2018-12-29,2018,10158.46,1591,2232,1591,0.7128136200716846,68905381.05,65608184.91,0.9521489310449144
LRQ-943519,2018-12-29,2018,10158.46,1592,2232,1592,0.7132616487455197,68905381.05,65618343.37,0.9522963572668611
LRQ-882463,2025-03-06,2025,10152.09,1593,2232,1593,0.7137096774193549,68905381.05,65628495.46,0.9524436910431976
LRQ-573843,2023-10-03,2023,10119.71,1594,2232,1594,0.71415770609319,68905381.05,65638615.17,0.952590554899776
LRQ-830964,2023-10-03,2023,10119.71,1595,2232,1595,0.714605734767025,68905381.05,65648734.88,0.9527374187563542
LRQ-918951,2024-07-25,2024,10088.35,1596,2232,1596,0.7150537634408602,68905381.05,65658823.23,0.952883827496082
LRQ-960557,2024-07-25,2024,10088.35,1597,2232,1597,0.7155017921146953,68905381.05,65668911.58,0.95303023623581
LRQ-352450,2024-01-24,2024,10056.43,1598,2232,1598,0.7159498207885304,68905381.05,65678968.01,0.9531761817316008
LRQ-651680,2024-01-24,2024,10056.43,1599,2232,1599,0.7163978494623656,68905381.05,65689024.44,0.9533221272273916
LRQ-948474,2025-05-24,2025,10037.24,1600,2232,1600,0.7168458781362007,68905381.05,65699061.68,0.9534677942253394
LRQ-630125,2025-06-04,2025,10015.49,1601,2232,1601,0.7172939068100358,68905381.05,65709077.17,0.9536131455730482
LRQ-931401,2025-06-04,2025,10015.49,1602,2232,1602,0.717741935483871,68905381.05,65719092.66,0.9537584969207568
LRQ-443545,2025-09-09,2025,9981.26,1603,2232,1603,0.7181899641577061,68905381.05,65729073.92,0.9539033515002963
LRQ-776698,2025-09-09,2025,9981.26,1604,2232,1604,0.7186379928315412,68905381.05,65739055.18,0.9540482060798356
LRQ-437822,2025-09-26,2025,9906.91,1605,2232,1605,0.7190860215053764,68905381.05,65748962.09,0.9541919816435005
LRQ-516233,2025-09-26,2025,9906.91,1606,2232,1606,0.7195340501792115,68905381.05,65758869.00,0.9543357572071652
LRQ-641616,2024-06-30,2024,9882.05,1607,2232,1607,0.7199820788530465,68905381.05,65768751.05,0.9544791719862349
LRQ-356160,2018-12-25,2018,9867.22,1608,2232,1608,0.7204301075268817,68905381.05,65778618.27,0.954622371542636
LRQ-634265,2018-12-25,2018,9867.22,1609,2232,1609,0.7208781362007168,68905381.05,65788485.49,0.9547655710990369
LRQ-669487,2018-12-25,2018,9867.22,1610,2232,1610,0.7213261648745519,68905381.05,65798352.71,0.9549087706554379
LRQ-660507,2019-03-21,2019,9852.28,1611,2232,1611,0.7217741935483871,68905381.05,65808204.99,0.9550517533927781
LRQ-780095,2019-03-21,2019,9852.28,1612,2232,1612,0.7222222222222222,68905381.05,65818057.27,0.9551947361301183
LRQ-429617,2019-03-31,2019,9839.01,1613,2232,1613,0.7226702508960573,68905381.05,65827896.28,0.9553375262845311
LRQ-877752,2019-03-31,2019,9839.01,1614,2232,1614,0.7231182795698925,68905381.05,65837735.29,0.9554803164389438
LRQ-462653,2023-07-07,2023,9830.95,1615,2232,1615,0.7235663082437276,68905381.05,65847566.24,0.9556229896213599
LRQ-341039,2024-09-09,2024,9812.19,1616,2232,1616,0.7240143369175627,68905381.05,65857378.43,0.9557653905463745
LRQ-610361,2023-07-31,2023,9723.94,1617,2232,1617,0.7244623655913979,68905381.05,65867102.37,0.9559065107296145
LRQ-324489,2019-11-21,2019,9650.97,1618,2232,1618,0.724910394265233,68905381.05,65876753.34,0.9560465719244434
LRQ-706246,2019-11-21,2019,9650.97,1619,2232,1619,0.725358422939068,68905381.05,65886404.31,0.9561866331192722
LRQ-280181,2024-11-30,2024,9646.51,1620,2232,1620,0.7258064516129032,68905381.05,65896050.82,0.9563266295876612
LRQ-470706,2024-11-30,2024,9646.51,1621,2232,1621,0.7262544802867383,68905381.05,65905697.33,0.9564666260560503
LRQ-820858,2024-11-30,2024,9646.51,1622,2232,1622,0.7267025089605734,68905381.05,65915343.84,0.9566066225244394
LRQ-197876,2022-10-17,2022,9640.51,1623,2232,1623,0.7271505376344086,68905381.05,65924984.35,0.9567465319169003
LRQ-391498,2022-10-17,2022,9640.51,1624,2232,1624,0.7275985663082437,68905381.05,65934624.86,0.9568864413093613
LRQ-833980,2023-10-07,2023,9571.37,1625,2232,1625,0.7280465949820788,68905381.05,65944196.23,0.9570253472968785
LRQ-307807,2023-09-27,2023,9566.07,1626,2232,1626,0.728494623655914,68905381.05,65953762.30,0.957164176367326
LRQ-183548,2024-12-01,2024,9523.32,1627,2232,1627,0.7289426523297491,68905381.05,65963285.62,0.9573023850217863
LRQ-702701,2023-07-21,2023,9490.46,1628,2232,1628,0.7293906810035843,68905381.05,65972776.08,0.9574401167904143
LRQ-416830,2023-12-20,2023,9445.33,1629,2232,1629,0.7298387096774194,68905381.05,65982221.41,0.957577193602937
LRQ-239232,2025-08-12,2025,9429.02,1630,2232,1630,0.7302867383512545,68905381.05,65991650.43,0.9577140337140622
LRQ-317181,2023-07-07,2023,9411.08,1631,2232,1631,0.7307347670250897,68905381.05,66001061.51,0.9578506134681625
LRQ-581863,2023-07-07,2023,9411.08,1632,2232,1632,0.7311827956989247,68905381.05,66010472.59,0.957987193222263
LRQ-903937,2020-12-11,2020,9407.55,1633,2232,1633,0.7316308243727598,68905381.05,66019880.14,0.9581237217466922
LRQ-666922,2024-07-09,2024,9405.84,1634,2232,1634,0.732078853046595,68905381.05,66029285.98,0.9582602254544821
LRQ-984214,2024-07-09,2024,9405.84,1635,2232,1635,0.7325268817204301,68905381.05,66038691.82,0.958396729162272
LRQ-452050,2025-11-21,2025,9402.11,1636,2232,1636,0.7329749103942652,68905381.05,66048093.93,0.95853317873786
LRQ-503107,2025-11-21,2025,9402.11,1637,2232,1637,0.7334229390681004,68905381.05,66057496.04,0.9586696283134479
LRQ-924372,2021-02-19,2021,9366.78,1638,2232,1638,0.7338709677419355,68905381.05,66066862.82,0.9588055651569465
LRQ-529833,2024-05-14,2024,9341.48,1639,2232,1639,0.7343189964157706,68905381.05,66076204.30,0.9589411348302819
LRQ-319523,2023-06-30,2023,9337.82,1640,2232,1640,0.7347670250896058,68905381.05,66085542.12,0.9590766513873012
LRQ-436209,2023-06-30,2023,9337.82,1641,2232,1641,0.7352150537634409,68905381.05,66094879.94,0.9592121679443205
LRQ-920393,2023-07-07,2023,9334.28,1642,2232,1642,0.735663082437276,68905381.05,66104214.22,0.9593476331265424
LRQ-291788,2024-06-04,2024,9323.63,1643,2232,1643,0.7361111111111112,68905381.05,66113537.85,0.9594829437489919
LRQ-291386,2023-04-07,2023,9321.04,1644,2232,1644,0.7365591397849462,68905381.05,66122858.89,0.9596182167836659
LRQ-702473,2023-04-07,2023,9321.04,1645,2232,1645,0.7370071684587813,68905381.05,66132179.93,0.9597534898183399
LRQ-411704,2018-09-25,2018,9312.87,1646,2232,1646,0.7374551971326165,68905381.05,66141492.80,0.9598886442846252
LRQ-502843,2018-08-16,2018,9303.02,1647,2232,1647,0.7379032258064516,68905381.05,66150795.82,0.960023655801262
LRQ-200454,2025-01-10,2025,9281.36,1648,2232,1648,0.7383512544802867,68905381.05,66160077.18,0.9601583529737987
LRQ-681356,2023-08-25,2023,9211.57,1649,2232,1649,0.7387992831541219,68905381.05,66169288.75,0.9602920373081661
LRQ-371168,2023-06-27,2023,9166.66,1650,2232,1650,0.739247311827957,68905381.05,66178455.41,0.9604250698792123
LRQ-103131,2023-02-28,2023,9165.28,1651,2232,1651,0.7396953405017921,68905381.05,66187620.69,0.9605580824227951
LRQ-552026,2024-07-11,2024,9161.03,1652,2232,1652,0.7401433691756273,68905381.05,66196781.72,0.9606910332875955
LRQ-769674,2024-07-11,2024,9161.03,1653,2232,1653,0.7405913978494624,68905381.05,66205942.75,0.9608239841523959
LRQ-919635,2022-09-11,2022,9159.76,1654,2232,1654,0.7410394265232975,68905381.05,66215102.51,0.9609569165861249
LRQ-348904,2024-07-14,2024,9141.51,1655,2232,1655,0.7414874551971327,68905381.05,66224244.02,0.9610895841639062
LRQ-631380,2024-07-14,2024,9141.51,1656,2232,1656,0.7419354838709677,68905381.05,66233385.53,0.9612222517416875
LRQ-469744,2024-02-24,2024,9138.47,1657,2232,1657,0.7423835125448028,68905381.05,66242524.00,0.9613548752009986
LRQ-189594,2019-07-03,2019,9111.37,1658,2232,1658,0.742831541218638,68905381.05,66251635.37,0.9614871053673681
LRQ-909621,2023-04-10,2023,9089.49,1659,2232,1659,0.7432795698924731,68905381.05,66260724.86,0.9616190179968536
LRQ-107132,2020-02-05,2020,9077.62,1660,2232,1660,0.7437275985663082,68905381.05,66269802.48,0.961750758361128
LRQ-216828,2020-02-05,2020,9077.62,1661,2232,1661,0.7441756272401434,68905381.05,66278880.10,0.9618824987254025
LRQ-948979,2025-04-22,2025,9071.83,1662,2232,1662,0.7446236559139785,68905381.05,66287951.93,0.9620141550614065
LRQ-241498,2023-05-05,2023,9040.78,1663,2232,1663,0.7450716845878136,68905381.05,66296992.71,0.962145360779483
LRQ-944922,2023-04-07,2023,8986.14,1664,2232,1664,0.7455197132616488,68905381.05,66305978.85,0.9622757735261085
LRQ-173101,2023-05-15,2023,8951.10,1665,2232,1665,0.7459677419354839,68905381.05,66314929.95,0.9624056777493143
LRQ-718641,2023-05-15,2023,8951.10,1666,2232,1666,0.746415770609319,68905381.05,66323881.05,0.96253558197252
LRQ-624738,2019-09-01,2019,8946.01,1667,2232,1667,0.7468637992831542,68905381.05,66332827.06,0.9626654123263136
LRQ-579741,2019-01-05,2019,8929.37,1668,2232,1668,0.7473118279569892,68905381.05,66341756.43,0.9627950011895334
LRQ-554203,2023-12-15,2023,8903.23,1669,2232,1669,0.7477598566308243,68905381.05,66350659.66,0.9629242106919602
LRQ-186541,2018-08-28,2018,8898.64,1670,2232,1670,0.7482078853046595,68905381.05,66359558.30,0.9630533535813021
LRQ-166947,2023-10-29,2023,8876.75,1671,2232,1671,0.7486559139784946,68905381.05,66368435.05,0.9631821787886332
LRQ-822399,2023-10-29,2023,8876.75,1672,2232,1672,0.7491039426523297,68905381.05,66377311.80,0.9633110039959644
LRQ-725799,2025-06-11,2025,8844.05,1673,2232,1673,0.7495519713261649,68905381.05,66386155.85,0.9634393546394879
LRQ-464766,2020-09-05,2020,8835.50,1674,2232,1674,0.75,68905381.05,66394991.35,0.9635675811998141
LRQ-520128,2020-09-05,2020,8835.50,1675,2232,1675,0.7504480286738351,68905381.05,66403826.85,0.9636958077601402
LRQ-793082,2020-09-05,2020,8835.50,1676,2232,1676,0.7508960573476703,68905381.05,66412662.35,0.9638240343204663
LRQ-323622,2022-04-07,2022,8815.64,1677,2232,1677,0.7513440860215054,68905381.05,66421477.99,0.9639519726594706
LRQ-942208,2022-04-07,2022,8815.64,1678,2232,1678,0.7517921146953405,68905381.05,66430293.63,0.964079910998475
LRQ-926892,2025-04-24,2025,8807.14,1679,2232,1679,0.7522401433691757,68905381.05,66439100.77,0.9642077259799147
LRQ-522997,2025-03-28,2025,8783.41,1680,2232,1680,0.7526881720430108,68905381.05,66447884.18,0.964335196576059
LRQ-815709,2025-03-28,2025,8783.41,1681,2232,1681,0.7531362007168458,68905381.05,66456667.59,0.9644626671722035
LRQ-494061,2018-05-29,2018,8760.39,1682,2232,1682,0.753584229390681,68905381.05,66465427.98,0.9645898036870373
LRQ-792268,2023-09-06,2023,8760.39,1683,2232,1683,0.7540322580645161,68905381.05,66474188.37,0.9647169402018713
LRQ-662427,2023-09-28,2023,8756.78,1684,2232,1684,0.7544802867383512,68905381.05,66482945.15,0.9648440243260218
LRQ-609873,2022-08-14,2022,8755.12,1685,2232,1685,0.7549283154121864,68905381.05,66491700.27,0.9649710843591657
LRQ-955002,2024-03-21,2024,8754.83,1686,2232,1686,0.7553763440860215,68905381.05,66500455.10,0.9650981401836396
LRQ-965527,2020-01-05,2020,8721.60,1687,2232,1687,0.7558243727598566,68905381.05,66509176.70,0.965224713752599
LRQ-253551,2023-03-30,2023,8713.84,1688,2232,1688,0.7562724014336918,68905381.05,66517890.54,0.965351174703358
LRQ-470246,2023-03-30,2023,8713.84,1689,2232,1689,0.7567204301075269,68905381.05,66526604.38,0.9654776356541172
LRQ-354903,2023-08-13,2023,8699.70,1690,2232,1690,0.757168458781362,68905381.05,66535304.08,0.9656038913959392
LRQ-699586,2024-07-17,2024,8685.19,1691,2232,1691,0.7576164874551972,68905381.05,66543989.27,0.965729936559142
LRQ-482994,2023-06-04,2023,8656.91,1692,2232,1692,0.7580645161290323,68905381.05,66552646.18,0.9658555713044708
LRQ-881666,2023-06-04,2023,8656.91,1693,2232,1693,0.7585125448028673,68905381.05,66561303.09,0.9659812060497996
LRQ-691083,2023-10-27,2023,8525.92,1694,2232,1694,0.7589605734767025,68905381.05,66569829.01,0.9661049397824932
LRQ-746064,2023-10-27,2023,8525.92,1695,2232,1695,0.7594086021505376,68905381.05,66578354.93,0.966228673515187
LRQ-196829,2019-09-27,2019,8504.87,1696,2232,1696,0.7598566308243727,68905381.05,66586859.80,0.9663521017564999
LRQ-587174,2025-02-20,2025,8492.30,1697,2232,1697,0.7603046594982079,68905381.05,66595352.10,0.9664753475737438
LRQ-277095,2025-09-24,2025,8411.38,1698,2232,1698,0.760752688172043,68905381.05,66603763.48,0.9665974190269716
LRQ-554493,2020-03-28,2020,8392.04,1699,2232,1699,0.7612007168458781,68905381.05,66612155.52,0.9667192098054583
LRQ-977550,2020-03-28,2020,8392.04,1700,2232,1700,0.7616487455197133,68905381.05,66620547.56,0.9668410005839451
LRQ-434311,2025-02-18,2025,8331.89,1701,2232,1701,0.7620967741935484,68905381.05,66628879.45,0.9669619184262533
LRQ-459785,2025-02-18,2025,8331.89,1702,2232,1702,0.7625448028673835,68905381.05,66637211.34,0.9670828362685617
LRQ-722041,2024-06-27,2024,8327.80,1703,2232,1703,0.7629928315412187,68905381.05,66645539.14,0.9672036947541124
LRQ-413539,2023-08-02,2023,8287.78,1704,2232,1704,0.7634408602150538,68905381.05,66653826.92,0.9673239724432233
LRQ-546156,2023-08-02,2023,8287.78,1705,2232,1705,0.7638888888888888,68905381.05,66662114.70,0.9674442501323343
LRQ-687906,2023-11-26,2023,8280.00,1706,2232,1706,0.764336917562724,68905381.05,66670394.70,0.9675644149129918
LRQ-935566,2025-04-30,2025,8236.21,1707,2232,1707,0.7647849462365591,68905381.05,66678630.91,0.9676839441845014
LRQ-189615,2018-07-20,2018,8223.81,1708,2232,1708,0.7652329749103942,68905381.05,66686854.72,0.9678032934990931
LRQ-252205,2023-07-14,2023,8211.11,1709,2232,1709,0.7656810035842294,68905381.05,66695065.83,0.9679224585029705
LRQ-705462,2023-07-14,2023,8211.11,1710,2232,1710,0.7661290322580645,68905381.05,66703276.94,0.9680416235068481
LRQ-302001,2018-05-16,2018,8210.39,1711,2232,1711,0.7665770609318996,68905381.05,66711487.33,0.9681607780616142
LRQ-812994,2018-05-16,2018,8210.39,1712,2232,1712,0.7670250896057348,68905381.05,66719697.72,0.9682799326163802
LRQ-802907,2024-02-07,2024,8205.09,1713,2232,1713,0.7674731182795699,68905381.05,66727902.81,0.9683990102540766
LRQ-187108,2024-03-06,2024,8194.94,1714,2232,1714,0.767921146953405,68905381.05,66736097.75,0.968517940588328
LRQ-168320,2022-07-21,2022,8173.96,1715,2232,1715,0.7683691756272402,68905381.05,66744271.71,0.9686365664470845
LRQ-919215,2025-10-18,2025,8149.93,1716,2232,1716,0.7688172043010753,68905381.05,66752421.64,0.9687548435667493
LRQ-316111,2022-11-12,2022,8149.12,1717,2232,1717,0.7692652329749103,68905381.05,66760570.76,0.9688731089311639
LRQ-373240,2024-10-29,2024,8084.39,1718,2232,1718,0.7697132616487455,68905381.05,66768655.15,0.9689904348914417
LRQ-116922,2020-07-04,2020,8071.66,1719,2232,1719,0.7701612903225806,68905381.05,66776726.81,0.9691075761056256
LRQ-244036,2020-07-04,2020,8071.66,1720,2232,1720,0.7706093189964157,68905381.05,66784798.47,0.9692247173198094
LRQ-772375,2023-11-29,2023,8046.78,1721,2232,1721,0.7710573476702509,68905381.05,66792845.25,0.9693414974591451
LRQ-790873,2023-11-29,2023,8046.78,1722,2232,1722,0.771505376344086,68905381.05,66800892.03,0.9694582775984809
LRQ-550800,2023-07-27,2023,8011.53,1723,2232,1723,0.7719534050179212,68905381.05,66808903.56,0.9695745461667395
LRQ-962854,2023-07-27,2023,8011.53,1724,2232,1724,0.7724014336917563,68905381.05,66816915.09,0.9696908147349982
LRQ-196808,2019-12-02,2019,7964.42,1725,2232,1725,0.7728494623655914,68905381.05,66824879.51,0.9698063996120954
LRQ-359501,2020-01-13,2020,7897.04,1726,2232,1726,0.7732974910394266,68905381.05,66832776.55,0.9699210066265209
LRQ-730798,2018-06-19,2018,7889.92,1727,2232,1727,0.7737455197132617,68905381.05,66840666.47,0.9700355103108453
LRQ-614544,2024-12-27,2024,7876.52,1728,2232,1728,0.7741935483870968,68905381.05,66848542.99,0.9701498195255972
LRQ-756000,2024-12-27,2024,7876.52,1729,2232,1729,0.774641577060932,68905381.05,66856419.51,0.970264128740349
LRQ-782794,2023-05-30,2023,7870.32,1730,2232,1730,0.775089605734767,68905381.05,66864289.83,0.9703783479766418
LRQ-142965,2023-04-26,2023,7843.31,1731,2232,1731,0.7755376344086021,68905381.05,66872133.14,0.9704921752261321
LRQ-306969,2023-04-26,2023,7843.31,1732,2232,1732,0.7759856630824373,68905381.05,66879976.45,0.9706060024756225
LRQ-630426,2019-06-07,2019,7820.00,1733,2232,1733,0.7764336917562724,68905381.05,66887796.45,0.9707194914351324
LRQ-606907,2023-09-10,2023,7781.45,1734,2232,1734,0.7768817204301075,68905381.05,66895577.90,0.9708324209318048
LRQ-633906,2024-06-08,2024,7762.50,1735,2232,1735,0.7773297491039427,68905381.05,66903340.40,0.9709450754136713
LRQ-255957,2023-01-01,2023,7758.29,1736,2232,1736,0.7777777777777778,68905381.05,66911098.69,0.9710576687972615
LRQ-861655,2023-02-08,2023,7757.44,1737,2232,1737,0.7782258064516129,68905381.05,66918856.13,0.9711702498450955
LRQ-475612,2022-08-09,2022,7703.27,1738,2232,1738,0.7786738351254481,68905381.05,66926559.40,0.9712820447424259
LRQ-316609,2025-08-02,2025,7696.48,1739,2232,1739,0.7791218637992832,68905381.05,66934255.88,0.9713937410988311
LRQ-455013,2023-08-20,2023,7606.74,1740,2232,1740,0.7795698924731183,68905381.05,66941862.62,0.9715041350896063
LRQ-269666,2025-04-06,2025,7573.99,1741,2232,1741,0.7800179211469535,68905381.05,66949436.61,0.9716140537909412
LRQ-657907,2023-12-06,2023,7556.95,1742,2232,1742,0.7804659498207885,68905381.05,66956993.56,0.9717237251966406
LRQ-897912,2022-12-28,2022,7532.11,1743,2232,1743,0.7809139784946236,68905381.05,66964525.67,0.9718330361079979
LRQ-977744,2022-12-28,2022,7532.11,1744,2232,1744,0.7813620071684588,68905381.05,66972057.78,0.9719423470193552
LRQ-985719,2022-12-28,2022,7532.11,1745,2232,1745,0.7818100358422939,68905381.05,66979589.89,0.9720516579307126
LRQ-900737,2024-12-01,2024,7531.84,1746,2232,1746,0.782258064516129,68905381.05,66987121.73,0.9721609649236531
LRQ-912722,2024-12-01,2024,7531.84,1747,2232,1747,0.7827060931899642,68905381.05,66994653.57,0.9722702719165937
LRQ-946402,2024-03-10,2024,7529.43,1748,2232,1748,0.7831541218637993,68905381.05,67002183.00,0.9723795439340365
LRQ-267496,2019-05-22,2019,7522.77,1749,2232,1749,0.7836021505376344,68905381.05,67009705.77,0.9724887192971993
LRQ-269572,2024-03-19,2024,7504.24,1750,2232,1750,0.7840501792114696,68905381.05,67017210.01,0.9725976257408709
LRQ-361884,2024-03-19,2024,7504.24,1751,2232,1751,0.7844982078853047,68905381.05,67024714.25,0.9727065321845427
LRQ-149609,2020-03-28,2020,7492.13,1752,2232,1752,0.7849462365591398,68905381.05,67032206.38,0.9728152628799664
LRQ-779320,2020-03-28,2020,7492.13,1753,2232,1753,0.785394265232975,68905381.05,67039698.51,0.9729239935753901
LRQ-803499,2023-07-26,2023,7489.89,1754,2232,1754,0.78584229390681,68905381.05,67047188.40,0.9730326917624672
LRQ-586539,2023-10-04,2023,7488.65,1755,2232,1755,0.7862903225806451,68905381.05,67054677.05,0.9731413719538526
LRQ-159050,2019-04-01,2019,7484.72,1756,2232,1756,0.7867383512544803,68905381.05,67062161.77,0.9732499951105054
LRQ-194492,2019-04-01,2019,7484.72,1757,2232,1757,0.7871863799283154,68905381.05,67069646.49,0.9733586182671579
LRQ-258226,2019-04-01,2019,7484.72,1758,2232,1758,0.7876344086021505,68905381.05,67077131.21,0.9734672414238105
LRQ-658575,2019-04-01,2019,7484.72,1759,2232,1759,0.7880824372759857,68905381.05,67084615.93,0.973575864580463
LRQ-208458,2023-09-11,2023,7484.66,1760,2232,1760,0.7885304659498208,68905381.05,67092100.59,0.9736844868663563
LRQ-401987,2023-09-11,2023,7484.66,1761,2232,1761,0.7889784946236559,68905381.05,67099585.25,0.9737931091522496
LRQ-636147,2025-09-28,2025,7450.47,1762,2232,1762,0.7894265232974911,68905381.05,67107035.72,0.9739012352504798
LRQ-550067,2024-12-16,2024,7437.26,1763,2232,1763,0.7898745519713262,68905381.05,67114472.98,0.9740091696365418
LRQ-321939,2023-09-08,2023,7399.84,1764,2232,1764,0.7903225806451613,68905381.05,67121872.82,0.974116560959066
LRQ-184582,2024-06-27,2024,7385.78,1765,2232,1765,0.7907706093189965,68905381.05,67129258.60,0.9742237482336656
LRQ-906042,2024-06-27,2024,7385.78,1766,2232,1766,0.7912186379928315,68905381.05,67136644.38,0.9743309355082653
LRQ-245230,2023-09-19,2023,7360.00,1767,2232,1767,0.7916666666666666,68905381.05,67144004.38,0.9744377486466276
LRQ-550149,2023-03-23,2023,7359.93,1768,2232,1768,0.7921146953405018,68905381.05,67151364.31,0.9745445607691042
LRQ-615808,2023-03-23,2023,7359.93,1769,2232,1769,0.7925627240143369,68905381.05,67158724.24,0.9746513728915805
LRQ-842511,2022-04-09,2022,7356.67,1770,2232,1770,0.793010752688172,68905381.05,67166080.91,0.9747581377028028
LRQ-431401,2022-12-30,2022,7355.20,1771,2232,1771,0.7934587813620072,68905381.05,67173436.11,0.9748648811804227
LRQ-851083,2024-06-27,2024,7333.67,1772,2232,1772,0.7939068100358423,68905381.05,67180769.78,0.9749713122005876
LRQ-222145,2023-01-20,2023,7320.61,1773,2232,1773,0.7943548387096774,68905381.05,67188090.39,0.9750775536854825
LRQ-988182,2023-01-20,2023,7320.61,1774,2232,1774,0.7948028673835126,68905381.05,67195411.00,0.9751837951703773
LRQ-161450,2023-09-19,2023,7291.98,1775,2232,1775,0.7952508960573477,68905381.05,67202702.98,0.9752896211579691
LRQ-200515,2023-09-19,2023,7291.98,1776,2232,1776,0.7956989247311828,68905381.05,67209994.96,0.9753954471455607
LRQ-574704,2023-09-19,2023,7291.98,1777,2232,1777,0.796146953405018,68905381.05,67217286.94,0.9755012731331525
LRQ-690731,2022-04-26,2022,7277.44,1778,2232,1778,0.796594982078853,68905381.05,67224564.38,0.9756068881067453
LRQ-740968,2022-04-26,2022,7277.44,1779,2232,1779,0.7970430107526881,68905381.05,67231841.82,0.9757125030803381
LRQ-109585,2020-01-06,2020,7273.24,1780,2232,1780,0.7974910394265233,68905381.05,67239115.06,0.9758180571007815
LRQ-423651,2020-01-06,2020,7273.24,1781,2232,1781,0.7979390681003584,68905381.05,67246388.30,0.9759236111212246
LRQ-434705,2020-05-02,2020,7243.88,1782,2232,1782,0.7983870967741935,68905381.05,67253632.18,0.9760287390501269
LRQ-813083,2020-05-02,2020,7243.88,1783,2232,1783,0.7988351254480287,68905381.05,67260876.06,0.976133866979029
LRQ-700446,2019-08-09,2019,7233.32,1784,2232,1784,0.7992831541218638,68905381.05,67268109.38,0.9762388416542978
LRQ-451964,2022-11-15,2022,7190.66,1785,2232,1785,0.7997311827956989,68905381.05,67275300.04,0.9763431972197186
LRQ-174703,2025-12-11,2025,7180.49,1786,2232,1786,0.8001792114695341,68905381.05,67282480.53,0.9764474051914412
LRQ-489012,2023-09-10,2023,7155.50,1787,2232,1787,0.8006272401433692,68905381.05,67289636.03,0.9765512504919237
LRQ-288290,2023-09-07,2023,7130.00,1788,2232,1788,0.8010752688172043,68905381.05,67296766.03,0.9766547257197122
LRQ-362949,2024-07-06,2024,7117.12,1789,2232,1789,0.8015232974910395,68905381.05,67303883.15,0.9767580140245086
LRQ-462337,2019-02-13,2019,7109.17,1790,2232,1790,0.8019713261648745,68905381.05,67310992.32,0.9768611869537002
LRQ-661461,2019-02-13,2019,7109.17,1791,2232,1791,0.8024193548387096,68905381.05,67318101.49,0.9769643598828919
LRQ-220239,2023-09-13,2023,7094.91,1792,2232,1792,0.8028673835125448,68905381.05,67325196.40,0.9770673258616281
LRQ-851519,2023-09-13,2023,7094.91,1793,2232,1793,0.8033154121863799,68905381.05,67332291.31,0.9771702918403643
LRQ-264495,2024-11-02,2024,7084.00,1794,2232,1794,0.803763440860215,68905381.05,67339375.31,0.977273099486038
LRQ-503078,2024-11-02,2024,7084.00,1795,2232,1795,0.8042114695340502,68905381.05,67346459.31,0.9773759071317116
LRQ-931587,2024-11-02,2024,7084.00,1796,2232,1796,0.8046594982078853,68905381.05,67353543.31,0.9774787147773853
LRQ-409865,2024-08-22,2024,7057.74,1797,2232,1797,0.8051075268817204,68905381.05,67360601.05,0.9775811413207474
LRQ-559159,2024-08-22,2024,7057.74,1798,2232,1798,0.8055555555555556,68905381.05,67367658.79,0.9776835678641096
LRQ-340819,2025-05-07,2025,7043.12,1799,2232,1799,0.8060035842293907,68905381.05,67374701.91,0.9777857822324604
LRQ-928330,2020-07-10,2020,7035.18,1800,2232,1800,0.8064516129032258,68905381.05,67381737.09,0.9778878813703332
LRQ-514069,2023-11-13,2023,7019.69,1801,2232,1801,0.806899641577061,68905381.05,67388756.78,0.9779897557071852
LRQ-661039,2025-07-17,2025,6993.42,1802,2232,1802,0.807347670250896,68905381.05,67395750.20,0.9780912487965989
LRQ-837365,2025-07-17,2025,6993.42,1803,2232,1803,0.8077956989247311,68905381.05,67402743.62,0.9781927418860128
LRQ-265819,2020-03-27,2020,6964.60,1804,2232,1804,0.8082437275985663,68905381.05,67409708.22,0.9782938167207189
LRQ-189343,2023-12-20,2023,6956.75,1805,2232,1805,0.8086917562724014,68905381.05,67416664.97,0.9783947776310861
LRQ-212979,2023-12-20,2023,6956.75,1806,2232,1806,0.8091397849462365,68905381.05,67423621.72,0.9784957385414532
LRQ-458880,2025-04-02,2025,6955.20,1807,2232,1807,0.8095878136200717,68905381.05,67430576.92,0.9785966769572055
LRQ-685748,2020-06-25,2020,6951.83,1808,2232,1808,0.8100358422939068,68905381.05,67437528.75,0.9786975664653117
LRQ-701631,2020-06-25,2020,6951.83,1809,2232,1809,0.8104838709677419,68905381.05,67444480.58,0.9787984559734177
LRQ-790755,2023-08-29,2023,6919.60,1810,2232,1810,0.8109318996415771,68905381.05,67451400.18,0.978898877738664
LRQ-459010,2023-09-04,2023,6846.49,1811,2232,1811,0.8113799283154122,68905381.05,67458246.67,0.9789982384837274
LRQ-887850,2020-06-10,2020,6770.48,1812,2232,1812,0.8118279569892473,68905381.05,67465017.15,0.9790964961219093
LRQ-937018,2020-06-10,2020,6770.48,1813,2232,1813,0.8122759856630825,68905381.05,67471787.63,0.9791947537600911
LRQ-329257,2022-11-15,2022,6768.26,1814,2232,1814,0.8127240143369175,68905381.05,67478555.89,0.9792929791801798
LRQ-240744,2023-07-23,2023,6718.10,1815,2232,1815,0.8131720430107527,68905381.05,67485273.99,0.97939047664551
LRQ-443253,2023-03-14,2023,6716.81,1816,2232,1816,0.8136200716845878,68905381.05,67491990.80,0.9794879553895159
LRQ-114484,2019-12-04,2019,6713.66,1817,2232,1817,0.8140681003584229,68905381.05,67498704.46,0.9795853884186596
LRQ-362005,2019-12-04,2019,6713.66,1818,2232,1818,0.8145161290322581,68905381.05,67505418.12,0.9796828214478034
LRQ-305911,2024-04-25,2024,6695.23,1819,2232,1819,0.8149641577060932,68905381.05,67512113.35,0.9797799870087214
LRQ-598796,2025-08-17,2025,6654.67,1820,2232,1820,0.8154121863799283,68905381.05,67518768.02,0.9798765639363661
LRQ-342044,2024-04-17,2024,6601.28,1821,2232,1821,0.8158602150537635,68905381.05,67525369.30,0.9799723660333781
LRQ-125703,2019-08-05,2019,6589.11,1822,2232,1822,0.8163082437275986,68905381.05,67531958.41,0.9800679915113828
LRQ-740919,2020-11-14,2020,6587.70,1823,2232,1823,0.8167562724014337,68905381.05,67538546.11,0.9801635965265445
LRQ-557162,2020-07-11,2020,6549.63,1824,2232,1824,0.8172043010752689,68905381.05,67545095.74,0.9802586490449428
LRQ-740807,2023-08-26,2023,6519.45,1825,2232,1825,0.817652329749104,68905381.05,67551615.19,0.9803532635714232
LRQ-866051,2023-08-26,2023,6519.45,1826,2232,1826,0.818100358422939,68905381.05,67558134.64,0.9804478780979037
LRQ-419237,2023-11-17,2023,6515.37,1827,2232,1827,0.8185483870967742,68905381.05,67564650.01,0.9805424334127532
LRQ-609884,2023-11-17,2023,6515.37,1828,2232,1828,0.8189964157706093,68905381.05,67571165.38,0.9806369887276024
LRQ-386871,2022-09-12,2022,6505.49,1829,2232,1829,0.8194444444444444,68905381.05,67577670.87,0.9807314006574238
LRQ-204769,2018-05-22,2018,6497.39,1830,2232,1830,0.8198924731182796,68905381.05,67584168.26,0.9808256950347423
LRQ-951001,2018-05-22,2018,6497.39,1831,2232,1831,0.8203405017921147,68905381.05,67590665.65,0.9809199894120607
LRQ-264629,2022-12-31,2022,6493.95,1832,2232,1832,0.8207885304659498,68905381.05,67597159.60,0.981014233865847
LRQ-666203,2022-12-31,2022,6493.95,1833,2232,1833,0.821236559139785,68905381.05,67603653.55,0.9811084783196333
LRQ-146281,2022-09-23,2022,6486.81,1834,2232,1834,0.8216845878136201,68905381.05,67610140.36,0.9812026191530654
LRQ-299289,2020-04-06,2020,6344.85,1835,2232,1835,0.8221326164874552,68905381.05,67616485.21,0.9812946997700406
LRQ-509552,2023-10-16,2023,6286.67,1836,2232,1836,0.8225806451612904,68905381.05,67622771.88,0.9813859360407673
LRQ-358075,2023-08-12,2023,6267.50,1837,2232,1837,0.8230286738351255,68905381.05,67629039.38,0.9814768941039039
LRQ-954578,2023-08-12,2023,6267.50,1838,2232,1838,0.8234767025089605,68905381.05,67635306.88,0.9815678521670406
LRQ-158282,2023-02-26,2023,6263.67,1839,2232,1839,0.8239247311827957,68905381.05,67641570.55,0.9816587546467098
LRQ-841454,2023-05-20,2023,6209.28,1840,2232,1840,0.8243727598566308,68905381.05,67647779.83,0.9817488677830917
LRQ-700467,2019-01-24,2019,6172.78,1841,2232,1841,0.8248207885304659,68905381.05,67653952.61,0.9818384512075781
LRQ-849522,2019-01-24,2019,6172.78,1842,2232,1842,0.8252688172043011,68905381.05,67660125.39,0.9819280346320646
LRQ-192753,2023-09-08,2023,6133.42,1843,2232,1843,0.8257168458781362,68905381.05,67666258.81,0.9820170468384632
LRQ-198743,2023-07-25,2023,6130.57,1844,2232,1844,0.8261648745519713,68905381.05,67672389.38,0.9821060176837959
LRQ-604230,2019-06-21,2019,6092.68,1845,2232,1845,0.8266129032258065,68905381.05,67678482.06,0.9821944386446435
LRQ-990899,2019-06-21,2019,6092.68,1846,2232,1846,0.8270609318996416,68905381.05,67684574.74,0.9822828596054908
LRQ-992304,2019-06-21,2019,6092.68,1847,2232,1847,0.8275089605734767,68905381.05,67690667.42,0.9823712805663384
LRQ-212505,2023-12-22,2023,6091.38,1848,2232,1848,0.8279569892473119,68905381.05,67696758.80,0.9824596826607347
LRQ-557951,2025-09-10,2025,6081.79,1849,2232,1849,0.828405017921147,68905381.05,67702840.59,0.9825479455787729
LRQ-709964,2020-09-04,2020,6079.36,1850,2232,1850,0.828853046594982,68905381.05,67708919.95,0.9826361732310601
LRQ-935616,2020-09-04,2020,6079.36,1851,2232,1851,0.8293010752688172,68905381.05,67714999.31,0.9827244008833473
LRQ-630613,2023-05-14,2023,6049.64,1852,2232,1852,0.8297491039426523,68905381.05,67721048.95,0.9828121972195378
LRQ-374464,2024-04-30,2024,6038.11,1853,2232,1853,0.8301971326164874,68905381.05,67727087.06,0.98289982622482
LRQ-652477,2024-04-30,2024,6038.11,1854,2232,1854,0.8306451612903226,68905381.05,67733125.17,0.9829874552301021
LRQ-954141,2024-04-30,2024,6038.11,1855,2232,1855,0.8310931899641577,68905381.05,67739163.28,0.9830750842353844
LRQ-569497,2019-01-26,2019,6029.37,1856,2232,1856,0.8315412186379928,68905381.05,67745192.65,0.9831625864000647
LRQ-668568,2019-01-26,2019,6029.37,1857,2232,1857,0.831989247311828,68905381.05,67751222.02,0.9832500885647449
LRQ-874641,2019-01-26,2019,6029.37,1858,2232,1858,0.8324372759856631,68905381.05,67757251.39,0.9833375907294254
LRQ-528572,2018-12-05,2018,5914.68,1859,2232,1859,0.8328853046594982,68905381.05,67763166.07,0.9834234284377417
LRQ-174876,2023-11-18,2023,5888.92,1860,2232,1860,0.8333333333333334,68905381.05,67769054.99,0.9835088923000738
LRQ-475445,2023-03-01,2023,5867.56,1861,2232,1861,0.8337813620071685,68905381.05,67774922.55,0.9835940461721022
LRQ-908193,2023-03-01,2023,5867.56,1862,2232,1862,0.8342293906810035,68905381.05,67780790.11,0.9836792000441307
LRQ-417964,2023-11-29,2023,5864.39,1863,2232,1863,0.8346774193548387,68905381.05,67786654.50,0.9837643079110439
LRQ-682898,2020-02-21,2020,5850.94,1864,2232,1864,0.8351254480286738,68905381.05,67792505.44,0.9838492205827516
LRQ-605803,2023-10-01,2023,5847.23,1865,2232,1865,0.8355734767025089,68905381.05,67798352.67,0.9839340794125107
LRQ-149442,2023-06-18,2023,5843.21,1866,2232,1866,0.8360215053763441,68905381.05,67804195.88,0.9840188799013977
LRQ-566285,2020-08-23,2020,5800.53,1867,2232,1867,0.8364695340501792,68905381.05,67809996.41,0.9841030609901837
LRQ-892608,2022-12-04,2022,5760.62,1868,2232,1868,0.8369175627240143,68905381.05,67815757.03,0.9841866628789219
LRQ-353274,2023-08-06,2023,5756.90,1869,2232,1869,0.8373655913978495,68905381.05,67821513.93,0.9842702107805847
LRQ-358501,2023-08-06,2023,5756.90,1870,2232,1870,0.8378136200716846,68905381.05,67827270.83,0.9843537586822474
LRQ-406341,2023-03-22,2023,5744.26,1871,2232,1871,0.8382616487455197,68905381.05,67833015.09,0.9844371231439552
LRQ-751431,2023-03-22,2023,5744.26,1872,2232,1872,0.8387096774193549,68905381.05,67838759.35,0.9845204876056628
LRQ-816256,2023-03-22,2023,5744.26,1873,2232,1873,0.83915770609319,68905381.05,67844503.61,0.9846038520673707
LRQ-376570,2025-02-16,2025,5725.68,1874,2232,1874,0.839605734767025,68905381.05,67850229.29,0.9846869468839548
LRQ-840810,2023-09-26,2023,5721.63,1875,2232,1875,0.8400537634408602,68905381.05,67855950.92,0.9847699829242872
LRQ-689392,2024-03-25,2024,5705.95,1876,2232,1876,0.8405017921146953,68905381.05,67861656.87,0.9848527914061946
LRQ-701933,2023-10-19,2023,5672.65,1877,2232,1877,0.8409498207885304,68905381.05,67867329.52,0.9849351166167014
LRQ-232307,2024-01-13,2024,5663.32,1878,2232,1878,0.8413978494623656,68905381.05,67872992.84,0.9850173064241404
LRQ-409116,2023-09-18,2023,5592.81,1879,2232,1879,0.8418458781362007,68905381.05,67878585.65,0.9850984729442985
LRQ-864933,2020-05-06,2020,5584.66,1880,2232,1880,0.8422939068100358,68905381.05,67884170.31,0.9851795211863211
LRQ-535529,2019-04-10,2019,5543.28,1881,2232,1881,0.842741935483871,68905381.05,67889713.59,0.9852599688946936
LRQ-751568,2019-04-10,2019,5543.28,1882,2232,1882,0.8431899641577061,68905381.05,67895256.87,0.9853404166030659
LRQ-308906,2024-02-01,2024,5532.31,1883,2232,1883,0.8436379928315412,68905381.05,67900789.18,0.9854207051076167
LRQ-426926,2024-02-01,2024,5532.31,1884,2232,1884,0.8440860215053764,68905381.05,67906321.49,0.9855009936121673
LRQ-316109,2023-07-22,2023,5516.65,1885,2232,1885,0.8445340501792115,68905381.05,67911838.14,0.9855810548485459
LRQ-900851,2018-09-09,2018,5498.07,1886,2232,1886,0.8449820788530465,68905381.05,67917336.21,0.9856608464398006
LRQ-402866,2023-11-04,2023,5494.35,1887,2232,1887,0.8454301075268817,68905381.05,67922830.56,0.9857405840439802
LRQ-624613,2024-06-21,2024,5480.50,1888,2232,1888,0.8458781362007168,68905381.05,67928311.06,0.9858201206478925
LRQ-339888,2024-05-16,2024,5462.50,1889,2232,1889,0.8463261648745519,68905381.05,67933773.56,0.9858993960240208
LRQ-118189,2019-06-30,2019,5460.73,1890,2232,1890,0.8467741935483871,68905381.05,67939234.29,0.9859786457127503
LRQ-422013,2022-11-01,2022,5457.77,1891,2232,1891,0.8472222222222222,68905381.05,67944692.06,0.9860578524440219
LRQ-508527,2022-11-01,2022,5457.77,1892,2232,1892,0.8476702508960573,68905381.05,67950149.83,0.9861370591752936
LRQ-983053,2024-06-23,2024,5450.48,1893,2232,1893,0.8481182795698925,68905381.05,67955600.31,0.9862161601093128
LRQ-158326,2021-01-16,2021,5433.28,1894,2232,1894,0.8485663082437276,68905381.05,67961033.59,0.9862950114256717
LRQ-843306,2019-11-26,2019,5422.85,1895,2232,1895,0.8490143369175627,68905381.05,67966456.44,0.9863737113750422
LRQ-806522,2024-06-29,2024,5415.14,1896,2232,1896,0.8494623655913979,68905381.05,67971871.58,0.9864522994318453
LRQ-755118,2023-03-15,2023,5398.12,1897,2232,1897,0.849910394265233,68905381.05,67977269.70,0.9865306404832661
LRQ-478776,2024-11-03,2024,5336.20,1898,2232,1898,0.850358422939068,68905381.05,67982605.90,0.9866080829111097
LRQ-581255,2018-08-26,2018,5331.36,1899,2232,1899,0.8508064516129032,68905381.05,67987937.26,0.9866854550977047
LRQ-860678,2019-01-20,2019,5327.06,1900,2232,1900,0.8512544802867383,68905381.05,67993264.32,0.9867627648798845
LRQ-779209,2024-06-14,2024,5314.66,1901,2232,1901,0.8517025089605734,68905381.05,67998578.98,0.9868398947051467
LRQ-657966,2024-12-06,2024,5298.78,1902,2232,1902,0.8521505376344086,68905381.05,68003877.76,0.9869167940694525
LRQ-925656,2024-12-06,2024,5298.78,1903,2232,1903,0.8525985663082437,68905381.05,68009176.54,0.9869936934337584
LRQ-276356,2025-06-18,2025,5285.40,1904,2232,1904,0.8530465949820788,68905381.05,68014461.94,0.9870703986187448
LRQ-846171,2025-06-18,2025,5285.40,1905,2232,1905,0.853494623655914,68905381.05,68019747.34,0.9871471038037313
LRQ-486727,2019-04-22,2019,5249.52,1906,2232,1906,0.8539426523297491,68905381.05,68024996.86,0.9872232882746681
LRQ-109846,2023-07-24,2023,5237.95,1907,2232,1907,0.8543906810035843,68905381.05,68030234.81,0.9872993048341905
LRQ-129088,2023-07-24,2023,5237.95,1908,2232,1908,0.8548387096774194,68905381.05,68035472.76,0.987375321393713
LRQ-869229,2023-07-24,2023,5237.95,1909,2232,1909,0.8552867383512545,68905381.05,68040710.71,0.9874513379532351
LRQ-224804,2019-12-09,2019,5203.37,1910,2232,1910,0.8557347670250897,68905381.05,68045914.08,0.9875268526651592
LRQ-525096,2019-12-09,2019,5203.37,1911,2232,1911,0.8561827956989247,68905381.05,68051117.45,0.9876023673770832
LRQ-106001,2024-06-25,2024,5193.69,1912,2232,1912,0.8566308243727598,68905381.05,68056311.14,0.9876777416065099
LRQ-839658,2024-06-25,2024,5193.69,1913,2232,1913,0.857078853046595,68905381.05,68061504.83,0.9877531158359366
LRQ-677045,2022-11-09,2022,5181.96,1914,2232,1914,0.8575268817204301,68905381.05,68066686.79,0.9878283198319242
LRQ-625691,2025-01-01,2025,5177.26,1915,2232,1915,0.8579749103942652,68905381.05,68071864.05,0.9879034556184346
LRQ-984805,2025-05-26,2025,5171.04,1916,2232,1916,0.8584229390681004,68905381.05,68077035.09,0.9879785011362332
LRQ-511926,2023-07-23,2023,5143.48,1917,2232,1917,0.8588709677419355,68905381.05,68082178.57,0.9880531466852689
LRQ-544899,2023-07-23,2023,5143.48,1918,2232,1918,0.8593189964157706,68905381.05,68087322.05,0.9881277922343048
LRQ-880614,2023-07-23,2023,5143.48,1919,2232,1919,0.8597670250896058,68905381.05,68092465.53,0.9882024377833406
LRQ-301640,2023-09-04,2023,5118.57,1920,2232,1920,0.8602150537634409,68905381.05,68097584.10,0.9882767218221485
LRQ-726667,2023-09-04,2023,5118.57,1921,2232,1921,0.860663082437276,68905381.05,68102702.67,0.9883510058609567
LRQ-892889,2023-04-24,2023,5112.84,1922,2232,1922,0.8611111111111112,68905381.05,68107815.51,0.9884252067422535
LRQ-598987,2018-05-05,2018,5058.95,1923,2232,1923,0.8615591397849462,68905381.05,68112874.46,0.9884986255365901
LRQ-259524,2023-06-10,2023,5051.28,1924,2232,1924,0.8620071684587813,68905381.05,68117925.74,0.9885719330188654
LRQ-376591,2018-06-06,2018,5048.02,1925,2232,1925,0.8624551971326165,68905381.05,68122973.76,0.9886451931898868
LRQ-198999,2023-07-08,2023,5044.42,1926,2232,1926,0.8629032258064516,68905381.05,68128018.18,0.988718401115351
LRQ-490819,2019-10-10,2019,5042.35,1927,2232,1927,0.8633512544802867,68905381.05,68133060.53,0.9887915789996201
LRQ-905937,2024-08-29,2024,5026.49,1928,2232,1928,0.8637992831541219,68905381.05,68138087.02,0.9888645267131861
LRQ-100504,2021-01-12,2021,4996.67,1929,2232,1929,0.864247311827957,68905381.05,68143083.69,0.9889370416593901
LRQ-860160,2021-01-12,2021,4996.67,1930,2232,1930,0.8646953405017921,68905381.05,68148080.36,0.9890095566055941
LRQ-234132,2022-07-27,2022,4977.20,1931,2232,1931,0.8651433691756273,68905381.05,68153057.56,0.9890817889904115
LRQ-687851,2022-07-27,2022,4977.20,1932,2232,1932,0.8655913978494624,68905381.05,68158034.76,0.9891540213752291
LRQ-578539,2023-10-20,2023,4971.16,1933,2232,1933,0.8660394265232975,68905381.05,68163005.92,0.9892261661036124
LRQ-572601,2020-08-12,2020,4932.86,1934,2232,1934,0.8664874551971327,68905381.05,68167938.78,0.9892977549973219
LRQ-757842,2020-08-12,2020,4932.86,1935,2232,1935,0.8669354838709677,68905381.05,68172871.64,0.9893693438910314
LRQ-787428,2020-08-12,2020,4932.86,1936,2232,1936,0.8673835125448028,68905381.05,68177804.50,0.9894409327847408
LRQ-598353,2020-05-05,2020,4914.36,1937,2232,1937,0.867831541218638,68905381.05,68182718.86,0.9895122531943389
LRQ-921222,2024-03-03,2024,4884.87,1938,2232,1938,0.8682795698924731,68905381.05,68187603.73,0.9895831456257509
LRQ-289312,2024-11-06,2024,4870.85,1939,2232,1939,0.8687275985663082,68905381.05,68192474.58,0.9896538345897443
LRQ-881316,2024-11-06,2024,4870.85,1940,2232,1940,0.8691756272401434,68905381.05,68197345.43,0.9897245235537379
LRQ-281553,2022-07-03,2022,4867.94,1941,2232,1941,0.8696236559139785,68905381.05,68202213.37,0.9897951702859062
LRQ-450558,2024-04-12,2024,4857.60,1942,2232,1942,0.8700716845878136,68905381.05,68207070.97,0.9898656669572253
LRQ-905771,2024-04-12,2024,4857.60,1943,2232,1943,0.8705197132616488,68905381.05,68211928.57,0.9899361636285443
LRQ-493985,2023-11-03,2023,4843.34,1944,2232,1944,0.8709677419354839,68905381.05,68216771.91,0.9900064533494078
LRQ-557905,2019-09-21,2019,4838.00,1945,2232,1945,0.871415770609319,68905381.05,68221609.91,0.9900766655726955
LRQ-145761,2018-10-06,2018,4822.03,1946,2232,1946,0.8718637992831542,68905381.05,68226431.94,0.990146646028888
LRQ-272622,2022-09-22,2022,4805.20,1947,2232,1947,0.8723118279569892,68905381.05,68231237.14,0.9902163822371025
LRQ-347467,2024-09-04,2024,4783.50,1948,2232,1948,0.8727598566308243,68905381.05,68236020.64,0.9902858035207107
LRQ-788815,2024-09-04,2024,4783.50,1949,2232,1949,0.8732078853046595,68905381.05,68240804.14,0.9903552248043189
LRQ-441483,2020-12-15,2020,4737.48,1950,2232,1950,0.8736559139784946,68905381.05,68245541.62,0.9904239782155593
LRQ-115498,2023-04-02,2023,4695.55,1951,2232,1951,0.8741039426523297,68905381.05,68250237.17,0.9904921231111892
LRQ-275943,2023-04-02,2023,4695.55,1952,2232,1952,0.8745519713261649,68905381.05,68254932.72,0.9905602680068192
LRQ-227264,2025-06-06,2025,4692.59,1953,2232,1953,0.875,68905381.05,68259625.31,0.9906283699449915
LRQ-360381,2020-06-24,2020,4658.18,1954,2232,1954,0.8754480286738351,68905381.05,68264283.49,0.9906959725027165
LRQ-816255,2018-05-23,2018,4653.36,1955,2232,1955,0.8758960573476703,68905381.05,68268936.85,0.990763505109446
LRQ-577640,2024-05-13,2024,4574.06,1956,2232,1956,0.8763440860215054,68905381.05,68273510.91,0.9908298868626604
LRQ-455316,2025-11-19,2025,4562.15,1957,2232,1957,0.8767921146953405,68905381.05,68278073.06,0.9908960957701577
LRQ-996943,2023-07-30,2023,4552.66,1958,2232,1958,0.8772401433691757,68905381.05,68282625.72,0.990962166952562
LRQ-334930,2022-12-24,2022,4541.84,1959,2232,1959,0.8776881720430108,68905381.05,68287167.56,0.991028081108043
LRQ-102993,2022-08-26,2022,4533.87,1960,2232,1960,0.8781362007168458,68905381.05,68291701.43,0.9910938795976661
LRQ-447002,2022-08-26,2022,4533.87,1961,2232,1961,0.878584229390681,68905381.05,68296235.30,0.9911596780872892
LRQ-363341,2019-06-17,2019,4508.00,1962,2232,1962,0.8790322580645161,68905381.05,68300743.30,0.9912251011345361
LRQ-569683,2019-06-17,2019,4508.00,1963,2232,1963,0.8794802867383512,68905381.05,68305251.30,0.9912905241817831
LRQ-163793,2020-09-27,2020,4494.11,1964,2232,1964,0.8799283154121864,68905381.05,68309745.41,0.9913557456482566
LRQ-445652,2022-09-05,2022,4482.20,1965,2232,1965,0.8803763440860215,68905381.05,68314227.61,0.9914207942690131
LRQ-875221,2022-09-05,2022,4482.20,1966,2232,1966,0.8808243727598566,68905381.05,68318709.81,0.9914858428897696
LRQ-740403,2020-08-11,2020,4480.44,1967,2232,1967,0.8812724014336918,68905381.05,68323190.25,0.9915508659682538
LRQ-922663,2024-05-21,2024,4427.46,1968,2232,1968,0.8817204301075269,68905381.05,68327617.71,0.9916151201662935
LRQ-465806,2020-09-09,2020,4386.49,1969,2232,1969,0.882168458781362,68905381.05,68332004.20,0.9916787797808718
LRQ-382373,2023-02-09,2023,4369.10,1970,2232,1970,0.8826164874551972,68905381.05,68336373.30,0.9917421870203851
LRQ-450384,2023-12-03,2023,4359.79,1971,2232,1971,0.8830645161290323,68905381.05,68340733.09,0.9918054591470836
LRQ-300358,2025-12-18,2025,4359.05,1972,2232,1972,0.8835125448028673,68905381.05,68345092.14,0.9918687205344175
LRQ-303366,2025-12-18,2025,4359.05,1973,2232,1973,0.8839605734767025,68905381.05,68349451.19,0.9919319819217516
LRQ-210645,2023-05-15,2023,4321.26,1974,2232,1974,0.8844086021505376,68905381.05,68353772.45,0.9919946948758657
LRQ-275936,2024-12-19,2024,4320.28,1975,2232,1975,0.8848566308243727,68905381.05,68358092.73,0.9920573936075782
LRQ-640676,2024-12-19,2024,4320.28,1976,2232,1976,0.8853046594982079,68905381.05,68362413.01,0.9921200923392907
LRQ-166588,2022-11-06,2022,4254.58,1977,2232,1977,0.885752688172043,68905381.05,68366667.59,0.9921818375895913
LRQ-402344,2022-11-06,2022,4254.58,1978,2232,1978,0.8862007168458781,68905381.05,68370922.17,0.9922435828398921
LRQ-426792,2022-11-06,2022,4254.58,1979,2232,1979,0.8866487455197133,68905381.05,68375176.75,0.9923053280901928
LRQ-246651,2018-11-01,2018,4212.86,1980,2232,1980,0.8870967741935484,68905381.05,68379389.61,0.9923664678725408
LRQ-227442,2022-12-25,2022,4186.86,1981,2232,1981,0.8875448028673835,68905381.05,68383576.47,0.9924272303258673
LRQ-889696,2022-12-01,2022,4179.32,1982,2232,1982,0.8879928315412187,68905381.05,68387755.79,0.9924878833537778
LRQ-873557,2024-08-02,2024,4133.89,1983,2232,1983,0.8884408602150538,68905381.05,68391889.68,0.9925478770717866
LRQ-325103,2023-03-19,2023,4088.63,1984,2232,1984,0.8888888888888888,68905381.05,68395978.31,0.9926072139470449
LRQ-546364,2023-07-28,2023,4086.53,1985,2232,1985,0.889336917562724,68905381.05,68400064.84,0.9926665203457286
LRQ-408021,2025-07-11,2025,4081.10,1986,2232,1986,0.8897849462365591,68905381.05,68404145.94,0.9927257479406973
LRQ-586239,2020-09-18,2020,4067.60,1987,2232,1987,0.8902329749103942,68905381.05,68408213.54,0.9927847796148282
LRQ-358154,2022-08-13,2022,4037.99,1988,2232,1988,0.8906810035842294,68905381.05,68412251.53,0.9928433815692541
LRQ-244246,2023-02-25,2023,4029.86,1989,2232,1989,0.8911290322580645,68905381.05,68416281.39,0.9929018655357977
LRQ-322100,2023-02-25,2023,4029.86,1990,2232,1990,0.8915770609318996,68905381.05,68420311.25,0.9929603495023412
LRQ-143354,2023-03-03,2023,3954.60,1991,2232,1991,0.8920250896057348,68905381.05,68424265.85,0.9930177412464943
LRQ-384382,2023-09-01,2023,3952.63,1992,2232,1992,0.8924731182795699,68905381.05,68428218.48,0.993075104400718
LRQ-786006,2022-06-14,2022,3942.64,1993,2232,1993,0.892921146953405,68905381.05,68432161.12,0.9931323225735214
LRQ-528503,2020-08-04,2020,3931.14,1994,2232,1994,0.8933691756272402,68905381.05,68436092.26,0.9931893738507961
LRQ-837986,2018-08-10,2018,3924.24,1995,2232,1995,0.8938172043010753,68905381.05,68440016.50,0.9932463249907534
LRQ-967752,2018-08-10,2018,3924.24,1996,2232,1996,0.8942652329749103,68905381.05,68443940.74,0.9933032761307108
LRQ-469862,2018-11-27,2018,3923.51,1997,2232,1997,0.8947132616487455,68905381.05,68447864.25,0.9933602166764304
LRQ-899042,2022-12-03,2022,3875.37,1998,2232,1998,0.8951612903225806,68905381.05,68451739.62,0.9934164585829542
LRQ-463016,2023-09-15,2023,3855.08,1999,2232,1999,0.8956093189964157,68905381.05,68455594.70,0.9934724060277148
LRQ-800730,2023-09-15,2023,3855.08,2000,2232,2000,0.8960573476702509,68905381.05,68459449.78,0.9935283534724754
LRQ-387986,2025-05-24,2025,3841.90,2001,2232,2001,0.896505376344086,68905381.05,68463291.68,0.9935841096404474
LRQ-754848,2025-05-24,2025,3841.90,2002,2232,2002,0.8969534050179212,68905381.05,68467133.58,0.9936398658084193
LRQ-245404,2019-03-05,2019,3820.06,2003,2232,2003,0.8974014336917563,68905381.05,68470953.64,0.9936953050200135
LRQ-476779,2019-03-05,2019,3820.06,2004,2232,2004,0.8978494623655914,68905381.05,68474773.70,0.9937507442316075
LRQ-263779,2025-01-08,2025,3796.66,2005,2232,2005,0.8982974910394266,68905381.05,68478570.36,0.9938058438470823
LRQ-294494,2025-01-08,2025,3796.66,2006,2232,2006,0.8987455197132617,68905381.05,68482367.02,0.993860943462557
LRQ-647998,2023-05-29,2023,3794.60,2007,2232,2007,0.8991935483870968,68905381.05,68486161.62,0.9939160131819633
LRQ-306220,2020-03-05,2020,3778.44,2008,2232,2008,0.899641577060932,68905381.05,68489940.06,0.9939708483768701
LRQ-722574,2020-07-13,2020,3754.59,2009,2232,2009,0.900089605734767,68905381.05,68493694.65,0.994025337444963
LRQ-894913,2020-07-13,2020,3754.59,2010,2232,2010,0.9005376344086021,68905381.05,68497449.24,0.9940798265130557
LRQ-339174,2024-12-10,2024,3717.20,2011,2232,2011,0.9009856630824373,68905381.05,68501166.44,0.9941337729529905
LRQ-933619,2024-12-10,2024,3717.20,2012,2232,2012,0.9014336917562724,68905381.05,68504883.64,0.9941877193929255
LRQ-692389,2023-11-18,2023,3697.55,2013,2232,2013,0.9018817204301075,68905381.05,68508581.19,0.994241380659196
LRQ-935033,2023-11-18,2023,3697.55,2014,2232,2014,0.9023297491039427,68905381.05,68512278.74,0.9942950419254666
LRQ-208441,2023-08-17,2023,3659.89,2015,2232,2015,0.9027777777777778,68905381.05,68515938.63,0.9943481566451623
LRQ-778940,2023-08-17,2023,3659.89,2016,2232,2016,0.9032258064516129,68905381.05,68519598.52,0.9944012713648581
LRQ-810702,2025-03-26,2025,3602.04,2017,2232,2017,0.9036738351254481,68905381.05,68523200.56,0.9944535465274813
LRQ-961044,2025-03-26,2025,3602.04,2018,2232,2018,0.9041218637992832,68905381.05,68526802.60,0.9945058216901044
LRQ-118759,2023-03-18,2023,3577.46,2019,2232,2019,0.9045698924731183,68905381.05,68530380.06,0.9945577401316759
LRQ-385003,2019-09-03,2019,3552.58,2020,2232,2020,0.9050179211469535,68905381.05,68533932.64,0.9946092974983991
LRQ-592378,2018-09-21,2018,3509.10,2021,2232,2021,0.9054659498207885,68905381.05,68537441.74,0.9946602238548973
LRQ-838947,2020-10-31,2020,3455.59,2022,2232,2022,0.9059139784946236,68905381.05,68540897.33,0.9947103736392443
LRQ-443136,2020-03-03,2020,3442.90,2023,2232,2023,0.9063620071684588,68905381.05,68544340.23,0.9947603392580036
LRQ-483805,2020-03-03,2020,3442.90,2024,2232,2024,0.9068100358422939,68905381.05,68547783.13,0.9948103048767626
LRQ-690406,2020-03-03,2020,3442.90,2025,2232,2025,0.907258064516129,68905381.05,68551226.03,0.9948602704955218
LRQ-188560,2024-05-18,2024,3441.22,2026,2232,2026,0.9077060931899642,68905381.05,68554667.25,0.9949102117330212
LRQ-378442,2024-05-18,2024,3441.22,2027,2232,2027,0.9081541218637993,68905381.05,68558108.47,0.9949601529705204
LRQ-802631,2025-02-03,2025,3431.73,2028,2232,2028,0.9086021505376344,68905381.05,68561540.20,0.995009956482927
LRQ-998603,2023-11-27,2023,3412.85,2029,2232,2029,0.9090501792114696,68905381.05,68564953.05,0.9950594859964134
LRQ-121756,2020-03-19,2020,3396.51,2030,2232,2030,0.9094982078853047,68905381.05,68568349.56,0.9951087783731225
LRQ-548927,2020-03-19,2020,3396.51,2031,2232,2031,0.9099462365591398,68905381.05,68571746.07,0.9951580707498314
LRQ-289006,2018-07-16,2018,3381.31,2032,2232,2032,0.910394265232975,68905381.05,68575127.38,0.9952071425341896
LRQ-566261,2018-07-16,2018,3381.31,2033,2232,2033,0.91084229390681,68905381.05,68578508.69,0.9952562143185478
LRQ-690158,2018-07-16,2018,3381.31,2034,2232,2034,0.9112903225806451,68905381.05,68581890.00,0.9953052861029059
LRQ-782251,2022-07-06,2022,3373.18,2035,2232,2035,0.9117383512544803,68905381.05,68585263.18,0.9953542398993817
LRQ-285717,2020-07-09,2020,3321.49,2036,2232,2036,0.9121863799283154,68905381.05,68588584.67,0.9954024435367375
LRQ-325214,2020-07-09,2020,3321.49,2037,2232,2037,0.9126344086021505,68905381.05,68591906.16,0.9954506471740933
LRQ-544986,2020-07-09,2020,3321.49,2038,2232,2038,0.9130824372759857,68905381.05,68595227.65,0.9954988508114492
LRQ-237419,2018-06-01,2018,3255.90,2039,2232,2039,0.9135304659498208,68905381.05,68598483.55,0.9955461025637852
LRQ-130507,2019-05-11,2019,3220.00,2040,2232,2040,0.9139784946236559,68905381.05,68601703.55,0.9955928333118187
LRQ-719859,2019-05-11,2019,3220.00,2041,2232,2041,0.9144265232974911,68905381.05,68604923.55,0.9956395640598522
LRQ-437931,2022-12-19,2022,3219.65,2042,2232,2042,0.9148745519713262,68905381.05,68608143.20,0.9956862897284566
LRQ-576410,2022-12-19,2022,3219.65,2043,2232,2043,0.9153225806451613,68905381.05,68611362.85,0.9957330153970608
LRQ-665122,2023-01-27,2023,3216.80,2044,2232,2044,0.9157706093189965,68905381.05,68614579.65,0.9957796997045996
LRQ-776753,2025-03-15,2025,3176.01,2045,2232,2045,0.9162186379928315,68905381.05,68617755.66,0.9958257920409541
LRQ-193404,2023-05-31,2023,3175.51,2046,2232,2046,0.9166666666666666,68905381.05,68620931.17,0.9958718771209815
LRQ-463586,2023-05-31,2023,3175.51,2047,2232,2047,0.9171146953405018,68905381.05,68624106.68,0.9959179622010088
LRQ-445318,2023-10-06,2023,3164.80,2048,2232,2048,0.9175627240143369,68905381.05,68627271.48,0.9959638918505046
LRQ-131371,2018-05-02,2018,3134.72,2049,2232,2049,0.918010752688172,68905381.05,68630406.20,0.9960093849593479
LRQ-469644,2018-05-02,2018,3134.72,2050,2232,2050,0.9184587813620072,68905381.05,68633540.92,0.9960548780681913
LRQ-334401,2020-05-21,2020,3128.00,2051,2232,2051,0.9189068100358423,68905381.05,68636668.92,0.9961002736519952
LRQ-203166,2025-03-15,2025,3086.27,2052,2232,2052,0.9193548387096774,68905381.05,68639755.19,0.9961450636227198
LRQ-834049,2022-07-18,2022,3004.83,2053,2232,2053,0.9198028673835126,68905381.05,68642760.02,0.9961886716828482
LRQ-343558,2018-10-23,2018,2991.73,2054,2232,2054,0.9202508960573477,68905381.05,68645751.75,0.9962320896272004
LRQ-942772,2020-09-20,2020,2916.53,2055,2232,2055,0.9206989247311828,68905381.05,68648668.28,0.9962744162199216
LRQ-806262,2023-01-22,2023,2902.73,2056,2232,2056,0.921146953405018,68905381.05,68651571.01,0.9963165425380085
LRQ-956125,2022-07-18,2022,2884.27,2057,2232,2057,0.921594982078853,68905381.05,68654455.28,0.99635840095249
LRQ-782411,2023-10-27,2023,2882.80,2058,2232,2058,0.9220430107526881,68905381.05,68657338.08,0.9964002380333691
LRQ-502070,2019-12-23,2019,2838.75,2059,2232,2059,0.9224910394265233,68905381.05,68660176.83,0.9964414358318101
LRQ-774662,2019-12-23,2019,2838.75,2060,2232,2060,0.9229390681003584,68905381.05,68663015.58,0.9964826336302511
LRQ-150766,2025-03-20,2025,2812.15,2061,2232,2061,0.9233870967741935,68905381.05,68665827.73,0.996523445392078
LRQ-449974,2025-03-20,2025,2812.15,2062,2232,2062,0.9238351254480287,68905381.05,68668639.88,0.9965642571539048
LRQ-958893,2020-02-08,2020,2692.23,2063,2232,2063,0.9242831541218638,68905381.05,68671332.11,0.9966033285581838
LRQ-960913,2020-06-22,2020,2678.93,2064,2232,2064,0.9247311827956989,68905381.05,68674011.04,0.9966422069441557
LRQ-706420,2024-11-08,2024,2676.65,2065,2232,2065,0.9251792114695341,68905381.05,68676687.69,0.9966810522412749
LRQ-986511,2024-11-08,2024,2676.65,2066,2232,2066,0.9256272401433692,68905381.05,68679364.34,0.9967198975383942
LRQ-157408,2024-11-22,2024,2659.83,2067,2232,2067,0.9260752688172043,68905381.05,68682024.17,0.9967584987326619
LRQ-204756,2019-03-21,2019,2616.55,2068,2232,2068,0.9265232974910395,68905381.05,68684640.72,0.9967964718192354
LRQ-589094,2019-03-21,2019,2616.55,2069,2232,2069,0.9269713261648745,68905381.05,68687257.27,0.996834444905809
LRQ-667792,2023-12-21,2023,2558.78,2070,2232,2070,0.9274193548387096,68905381.05,68689816.05,0.9968715795963224
LRQ-734992,2023-12-21,2023,2558.78,2071,2232,2071,0.9278673835125448,68905381.05,68692374.83,0.9969087142868358
LRQ-975863,2023-12-21,2023,2558.78,2072,2232,2072,0.9283154121863799,68905381.05,68694933.61,0.9969458489773493
LRQ-209856,2023-10-27,2023,2551.38,2073,2232,2073,0.928763440860215,68905381.05,68697484.99,0.996982876274218
LRQ-300277,2023-10-27,2023,2551.38,2074,2232,2074,0.9292114695340502,68905381.05,68700036.37,0.997019903571087
LRQ-120601,2018-10-26,2018,2488.56,2075,2232,2075,0.9296594982078853,68905381.05,68702524.93,0.9970560191829896
LRQ-315711,2023-05-09,2023,2453.33,2076,2232,2076,0.9301075268817204,68905381.05,68704978.26,0.9970916235140682
LRQ-341799,2023-05-09,2023,2453.33,2077,2232,2077,0.9305555555555556,68905381.05,68707431.59,0.9971272278451467
LRQ-143299,2020-12-10,2020,2450.88,2078,2232,2078,0.9310035842293907,68905381.05,68709882.47,0.9971627966202213
LRQ-869737,2020-12-10,2020,2450.88,2079,2232,2079,0.9314516129032258,68905381.05,68712333.35,0.9971983653952959
LRQ-898465,2023-09-01,2023,2448.12,2080,2232,2080,0.931899641577061,68905381.05,68714781.47,0.9972338941154437
LRQ-920200,2023-09-01,2023,2448.12,2081,2232,2081,0.932347670250896,68905381.05,68717229.59,0.9972694228355915
LRQ-800859,2023-03-04,2023,2443.32,2082,2232,2082,0.9327956989247311,68905381.05,68719672.91,0.9973048818949968
LRQ-842978,2023-03-04,2023,2443.32,2083,2232,2083,0.9332437275985663,68905381.05,68722116.23,0.9973403409544023
LRQ-720350,2022-08-16,2022,2438.53,2084,2232,2084,0.9336917562724014,68905381.05,68724554.76,0.9973757304981917
LRQ-884612,2020-04-13,2020,2438.00,2085,2232,2085,0.9341397849462365,68905381.05,68726992.76,0.9974111123502742
LRQ-780033,2020-11-26,2020,2409.24,2086,2232,2086,0.9345878136200717,68905381.05,68729402.00,0.9974460768184084
LRQ-231198,2019-05-07,2019,2388.69,2087,2232,2087,0.9350358422939068,68905381.05,68731790.69,0.9974807430514891
LRQ-908848,2024-11-22,2024,2372.72,2088,2232,2088,0.9354838709677419,68905381.05,68734163.41,0.9975151775174749
LRQ-310702,2018-07-17,2018,2367.10,2089,2232,2089,0.9359318996415771,68905381.05,68736530.51,0.9975495304223415
LRQ-870390,2024-11-15,2024,2355.13,2090,2232,2090,0.9363799283154122,68905381.05,68738885.64,0.9975837096107315
LRQ-818123,2018-11-15,2018,2349.22,2091,2232,2091,0.9368279569892473,68905381.05,68741234.86,0.9976178030293326
LRQ-887808,2018-11-15,2018,2349.22,2092,2232,2092,0.9372759856630825,68905381.05,68743584.08,0.9976518964479335
LRQ-697365,2018-09-08,2018,2343.30,2093,2232,2093,0.9377240143369175,68905381.05,68745927.38,0.9976859039516188
LRQ-277331,2020-08-24,2020,2305.80,2094,2232,2094,0.9381720430107527,68905381.05,68748233.18,0.9977193672307543
LRQ-708528,2025-06-05,2025,2304.32,2095,2232,2095,0.9386200716845878,68905381.05,68750537.50,0.9977528090311606
LRQ-940980,2024-08-12,2024,2297.42,2096,2232,2096,0.9390681003584229,68905381.05,68752834.92,0.9977861506942498
LRQ-387218,2024-03-03,2024,2284.82,2097,2232,2097,0.9395161290322581,68905381.05,68755119.74,0.99781930949789
LRQ-926048,2024-03-03,2024,2284.82,2098,2232,2098,0.9399641577060932,68905381.05,68757404.56,0.9978524683015305
LRQ-465140,2019-04-26,2019,2239.02,2099,2232,2099,0.9404121863799283,68905381.05,68759643.58,0.997884962425587
LRQ-227917,2020-11-07,2020,2211.97,2100,2232,2100,0.9408602150537635,68905381.05,68761855.55,0.9979170639823347
LRQ-387795,2020-11-07,2020,2211.97,2101,2232,2101,0.9413082437275986,68905381.05,68764067.52,0.9979491655390824
LRQ-413159,2025-01-04,2025,2203.93,2102,2232,2102,0.9417562724014337,68905381.05,68766271.45,0.9979811504140866
LRQ-918188,2025-01-04,2025,2203.93,2103,2232,2103,0.9422043010752689,68905381.05,68768475.38,0.9980131352890907
LRQ-339620,2018-12-07,2018,2167.65,2104,2232,2104,0.942652329749104,68905381.05,68770643.03,0.9980445936449837
LRQ-531665,2018-12-07,2018,2167.65,2105,2232,2105,0.943100358422939,68905381.05,68772810.68,0.9980760520008765
LRQ-548923,2023-05-10,2023,2158.93,2106,2232,2106,0.9435483870967742,68905381.05,68774969.61,0.9981073838064205
LRQ-581992,2020-07-06,2020,2142.16,2107,2232,2107,0.9439964157706093,68905381.05,68777111.77,0.9981384722347457
LRQ-628457,2024-02-21,2024,2114.05,2108,2232,2108,0.9444444444444444,68905381.05,68779225.82,0.9981691527123482
LRQ-315797,2020-12-02,2020,2112.60,2109,2232,2109,0.9448924731182796,68905381.05,68781338.42,0.9981998121466017
LRQ-412191,2023-10-08,2023,2095.56,2110,2232,2110,0.9453405017921147,68905381.05,68783433.98,0.9982302242852195
LRQ-862216,2023-10-08,2023,2095.56,2111,2232,2111,0.9457885304659498,68905381.05,68785529.54,0.9982606364238372
LRQ-563644,2023-04-06,2023,2093.37,2112,2232,2112,0.946236559139785,68905381.05,68787622.91,0.9982910167797411
LRQ-698073,2018-09-01,2018,2045.16,2113,2232,2113,0.9466845878136201,68905381.05,68789668.07,0.9983206974805634
LRQ-245415,2023-07-30,2023,2035.06,2114,2232,2114,0.9471326164874552,68905381.05,68791703.13,0.9983502316035737
LRQ-907127,2023-09-27,2023,1981.53,2115,2232,2115,0.9475806451612904,68905381.05,68793684.66,0.9983789888641795
LRQ-949975,2023-09-27,2023,1981.53,2116,2232,2116,0.9480286738351255,68905381.05,68795666.19,0.9984077461247854
LRQ-883430,2022-09-11,2022,1957.63,2117,2232,2117,0.9484767025089605,68905381.05,68797623.82,0.9984361565329446
LRQ-938645,2022-09-11,2022,1957.63,2118,2232,2118,0.9489247311827957,68905381.05,68799581.45,0.9984645669411041
LRQ-548363,2023-10-01,2023,1930.73,2119,2232,2119,0.9493727598566308,68905381.05,68801512.18,0.9984925869588528
LRQ-121126,2018-12-19,2018,1927.07,2120,2232,2120,0.9498207885304659,68905381.05,68803439.25,0.9985205538602853
LRQ-347942,2018-12-19,2018,1927.07,2121,2232,2121,0.9502688172043011,68905381.05,68805366.32,0.9985485207617177
LRQ-929831,2019-10-08,2019,1898.84,2122,2232,2122,0.9507168458781362,68905381.05,68807265.16,0.9985760779709091
LRQ-865144,2023-08-19,2023,1892.75,2123,2232,2123,0.9511648745519713,68905381.05,68809157.91,0.9986035467980334
LRQ-588758,2023-11-29,2023,1885.17,2124,2232,2124,0.9516129032258065,68905381.05,68811043.08,0.9986309056192354
LRQ-607509,2024-04-16,2024,1862.48,2125,2232,2125,0.9520609318996416,68905381.05,68812905.56,0.998657935148303
LRQ-353982,2022-09-02,2022,1855.18,2126,2232,2126,0.9525089605734767,68905381.05,68814760.74,0.9986848587349914
LRQ-961957,2022-09-02,2022,1855.18,2127,2232,2127,0.9529569892473119,68905381.05,68816615.92,0.9987117823216799
LRQ-324363,2025-08-22,2025,1845.26,2128,2232,2128,0.953405017921147,68905381.05,68818461.18,0.9987385619428341
LRQ-134857,2024-02-20,2024,1780.97,2129,2232,2129,0.953853046594982,68905381.05,68820242.15,0.9987644085454195
LRQ-672699,2024-02-20,2024,1780.97,2130,2232,2130,0.9543010752688172,68905381.05,68822023.12,0.998790255148005
LRQ-242418,2023-05-15,2023,1768.77,2131,2232,2131,0.9547491039426523,68905381.05,68823791.89,0.9988159246962034
LRQ-105415,2023-09-29,2023,1766.40,2132,2232,2132,0.9551971326164874,68905381.05,68825558.29,0.9988415598494105
LRQ-971607,2023-09-29,2023,1766.40,2133,2232,2133,0.9556451612903226,68905381.05,68827324.69,0.9988671950026173
LRQ-889898,2025-01-06,2025,1737.24,2134,2232,2134,0.9560931899641577,68905381.05,68829061.93,0.9988924069668143
LRQ-319057,2023-08-25,2023,1701.78,2135,2232,2135,0.9565412186379928,68905381.05,68830763.71,0.9989171043122763
LRQ-466842,2023-08-25,2023,1701.78,2136,2232,2136,0.956989247311828,68905381.05,68832465.49,0.9989418016577386
LRQ-274915,2019-01-21,2019,1619.20,2137,2232,2137,0.9574372759856631,68905381.05,68834084.69,0.9989653005481783
LRQ-258209,2018-07-13,2018,1609.26,2138,2232,2138,0.9578853046594982,68905381.05,68835693.95,0.9989886551828306
LRQ-552684,2024-02-24,2024,1601.63,2139,2232,2139,0.9583333333333334,68905381.05,68837295.58,0.9990118990859278
LRQ-779933,2024-02-24,2024,1601.63,2140,2232,2140,0.9587813620071685,68905381.05,68838897.21,0.9990351429890248
LRQ-756675,2018-07-18,2018,1573.11,2141,2232,2141,0.9592293906810035,68905381.05,68840470.32,0.9990579729912109
LRQ-940501,2018-07-18,2018,1573.11,2142,2232,2142,0.9596774193548387,68905381.05,68842043.43,0.9990808029933972
LRQ-366120,2025-10-21,2025,1549.92,2143,2232,2143,0.9601254480286738,68905381.05,68843593.35,0.9991032964471211
LRQ-902140,2023-06-16,2023,1534.08,2144,2232,2144,0.9605734767025089,68905381.05,68845127.43,0.9991255600203957
LRQ-455672,2018-09-29,2018,1501.70,2145,2232,2145,0.9610215053763441,68905381.05,68846629.13,0.9991473536739116
LRQ-435616,2022-10-21,2022,1472.00,2146,2232,2146,0.9614695340501792,68905381.05,68848101.13,0.9991687163015841
LRQ-598110,2022-10-21,2022,1472.00,2147,2232,2147,0.9619175627240143,68905381.05,68849573.13,0.9991900789292566
LRQ-874536,2022-10-21,2022,1472.00,2148,2232,2148,0.9623655913978495,68905381.05,68851045.13,0.999211441556929
LRQ-301809,2018-07-01,2018,1450.67,2149,2232,2149,0.9628136200716846,68905381.05,68852495.80,0.9992324946296774
LRQ-857509,2018-07-01,2018,1450.67,2150,2232,2150,0.9632616487455197,68905381.05,68853946.47,0.9992535477024258
LRQ-802899,2022-06-18,2022,1410.67,2151,2232,2151,0.9637096774193549,68905381.05,68855357.14,0.9992740202689875
LRQ-863071,2019-09-13,2019,1370.73,2152,2232,2152,0.96415770609319,68905381.05,68856727.87,0.9992939132001216
LRQ-350111,2018-06-10,2018,1357.66,2153,2232,2153,0.964605734767025,68905381.05,68858085.53,0.9993136164508593
LRQ-404710,2021-01-12,2021,1340.57,2154,2232,2154,0.9650537634408602,68905381.05,68859426.10,0.9993330716803285
LRQ-791420,2021-01-12,2021,1340.57,2155,2232,2155,0.9655017921146953,68905381.05,68860766.67,0.9993525269097979
LRQ-496910,2024-05-24,2024,1304.43,2156,2232,2156,0.9659498207885304,68905381.05,68862071.10,0.9993714576519274
LRQ-744937,2019-05-17,2019,1293.67,2157,2232,2157,0.9663978494623656,68905381.05,68863364.77,0.9993902322378928
LRQ-520744,2024-09-05,2024,1219.33,2158,2232,2158,0.9668458781362007,68905381.05,68864584.10,0.9994079279531101
LRQ-691410,2024-03-11,2024,1212.49,2159,2232,2159,0.9672939068100358,68905381.05,68865796.59,0.9994255244017696
LRQ-982917,2025-06-21,2025,1177.31,2160,2232,2160,0.967741935483871,68905381.05,68866973.90,0.9994426102952377
LRQ-762960,2025-01-14,2025,1161.90,2161,2232,2161,0.9681899641577061,68905381.05,68868135.80,0.9994594725486973
LRQ-169091,2022-08-17,2022,1152.94,2162,2232,2162,0.9686379928315412,68905381.05,68869288.74,0.9994762047687711
LRQ-198161,2023-01-15,2023,1139.22,2163,2232,2163,0.9690860215053764,68905381.05,68870427.96,0.9994927378752229
LRQ-490689,2023-01-15,2023,1139.22,2164,2232,2164,0.9695340501792115,68905381.05,68871567.18,0.9995092709816749
LRQ-194203,2020-11-03,2020,1106.69,2165,2232,2165,0.9699820788530465,68905381.05,68872673.87,0.9995253319914702
LRQ-668128,2020-11-03,2020,1106.69,2166,2232,2166,0.9704301075268817,68905381.05,68873780.56,0.9995413930012655
LRQ-946305,2020-11-03,2020,1106.69,2167,2232,2167,0.9708781362007168,68905381.05,68874887.25,0.9995574540110609
LRQ-488083,2022-08-04,2022,1054.50,2168,2232,2168,0.9713261648745519,68905381.05,68875941.75,0.9995727576054092
LRQ-311892,2018-08-20,2018,1028.49,2169,2232,2169,0.9717741935483871,68905381.05,68876970.24,0.9995876837256094
LRQ-595222,2018-08-20,2018,1028.49,2170,2232,2170,0.9722222222222222,68905381.05,68877998.73,0.9996026098458098
LRQ-831740,2020-06-22,2020,1022.29,2171,2232,2171,0.9726702508960573,68905381.05,68879021.02,0.9996174459875511
LRQ-925924,2020-06-22,2020,1022.29,2172,2232,2172,0.9731182795698925,68905381.05,68880043.31,0.9996322821292924
LRQ-104982,2019-10-18,2019,997.54,2173,2232,2173,0.9735663082437276,68905381.05,68881040.85,0.9996467590828307
LRQ-363134,2019-10-18,2019,997.54,2174,2232,2174,0.9740143369175627,68905381.05,68882038.39,0.9996612360363691
LRQ-600654,2023-11-04,2023,994.81,2175,2232,2175,0.9744623655913979,68905381.05,68883033.20,0.9996756733703602
LRQ-277978,2019-06-18,2019,994.78,2176,2232,2176,0.974910394265233,68905381.05,68884027.98,0.9996901102689716
LRQ-450147,2019-06-18,2019,994.78,2177,2232,2177,0.975358422939068,68905381.05,68885022.76,0.9997045471675831
LRQ-404702,2020-12-29,2020,886.42,2178,2232,2178,0.9758064516129032,68905381.05,68885909.18,0.9997174114749345
LRQ-454614,2020-12-29,2020,886.42,2179,2232,2179,0.9762544802867383,68905381.05,68886795.60,0.9997302757822859
LRQ-620563,2019-09-25,2019,878.60,2180,2232,2180,0.9767025089605734,68905381.05,68887674.20,0.999743026600678
LRQ-211461,2023-10-18,2023,854.90,2181,2232,2181,0.9771505376344086,68905381.05,68888529.10,0.9997554334691543
LRQ-320333,2023-10-18,2023,854.90,2182,2232,2182,0.9775985663082437,68905381.05,68889384.00,0.9997678403376307
LRQ-741035,2023-10-18,2023,854.90,2183,2232,2183,0.9780465949820788,68905381.05,68890238.90,0.9997802472061071
LRQ-267320,2020-09-11,2020,788.83,2184,2232,2184,0.978494623655914,68905381.05,68891027.73,0.9997916952234894
LRQ-426155,2020-09-11,2020,788.83,2185,2232,2185,0.9789426523297491,68905381.05,68891816.56,0.9998031432408718
LRQ-108694,2020-07-17,2020,722.49,2186,2232,2186,0.9793906810035843,68905381.05,68892539.05,0.9998136284887434
LRQ-387371,2020-07-17,2020,722.49,2187,2232,2187,0.9798387096774194,68905381.05,68893261.54,0.9998241137366152
LRQ-164559,2018-08-16,2018,692.13,2188,2232,2188,0.9802867383512545,68905381.05,68893953.67,0.999834158380291
LRQ-180849,2025-09-19,2025,660.41,2189,2232,2189,0.9807347670250897,68905381.05,68894614.08,0.9998437426825608
LRQ-995780,2024-12-19,2024,652.68,2190,2232,2190,0.9811827956989247,68905381.05,68895266.76,0.9998532148020102
LRQ-267056,2018-05-27,2018,640.45,2191,2232,2191,0.9816308243727598,68905381.05,68895907.21,0.9998625094316926
LRQ-509374,2023-05-31,2023,605.42,2192,2232,2192,0.982078853046595,68905381.05,68896512.63,0.9998712956830822
LRQ-538383,2023-05-31,2023,605.42,2193,2232,2193,0.9825268817204301,68905381.05,68897118.05,0.9998800819344718
LRQ-346831,2023-06-05,2023,581.48,2194,2232,2194,0.9829749103942652,68905381.05,68897699.53,0.9998885207529087
LRQ-282936,2019-10-11,2019,518.84,2195,2232,2195,0.9834229390681004,68905381.05,68898218.37,0.999896050498657
LRQ-572869,2020-08-24,2020,510.20,2196,2232,2196,0.9838709677419355,68905381.05,68898728.57,0.9999034548550689
LRQ-724531,2018-09-02,2018,506.00,2197,2232,2197,0.9843189964157706,68905381.05,68899234.57,0.9999107982583313
LRQ-108262,2023-11-10,2023,500.33,2198,2232,2198,0.9847670250896058,68905381.05,68899734.90,0.9999180593748419
LRQ-169217,2023-11-10,2023,500.33,2199,2232,2199,0.9852150537634409,68905381.05,68900235.23,0.9999253204913523
LRQ-187683,2023-02-23,2023,426.44,2200,2232,2200,0.985663082437276,68905381.05,68900661.67,0.9999315092678093
LRQ-589534,2023-02-23,2023,426.44,2201,2232,2201,0.9861111111111112,68905381.05,68901088.11,0.9999376980442662
LRQ-565773,2024-06-21,2024,400.35,2202,2232,2202,0.9865591397849462,68905381.05,68901488.46,0.9999435081855628
LRQ-453061,2019-04-13,2019,395.23,2203,2232,2203,0.9870071684587813,68905381.05,68901883.69,0.9999492440220675
LRQ-569162,2022-12-03,2022,338.38,2204,2232,2204,0.9874551971326165,68905381.05,68902222.07,0.9999541548141543
LRQ-693994,2022-12-03,2022,338.38,2205,2232,2205,0.9879032258064516,68905381.05,68902560.45,0.9999590656062413
LRQ-242957,2025-07-17,2025,288.18,2206,2232,2206,0.9883512544802867,68905381.05,68902848.63,0.9999632478630637
LRQ-698708,2025-07-17,2025,288.18,2207,2232,2207,0.9887992831541219,68905381.05,68903136.81,0.9999674301198862
LRQ-724225,2024-09-03,2024,254.36,2208,2232,2208,0.989247311827957,68905381.05,68903391.17,0.9999711215587277
LRQ-452542,2020-02-24,2020,193.44,2209,2232,2209,0.9896953405017921,68905381.05,68903584.61,0.9999739288866468
LRQ-521811,2020-02-24,2020,193.44,2210,2232,2210,0.9901433691756273,68905381.05,68903778.05,0.999976736214566
LRQ-880585,2020-02-24,2020,193.44,2211,2232,2211,0.9905913978494624,68905381.05,68903971.49,0.999979543542485
LRQ-307191,2025-06-06,2025,163.83,2212,2232,2212,0.9910394265232975,68905381.05,68904135.32,0.9999819211506994
LRQ-104949,2020-03-28,2020,145.89,2213,2232,2213,0.9914874551971327,68905381.05,68904281.21,0.999984038401889
LRQ-394886,2020-03-28,2020,145.89,2214,2232,2214,0.9919354838709677,68905381.05,68904427.10,0.9999861556530787
LRQ-737451,2022-07-17,2022,132.79,2215,2232,2215,0.9923835125448028,68905381.05,68904559.89,0.9999880827884923
LRQ-921943,2022-07-17,2022,132.79,2216,2232,2216,0.992831541218638,68905381.05,68904692.68,0.9999900099239057
LRQ-289678,2020-05-30,2020,120.78,2217,2232,2217,0.9932795698924731,68905381.05,68904813.46,0.9999917627623365
LRQ-934488,2020-05-30,2020,120.78,2218,2232,2218,0.9937275985663082,68905381.05,68904934.24,0.9999935156007674
LRQ-208044,2019-07-26,2019,109.46,2219,2232,2219,0.9941756272401434,68905381.05,68905043.70,0.9999951041559476
LRQ-124749,2022-05-11,2022,97.46,2220,2232,2220,0.9946236559139785,68905381.05,68905141.16,0.9999965185592715
LRQ-723053,2022-05-11,2022,97.46,2221,2232,2221,0.9950716845878136,68905381.05,68905238.62,0.9999979329625956
LRQ-320543,2023-10-22,2023,36.21,2222,2232,2222,0.9955197132616488,68905381.05,68905274.83,0.9999984584658211
LRQ-204874,2025-04-16,2025,31.43,2223,2232,2223,0.9959677419354839,68905381.05,68905306.26,0.9999989145985574
LRQ-677538,2025-04-16,2025,31.43,2224,2232,2224,0.996415770609319,68905381.05,68905337.69,0.9999993707312935
LRQ-428818,2025-04-03,2025,25.39,2225,2232,2225,0.9968637992831542,68905381.05,68905363.08,0.9999997392075957
LRQ-401837,2018-12-17,2018,9.57,2226,2232,2226,0.9973118279569892,68905381.05,68905372.65,0.999999878093701
LRQ-361376,2018-09-09,2018,4.62,2227,2232,2227,0.9977598566308243,68905381.05,68905377.27,0.9999999451421653
LRQ-794133,2019-07-17,2019,1.27,2228,2232,2228,0.9982078853046595,68905381.05,68905378.54,0.999999963573237
LRQ-153701,2025-05-11,2025,0.68,2229,2232,2229,0.9986559139784946,68905381.05,68905379.22,0.999999973441842
LRQ-350822,2024-08-17,2024,0.61,2230,2232,2230,0.9991039426523297,68905381.05,68905379.83,0.9999999822945613
LRQ-395367,2024-08-17,2024,0.61,2231,2232,2231,0.9995519713261649,68905381.05,68905380.44,0.9999999911472807
LRQ-499382,2024-08-17,2024,0.61,2232,2232,2232,1.0,68905381.05,68905381.05,1.0
