feature_category_key,feature_name,feature_value,origination_year,loan_count,portfolio_share,loss_count,observed_loss_rate,average_loss_severity,total_observed_loss,observed_loss_per_loan,sufficient_sample_flag
cc3706afc402393d68eecad8f92ea1a2,feat_001,IND_183,2023,277,0.11296900489396411,93,0.33574007220216606,27056.29924731183,2516235.83,9083.883862815885,true
d4a1f22e924ada658f38e4cc4aa7df4e,feat_001,IND_183,2022,238,0.1409117821195974,55,0.23109243697478993,29273.757818181817,1610056.68,6764.944033613445,true
38f78d3aa0bfd444452e3374b020eff8,feat_001,IND_064,2023,209,0.08523654159869494,54,0.2583732057416268,29811.678888888888,1609830.66,7702.5390430622,true
141dda3d5765bea37668dcd200813507,feat_001,IND_064,2024,164,0.09579439252336448,32,0.1951219512195122,19490.8621875,623707.59,3803.0950609756096,true
e50b4e3a8612577191a2d5f4bf4a07a3,feat_001,IND_064,2025,127,0.08621860149355058,32,0.25196850393700787,35792.6721875,1145365.51,9018.626062992125,true
0cb447b2fa24f4dee6cf23b8cf2f47e9,feat_001,IND_064,2022,120,0.07104795737122557,17,0.14166666666666666,18387.023529411767,312579.40,2604.8283333333334,true
06fcbce4f28376ed446bda95a1002c41,feat_001,IND_048,2022,112,0.06631142687981054,29,0.25892857142857145,32516.287241379312,942972.33,8419.395803571428,true
0a8586faab67a6628e13ad6aebd3eb3b,feat_001,IND_020,2024,108,0.0630841121495327,13,0.12037037037037036,43393.67846153846,564117.82,5223.313148148148,true
688ad1083a65bd99c7048955340c9e16,feat_001,IND_183,2024,108,0.0630841121495327,22,0.2037037037037037,52755.98136363636,1160631.59,10746.588796296297,true
be9b15dc4d030b4dfd7bae73cdb3dfc3,feat_001,IND_048,2023,100,0.040783034257748776,19,0.19,25138.615789473683,477633.70,4776.337,true
9eb5d408e187b1f64e932190d97afba3,feat_001,IND_183,2025,100,0.06788866259334692,23,0.23,41810.10304347826,961632.37,9616.3237,true
a284ca6c3969c11826695c4b01e46d2a,feat_001,IND_019,2023,99,0.04037520391517129,42,0.42424242424242425,40186.83761904762,1687847.18,17048.961414141413,true
22a9313cd6c6a9fcbb3f98da61151e5b,feat_001,IND_183,2019,98,0.10583153347732181,23,0.23469387755102042,21086.28,484984.44,4948.820816326531,true
32a0daa33a790625feeff768fa7a34c1,feat_001,IND_064,2018,89,0.11265822784810127,11,0.12359550561797752,38069.748181818184,418767.23,4705.249775280899,true
f59605fa8159d84bfabfb06710c5423b,feat_001,IND_048,2024,88,0.0514018691588785,22,0.25,29032.88090909091,638723.38,7258.220227272727,true
9487151963ddd13850f2cdca36d5ff20,feat_001,IND_020,2023,87,0.035481239804241435,10,0.11494252873563218,28461.705,284617.05,3271.460344827586,true
fb5016b842248f0ac989a9f285d844f5,feat_001,IND_064,2020,83,0.10297766749379653,11,0.13253012048192772,24448.387272727272,268932.26,3240.1477108433737,true
3536f75bd14179306d95dcc9458f5220,feat_001,IND_183,2020,80,0.09925558312655088,22,0.275,26074.814545454545,573645.92,7170.5740000000005,true
cb9475312f179bc13c7e2d68d83aec6f,feat_001,IND_012,2023,78,0.03181076672104405,20,0.2564102564102564,17997.3515,359947.03,4614.705512820513,true
a1d20e92f0eb96fd9d1fcf0f52c08db3,feat_001,IND_012,2025,77,0.05227427019687712,21,0.2727272727272727,31572.570476190474,663023.98,8610.701038961039,true
cfbe3c99374580ec8af497397e0349ce,feat_001,IND_064,2019,77,0.08315334773218143,20,0.2597402597402597,32619.899,652397.98,8472.701038961039,true
7faffe9375ffbcf94d7e8528601c4fbb,feat_001,IND_043,2023,75,0.030587275693311582,30,0.4,56749.34366666667,1702480.31,22699.73746666667,true
aa6ec2cc09a6e5c72f120806bcff62e7,feat_001,IND_048,2019,75,0.08099352051835854,7,0.09333333333333334,45863.322857142855,321043.26,4280.5768,true
967aff581a40985f1eceeec255e2bccb,feat_001,IND_020,2025,72,0.048879837067209775,6,0.08333333333333333,56210.87333333334,337265.24,4684.239444444444,true
470c6f6cf146dac871dc1e7e2395fd16,feat_001,IND_092,2024,72,0.04205607476635514,20,0.2777777777777778,14895.108,297902.16,4137.53,true
01b847756425834545fcb11d5ccae5b2,feat_001,IND_012,2024,72,0.04205607476635514,11,0.1527777777777778,15358.147272727272,168939.62,2346.383611111111,true
702cb25e55996fafb4a41a19bfb09a56,feat_001,IND_092,2025,70,0.04752206381534284,15,0.21428571428571427,27079.847333333335,406197.71,5802.824428571429,true
436f070db5078594f878b14136bf3aef,feat_001,IND_191,2023,67,0.02732463295269168,15,0.22388059701492538,31568.894,473533.41,7067.662835820895,true
d5bb6867da0e4b1844abd1f41ab6536c,feat_001,IND_019,2019,67,0.07235421166306695,8,0.11940298507462686,40954.995,327639.96,4890.148656716418,true
256e903a80a5556e6345709865578f19,feat_001,IND_018,2023,64,0.026101141924959218,15,0.234375,13374.445333333333,200616.68,3134.635625,true
41197cd78266cb2cd13696064d6f8dfd,feat_001,IND_019,2024,61,0.035630841121495324,20,0.32786885245901637,84518.659,1690373.18,27711.03573770492,true
ad38873c387bfe118e614fb75e7a11ac,feat_001,IND_107,2022,58,0.03433984606275903,14,0.2413793103448276,29419.320714285714,411870.49,7101.215344827586,true
01e33819cf8804a8cfbae4792d588b40,feat_001,IND_173,2023,55,0.022430668841761828,18,0.32727272727272727,20780.694444444445,374052.50,6800.954545454545,true
8c6d4b26709d361bb6fe5365f881e677,feat_001,IND_150,2023,55,0.022430668841761828,9,0.16363636363636364,23076.03777777778,207684.34,3776.078909090909,true
4503643b7521b76341b452e7fe6fde7f,feat_001,IND_107,2024,55,0.03212616822429906,15,0.2727272727272727,39513.012,592695.18,10776.276000000002,true
82df44f4141256daa757b6254d18e773,feat_001,IND_019,2020,53,0.06575682382133995,14,0.2641509433962264,53298.39642857143,746177.55,14078.821698113208,true
3ceb066e559edb6a6f28e68bf60454cd,feat_001,IND_165,2022,51,0.03019538188277087,10,0.19607843137254902,58351.25,583512.50,11441.421568627451,true
94396306c946c2a3ff94d40f11880b27,feat_001,IND_048,2025,50,0.03394433129667346,7,0.14,29129.02857142857,203903.20,4078.0640000000003,true
8c1bd4431df06853da2252278d8dfba9,feat_001,IND_208,2023,50,0.020391517128874388,19,0.38,29011.665789473685,551221.65,11024.433,true
aa074f7514176103fb89573822121e0d,feat_001,IND_107,2023,49,0.0199836867862969,7,0.14285714285714285,11101.405714285715,77709.84,1585.9151020408162,false
4170baefcdfe0c92454b981486d117ab,feat_001,IND_183,2018,49,0.0620253164556962,15,0.30612244897959184,32848.36,492725.40,10055.620408163266,false
26c9190be69959c112a33a0e0a84d409,feat_001,IND_092,2023,46,0.018760195758564437,12,0.2608695652173913,24308.255,291699.06,6341.283913043479,false
39b3fdb75dbbbfd63cd904d4aecc5a97,feat_001,IND_022,2022,46,0.027235050325636473,5,0.10869565217391304,52367.682,261838.41,5692.139347826087,false
a8f6ddc9c88c672a4e9d3f1df5806426,feat_001,IND_019,2018,46,0.05822784810126582,13,0.2826086956521739,49040.14769230769,637521.92,13859.172173913044,false
76767feb3f3c87a1f21560f8518cf8db,feat_001,IND_048,2020,45,0.05583126550868486,5,0.1111111111111111,11026.396,55131.98,1225.1551111111112,false
05aa1e2c49cb27ea1575d5c06b5eed15,feat_001,IND_054,2024,44,0.02570093457943925,12,0.2727272727272727,23495.9125,281950.95,6407.976136363636,false
3eb8336f666d068337d9c7aeb6d47c4d,feat_001,IND_165,2023,44,0.01794453507340946,4,0.09090909090909091,20879.42,83517.68,1898.1290909090908,false
4aa6b4d8139f57b3372f81c2e4bb2a7a,feat_001,IND_020,2019,43,0.04643628509719223,1,0.023255813953488372,8929.37,8929.37,207.65976744186048,false
97d9024ff31c67ffa6ae47d10686a5e3,feat_001,IND_038,2025,43,0.029192124915139173,7,0.16279069767441862,30032.587142857144,210228.11,4889.025813953488,false
d0fb1aa7e9be156c4ecd7cc3db5ab705,feat_001,IND_173,2022,43,0.02545885139135583,9,0.20930232558139536,28293.852222222224,254644.67,5921.969069767442,false
a3814bfc93b064814883c5e2973b73ca,feat_001,IND_054,2025,42,0.028513238289205704,8,0.19047619047619047,39637.43125,317099.45,7549.986904761905,false
6c05ede5e4eb587c255fea4d160c3249,feat_001,IND_208,2025,42,0.028513238289205704,5,0.11904761904761904,31115.71,155578.55,3704.25119047619,false
53365c8d26dbce3b448ba9f9d0e98383,feat_001,IND_018,2025,42,0.028513238289205704,17,0.40476190476190477,30949.887647058822,526148.09,12527.335476190476,false
a178681f9275954364b3cd70ae6ce951,feat_001,IND_191,2022,41,0.02427471876850207,8,0.1951219512195122,36710.2925,293682.34,7162.983902439025,false
88e0dc478311773f0784346f43e7d86c,feat_001,IND_019,2025,41,0.027834351663272233,20,0.4878048780487805,66877.6885,1337553.77,32623.26268292683,false
588e72a429e4092a33178af4f379c4a4,feat_001,IND_018,2022,41,0.02427471876850207,10,0.24390243902439024,17289.568,172895.68,4216.967804878049,false
173d7bafae8ec94c8bd68dc4054a4560,feat_001,IND_101,2023,41,0.016721044045676998,9,0.21951219512195122,25717.053333333333,231453.48,5645.2068292682925,false
b05949d881c4dfd1fbddf00f4cd0285b,feat_001,IND_020,2022,40,0.023682652457075192,1,0.025,10872.32,10872.32,271.808,false
a4c57dde03d903c0e83db9172e95729c,feat_001,IND_054,2023,40,0.01631321370309951,8,0.2,13944.2375,111553.90,2788.8475,false
498fbcdd8459d0c4a6b39b930a5468e2,feat_001,IND_012,2022,40,0.023682652457075192,8,0.2,52698.1975,421585.58,10539.639500000001,false
76a480f64dbaed6554d0ae67bc960248,feat_001,IND_107,2025,38,0.025797691785471828,8,0.21052631578947367,45106.62375,360852.99,9496.131315789473,false
b390b23c8dffc620ef8714fe0de0b290,feat_001,IND_173,2024,37,0.02161214953271028,12,0.32432432432432434,35954.02333333333,431448.28,11660.764324324326,false
f652c8655e9508a3200f5d2cdd873a4b,feat_001,IND_150,2022,37,0.021906453522794554,2,0.05405405405405406,7277.44,14554.88,393.3751351351351,false
b4fa7fbbb39094ec1bc55b253b2a24e7,feat_001,IND_019,2022,37,0.021906453522794554,11,0.2972972972972973,25608.07909090909,281688.87,7613.212702702703,false
3bd016a826a5bbc653dfdcb204140769,feat_001,IND_101,2022,36,0.021314387211367674,5,0.1388888888888889,19132.784,95663.92,2657.331111111111,false
70a0d123d36df41af17e8f791dd6ad52,feat_001,IND_150,2024,35,0.02044392523364486,7,0.2,36303.375714285714,254123.63,7260.675142857143,false
74f325de93df74103b74b23782159e79,feat_001,IND_038,2024,35,0.02044392523364486,5,0.14285714285714285,15587.428,77937.14,2226.7754285714286,false
ab295ba19d53375088fb26770ba8e969,feat_001,IND_189,2023,34,0.013866231647634585,7,0.20588235294117646,18329.82,128308.74,3773.7864705882353,false
148c6b693bcd36e4efaf82910203185a,feat_001,IND_173,2025,32,0.02172437202987101,10,0.3125,14825.752,148257.52,4633.0475,false
a0da8248f9fb7f5df54d9e9d9056b7f9,feat_001,IND_048,2018,32,0.04050632911392405,2,0.0625,64098.645,128197.29,4006.1653125,false
8b5a01439e95e235555066f3c8304c36,feat_001,IND_147,2023,32,0.013050570962479609,9,0.28125,12467.394444444444,112206.55,3506.4546875,false
f5efb09bac8c93af1e266149162b27ed,feat_001,IND_018,2024,32,0.018691588785046728,9,0.28125,33153.933333333334,298385.40,9324.54375,false
433e51305ee7c366958348c48b9c9990,feat_001,IND_191,2018,32,0.04050632911392405,7,0.21875,29030.355714285713,203212.49,6350.3903125,false
390fea45b5a3ff10ba019466c54471b2,feat_001,IND_191,2025,31,0.021045485403937542,9,0.2903225806451613,28558.99111111111,257030.92,8291.32,false
2fae1c0f5f40d071b2897634a26a8102,feat_001,IND_022,2023,30,0.012234910277324634,5,0.16666666666666666,14126.37,70631.85,2354.395,false
09612bf3c36ab21fddabd324c45c76db,feat_001,IND_165,2019,29,0.03131749460043196,2,0.06896551724137931,6713.66,13427.32,463.0110344827586,false
409c33e7d892ab00fc5d68abd3d479b5,feat_001,IND_199,2024,29,0.016939252336448597,9,0.3103448275862069,31576.87111111111,284191.84,9799.718620689657,false
67352045113c041ea61cb07dd698f6f7,feat_001,IND_022,2024,29,0.016939252336448597,6,0.20689655172413793,27084.735,162508.41,5603.738275862069,false
a43461d95aef176aac3bc831fc8a96ca,feat_001,IND_189,2025,29,0.019687712152070606,8,0.27586206896551724,40220.6175,321764.94,11095.342758620689,false
3cda7c98d73471e5ffcaa17a54f2cbbb,feat_001,IND_008,2023,29,0.011827079934747145,6,0.20689655172413793,36207.225,217243.35,7491.150000000001,false
41c877c2eee0a75c09c8d6ecba9ca8d3,feat_001,IND_218,2023,27,0.01101141924959217,7,0.25925925925925924,24763.275714285715,173342.93,6420.108518518518,false
76e896fb38763a835661c34b5291e677,feat_001,IND_199,2025,27,0.018329938900203666,4,0.14814814814814814,656.915,2627.66,97.32074074074073,false
dd28025bdf4a7a55344f604815fab3a5,feat_001,IND_232,2023,27,0.01101141924959217,8,0.2962962962962963,29733.62,237868.96,8809.961481481481,false
94c5fd770dd374a0515ee1554004cda0,feat_001,IND_208,2024,27,0.015771028037383176,8,0.2962962962962963,23271.065,186168.52,6895.13037037037,false
fb3f5a01122525d6be4b8719dac3b982,feat_001,IND_171,2025,26,0.017651052274270197,2,0.07692307692307693,-986.26,-1972.52,-75.86615384615385,false
11b2a71bd0a47374a23dd458b43fe386,feat_001,IND_161,2023,26,0.010603588907014683,13,0.5,35880.47076923077,466446.12,17940.235384615386,false
246cebdcdba697cc325c77e4c83afc10,feat_001,IND_171,2024,26,0.015186915887850467,8,0.3076923076923077,24384.33375,195074.67,7502.871923076924,false
ed751c3ac7967805dac8f1bfa3dc5f9a,feat_001,IND_092,2019,26,0.028077753779697623,7,0.2692307692307692,38579.59285714286,270057.15,10386.813461538462,false
9eca5641c700bbc04245c6150e0ca1da,feat_001,IND_232,2024,25,0.014602803738317757,1,0.04,14389.17,14389.17,575.5668000000001,false
b8561e624b91fa0ee094695e7d9f06fd,feat_001,IND_022,2025,25,0.01697216564833673,6,0.24,85298.28666666667,511789.72,20471.588799999998,false
75a746782a64859992715794717a89c7,feat_001,IND_199,2022,25,0.014801657785671996,4,0.16,35721.74,142886.96,5715.4784,false
f208eb3ea758bb0e3ab354c2ed448659,feat_001,IND_054,2022,24,0.014209591474245116,7,0.2916666666666667,16027.772857142858,112194.41,4674.767083333333,false
84bd2eac943a4904fb936e0f6b58d1e5,feat_001,IND_020,2018,24,0.030379746835443037,1,0.041666666666666664,5498.07,5498.07,229.08624999999998,false
26372affbc98e3b8f6da59abd3dc6f71,feat_001,IND_018,2019,24,0.02591792656587473,3,0.125,28432.496666666666,85297.49,3554.0620833333337,false
80e84bc0a11aa2f21110d7488bbb5497,feat_001,IND_208,2022,24,0.014209591474245116,2,0.08333333333333333,31053.655,62107.31,2587.804583333333,false
f4fc5afc73dc8458b4a801042eb52260,feat_001,IND_150,2018,24,0.030379746835443037,1,0.041666666666666664,92742.94,92742.94,3864.289166666667,false
78931ff9bb8d9b043e8c0fa595ef5f9c,feat_001,IND_008,2022,23,0.013617525162818236,3,0.13043478260869565,26930.483333333334,80791.45,3512.6717391304346,false
9e863bc4746c9166a288482e2176a587,feat_001,IND_106,2023,23,0.009380097879282219,9,0.391304347826087,12841.767777777777,115575.91,5025.039565217391,false
6c3879385f0928f3d1587343b46b274c,feat_001,IND_006,2022,23,0.013617525162818236,9,0.391304347826087,35090.316666666666,315812.85,13730.993478260869,false
ed02297aeefae6ddc64647a4d961bc51,feat_001,IND_012,2019,23,0.024838012958963283,4,0.17391304347826086,7176.8,28707.20,1248.1391304347826,false
2b37f55ad2d0933241626168abc996b0,feat_001,IND_055,2023,23,0.009380097879282219,4,0.17391304347826086,28734.055,114936.22,4997.226956521739,false
5c2f000a2d36c2e8d9ec98d2e7b1446a,feat_001,IND_006,2023,23,0.009380097879282219,10,0.43478260869565216,22016.246,220162.46,9572.280869565217,false
9b5d0f70a2d51e78cbe1e1a1df72d8a4,feat_001,IND_020,2020,23,0.028535980148883373,5,0.21739130434782608,13165.98,65829.90,2862.169565217391,false
2a8f84b7d2cc57c2a0e04ffc154e92f3,feat_001,IND_189,2024,23,0.013434579439252336,7,0.30434782608695654,17890.194285714286,125231.36,5444.841739130435,false
f23785d654581d70ce3d25209d99ca99,feat_001,IND_006,2024,22,0.012850467289719626,1,0.045454545454545456,35909.0,35909.00,1632.2272727272727,false
0129ea01e3a44aac9395ad79ccb28358,feat_001,IND_171,2023,22,0.00897226753670473,6,0.2727272727272727,7395.02,44370.12,2016.8236363636365,false
a8fb46b96b9269f8571bb98c13d245f8,feat_001,IND_199,2023,22,0.00897226753670473,4,0.18181818181818182,21211.8075,84847.23,3856.6922727272727,false
ca785a57287362ef1538e05503824793,feat_001,IND_185,2023,21,0.008564437194127243,4,0.19047619047619047,12793.275,51173.10,2436.8142857142857,false
c52f5d3d9fd24e20abeb6d4a22d5cb50,feat_001,IND_150,2025,21,0.014256619144602852,6,0.2857142857142857,17620.501666666667,105723.01,5034.429047619047,false
26f207b209ac21957f8f30ffb412de7c,feat_001,IND_018,2020,21,0.026054590570719603,1,0.047619047619047616,510.2,510.20,24.295238095238094,false
17edea74cb403cf6caa85e429d3884de,feat_001,IND_161,2022,21,0.012433392539964476,4,0.19047619047619047,20889.9925,83559.97,3979.0461904761905,false
1bd3084a1cd80088b31268b31aa45c6b,feat_001,IND_165,2020,21,0.026054590570719603,0,0.0,,0.00,0.0,false
53a11a88e02398c3effedd7c3b286515,feat_001,IND_194,2024,20,0.011682242990654205,5,0.25,34011.576,170057.88,8502.894,false
f62235832b543a0660f7f67827db7359,feat_001,IND_106,2022,20,0.011841326228537596,1,0.05,435340.45,435340.45,21767.0225,false
33f70edd9c2e50f866125c553e593406,feat_001,IND_021,2024,20,0.011682242990654205,2,0.1,31475.705,62951.41,3147.5705000000003,false
2afa788e265dfac7b180b0ed4636b317,feat_001,IND_043,2018,19,0.024050632911392405,2,0.10526315789473684,7175.52,14351.04,755.3178947368422,false
e68ae4fe86402f085a788f28da7c43da,feat_001,IND_194,2022,19,0.011249259917110717,2,0.10526315789473684,1855.18,3710.36,195.2821052631579,false
e88f60a6e78e24da424bf9989c8bffe2,feat_001,IND_161,2025,19,0.012898845892735914,3,0.15789473684210525,91010.32666666666,273030.98,14370.051578947367,false
fa7cfe8ae764a904c276dcb086be511d,feat_001,IND_103,2023,19,0.007748776508972268,5,0.2631578947368421,15942.186,79710.93,4195.312105263158,false
40a4dcba7da5227bef0f57217037712e,feat_001,IND_038,2023,19,0.007748776508972268,5,0.2631578947368421,10450.712,52253.56,2750.1873684210527,false
90b463867128947546ef1b1d9c5c7f39,feat_001,IND_191,2020,19,0.02357320099255583,6,0.3157894736842105,13597.256666666666,81583.54,4293.870526315789,false
b6074ed52ade9029e3a446c80d65c0eb,feat_001,IND_137,2024,19,0.011098130841121495,0,0.0,,0.00,0.0,false
318e05b4b607b153b051ba9a24472a63,feat_001,IND_218,2018,19,0.024050632911392405,4,0.21052631578947367,9273.16,37092.64,1952.2442105263158,false
4ac75f8508d0fc9f7772890dd8c0faef,feat_001,IND_173,2020,19,0.02357320099255583,6,0.3157894736842105,42448.026666666665,254688.16,13404.64,false
59e263d6c69886a2de2fb455b86dd09d,feat_001,IND_232,2022,18,0.010657193605683837,2,0.1111111111111111,11322.92,22645.84,1258.1022222222223,false
72f356caedc64db1ccdf63e231cda9c6,feat_001,IND_187,2023,18,0.00734094616639478,3,0.16666666666666666,33210.56333333333,99631.69,5535.093888888889,false
97597023d1ac5c9a6e05c084dece5dc0,feat_001,IND_092,2018,18,0.02278481012658228,0,0.0,,0.00,0.0,false
2bd10051981d5f623feb8714751646e2,feat_001,IND_101,2018,18,0.02278481012658228,0,0.0,,0.00,0.0,false
1adcf686802436eaf53c4693f9870953,feat_001,IND_191,2019,18,0.019438444924406047,3,0.16666666666666666,13220.766666666666,39662.30,2203.461111111111,false
86a2f631cd886fe23f94e69cc506a3dd,feat_001,IND_165,2025,18,0.012219959266802444,6,0.3333333333333333,33216.98166666667,199301.89,11072.327222222222,false
84185850e8a10353df59a9ad612b0041,feat_001,IND_029,2023,18,0.00734094616639478,2,0.1111111111111111,39277.47,78554.94,4364.163333333334,false
b5a363254750d334e35b94a89b3c67fa,feat_001,IND_186,2024,18,0.010514018691588784,0,0.0,,0.00,0.0,false
a593a0bbf409d553b44929ee51c6156f,feat_001,IND_015,2023,18,0.00734094616639478,7,0.3888888888888889,14485.824285714285,101400.77,5633.376111111112,false
7e270862faf25a4c5f4232f95c26f11c,feat_001,IND_193,2024,17,0.009929906542056074,8,0.47058823529411764,12128.465,97027.72,5707.512941176471,false
34809fc88a9bf27f615385538297ffd5,feat_001,IND_103,2024,17,0.009929906542056074,8,0.47058823529411764,24141.89,193135.12,11360.889411764705,false
06e94e04de4d889f0fd0023fb4d6cbda,feat_001,IND_145,2025,17,0.011541072640868975,11,0.6470588235294118,44855.77636363637,493413.54,29024.32588235294,false
c4212cda0aa970b891e6d0bf20518b86,feat_001,IND_055,2022,17,0.010065127294256957,2,0.11764705882352941,106636.825,213273.65,12545.508823529412,false
1f0287849f81c207f7fdc26dfbecb058,feat_001,IND_191,2024,17,0.009929906542056074,4,0.23529411764705882,20090.515,80362.06,4727.18,false
7649627fc04994e1692e7d2a32993c44,feat_001,IND_012,2018,17,0.021518987341772152,4,0.23529411764705882,5697.26,22789.04,1340.5317647058823,false
33b1ac0169b8f02c9d035a550edb15cc,feat_001,IND_232,2025,17,0.011541072640868975,5,0.29411764705882354,7898.13,39490.65,2322.979411764706,false
01efb4a569be8277464e68493820d795,feat_001,IND_147,2024,16,0.009345794392523364,7,0.4375,70407.11571428571,492849.81,30803.113125,false
7a18eb7f3b48d26e0be8d1515809ab07,feat_001,IND_229,2022,16,0.009473060982830076,3,0.1875,13894.8,41684.40,2605.275,false
9866aa2679ab1441de549c541593e1e4,feat_001,IND_217,2023,16,0.0065252854812398045,4,0.25,55516.36,222065.44,13879.09,false
dfb425064b06de5c5390265bdab15773,feat_001,IND_106,2019,16,0.017278617710583154,4,0.25,39000.88,156003.52,9750.22,false
1bed29facf8a4b3f1d3301dff7acd35e,feat_001,IND_186,2025,16,0.010862186014935505,10,0.625,61790.591,617905.91,38619.119375,false
f5bdbefd6db9ce60a1876aee32fb15cf,feat_001,IND_218,2022,16,0.009473060982830076,7,0.4375,27563.481428571427,192944.37,12059.023125,false
36ab09561a30e315d8e6089c62c2caa9,feat_001,IND_165,2024,16,0.009345794392523364,2,0.125,16389.175,32778.35,2048.646875,false
27a0e38da9b8a72776848f7f118a0ab1,feat_001,IND_193,2023,16,0.0065252854812398045,2,0.125,14962.615,29925.23,1870.326875,false
8631985096344b3339ae2193271a5666,feat_001,IND_092,2020,16,0.019851116625310174,0,0.0,,0.00,0.0,false
c5d281f4a90017a06c1d9d0aee15e891,feat_001,IND_185,2022,16,0.009473060982830076,0,0.0,,0.00,0.0,false
83584a1ed64eecc5396e84fab42443bd,feat_001,IND_165,2018,16,0.020253164556962026,2,0.125,68734.36,137468.72,8591.795,false
d5d3d5d3fe6b40237ecd72eeba35f28c,feat_001,IND_156,2023,16,0.0065252854812398045,6,0.375,39249.19666666666,235495.18,14718.44875,false
51287fbc8c52518f33b2a01149f0fc07,feat_001,IND_012,2020,16,0.019851116625310174,0,0.0,,0.00,0.0,false
f8b0a87a98f5711e675df6ca54d3416a,feat_001,IND_095,2025,15,0.010183299389002037,5,0.3333333333333333,45140.2,225701.00,15046.733333333334,false
9fe569567a4e2b0bbc2c5cc0eb755312,feat_001,IND_187,2022,15,0.008880994671403197,2,0.13333333333333333,68806.93,137613.86,9174.257333333333,false
87b47d369892d552756833c0a3368d89,feat_001,IND_095,2024,15,0.008761682242990653,3,0.2,3268.18,9804.54,653.6360000000001,false
e60e1b7d9db416f31d64f44e285069a4,feat_001,IND_095,2023,15,0.006117455138662317,3,0.2,8910.373333333333,26731.12,1782.0746666666666,false
4392e836485c0cb51c5d68989492a88e,feat_001,IND_186,2023,15,0.006117455138662317,4,0.26666666666666666,49890.64,199562.56,13304.170666666667,false
d0a39266256e70043307f6ac11b3b07a,feat_001,IND_006,2025,15,0.010183299389002037,2,0.13333333333333333,9802.58,19605.16,1307.0106666666666,false
e0ce22c12ce394009ef64c7525b5d262,feat_001,IND_092,2022,15,0.008880994671403197,4,0.26666666666666666,25285.465,101141.86,6742.790666666667,false
679a50692b6e98dd1d17cbbb23ed8b90,feat_001,IND_183,2021,15,0.09868421052631579,1,0.06666666666666667,38664.99,38664.99,2577.6659999999997,false
5512d032127f61067a7592337eb8cb10,feat_001,IND_161,2024,15,0.008761682242990653,0,0.0,,0.00,0.0,false
91b2647f5d67ceb9a273bcc8618a8fc3,feat_001,IND_232,2019,15,0.016198704103671708,1,0.06666666666666667,14988.55,14988.55,999.2366666666666,false
393fc60b77209c0da93f9512c698a290,feat_001,IND_145,2024,15,0.008761682242990653,4,0.26666666666666666,31142.365,124569.46,8304.630666666668,false
22f156fbe0f8ee401ba66fa275d54632,feat_001,IND_211,2023,14,0.005709624796084829,4,0.2857142857142857,26315.92,105263.68,7518.834285714285,false
b5d38244b55b8b4c27ff48bec1c0943e,feat_001,IND_101,2025,14,0.009504412763068567,4,0.2857142857142857,18777.2725,75109.09,5364.9349999999995,false
1e95d8ef85b48cfe185b2f8fd7964a28,feat_001,IND_146,2018,14,0.017721518987341773,1,0.07142857142857142,1501.7,1501.70,107.26428571428572,false
395972e00729acf1f0362251dd2535db,feat_001,IND_218,2025,14,0.009504412763068567,6,0.42857142857142855,36101.488333333335,216608.93,15472.066428571428,false
a13d7e79a3852cb0c33de0b362572084,feat_001,IND_194,2025,14,0.009504412763068567,4,0.2857142857142857,51935.24,207740.96,14838.64,false
ea89f52d79a79825a3669000445c2644,feat_001,IND_018,2018,13,0.016455696202531647,2,0.15384615384615385,16405.675,32811.35,2523.95,false
72a2e07387a981f1872210815252613e,feat_001,IND_146,2022,13,0.0076968620485494375,4,0.3076923076923077,19323.055,77292.22,5945.555384615384,false
af36df8e923bd2cf62480586e4bf83b4,feat_001,IND_229,2023,13,0.005301794453507341,1,0.07692307692307693,31246.42,31246.42,2403.570769230769,false
223f359ccdef6276bb304ce1c36b4369,feat_001,IND_194,2023,13,0.005301794453507341,7,0.5384615384615384,37690.08285714286,263830.58,20294.66,false
86d5558bfc7a2c81815f0850c5c37d91,feat_001,IND_042,2025,13,0.008825526137135099,6,0.46153846153846156,48399.611666666664,290397.67,22338.282307692305,false
79903f964738e75a32bb998f8298ad71,feat_001,IND_054,2020,13,0.016129032258064516,2,0.15384615384615385,24930.03,49860.06,3835.3892307692304,false
397b310152b52a4da1d631f6f0143ffb,feat_001,IND_029,2020,13,0.016129032258064516,4,0.3076923076923077,57510.06,230040.24,17695.403076923078,false
81ae173e84976ba24faf428968eecf6b,feat_001,IND_077,2023,13,0.005301794453507341,2,0.15384615384615385,7942.38,15884.76,1221.9046153846155,false
3be6bfaeb6e9891e18e662e8a2e72453,feat_001,IND_216,2023,13,0.005301794453507341,4,0.3076923076923077,10652.345,42609.38,3277.644615384615,false
a366dd5cfeaec5a9b3e77da36a0e3c33,feat_001,IND_006,2019,13,0.014038876889848811,1,0.07692307692307693,43200.51,43200.51,3323.116153846154,false
504cd4b1a9c46fee4fdc011d5e4a24f9,feat_001,IND_025,2024,13,0.007593457943925234,3,0.23076923076923078,41267.09333333333,123801.28,9523.175384615384,false
1ceaa20bdc9e9582d6d205642396e25b,feat_001,IND_038,2022,13,0.0076968620485494375,2,0.15384615384615385,12579.72,25159.44,1935.3415384615384,false
34b67854d95f2d688e9caebfd6490961,feat_001,IND_189,2022,13,0.0076968620485494375,3,0.23076923076923078,6635.486666666667,19906.46,1531.2661538461539,false
c8daaf3ca0aa51c001c40f7d211e1f18,feat_001,IND_106,2020,13,0.016129032258064516,4,0.3076923076923077,41892.88,167571.52,12890.116923076923,false
fdd2becffe8c551dec5bf283ee791aa7,feat_001,IND_147,2022,13,0.0076968620485494375,2,0.15384615384615385,34535.705,69071.41,5313.1853846153845,false
000804faf16ffa1eaac7d75403c5799c,feat_001,IND_064,2021,13,0.08552631578947369,1,0.07692307692307693,9366.78,9366.78,720.5215384615385,false
7ac26d2fd720843cc1faabd8c10a7d7f,feat_001,IND_171,2022,13,0.0076968620485494375,0,0.0,,0.00,0.0,false
f2ff1c80aadbf1576e09686c9690384a,feat_001,IND_189,2019,12,0.012958963282937365,1,0.08333333333333333,1370.73,1370.73,114.2275,false
286df7c2425f5b4f2fcf77eb7e21bf2e,feat_001,IND_150,2019,12,0.012958963282937365,1,0.08333333333333333,30558.7,30558.70,2546.5583333333334,false
2d809b0f7e5bb4071d86f685933992c4,feat_001,IND_145,2023,12,0.004893964110929853,3,0.25,30607.966666666667,91823.90,7651.991666666666,false
752fb7c9717d56e69301c098d1bd2b39,feat_001,IND_054,2018,12,0.015189873417721518,2,0.16666666666666666,14509.99,29019.98,2418.3316666666665,false
f0f49fb874849dc9807cc7b5492c1dfe,feat_001,IND_116,2025,12,0.008146639511201629,1,0.08333333333333333,80053.03,80053.03,6671.0858333333335,false
06618a93f3a1f4a49dfbf069434a642a,feat_001,IND_179,2024,12,0.007009345794392523,3,0.25,24156.123333333333,72468.37,6039.030833333333,false
12022f2e23ea28e075d8facc4dd2c281,feat_001,IND_179,2023,12,0.004893964110929853,3,0.25,50955.00666666667,152865.02,12738.751666666665,false
3f1e50715e902452714e036803de8d3f,feat_001,IND_101,2024,12,0.007009345794392523,5,0.4166666666666667,49833.4,249167.00,20763.916666666668,false
30115673873631ea5c4b2cf5cfaa1eb5,feat_001,IND_103,2022,12,0.007104795737122558,1,0.08333333333333333,100207.72,100207.72,8350.643333333333,false
8bfd8cba0fb3d56cc1e1c32e1381084d,feat_001,IND_006,2020,12,0.01488833746898263,3,0.25,22803.806666666667,68411.42,5700.951666666667,false
d51fc8b6281cb9e077a41e230d40366c,feat_001,IND_062,2023,11,0.004486133768352365,5,0.45454545454545453,62352.67,311763.35,28342.122727272726,false
4adeac3e3e7b2cab6db0c2a230852bbd,feat_001,IND_160,2024,11,0.006425233644859813,3,0.2727272727272727,77096.63,231289.89,21026.353636363638,false
f487618c9d5f312c2b8c11808cfdfdc3,feat_001,IND_107,2018,11,0.013924050632911392,1,0.09090909090909091,8760.39,8760.39,796.3990909090909,false
d729dea4de79168a0c7c8b4ceedd0eff,feat_001,IND_150,2020,11,0.013647642679900745,1,0.09090909090909091,18797.99,18797.99,1708.908181818182,false
12b58b70d00fba1ba30d4b4ee559bca8,feat_001,IND_077,2022,11,0.006512729425695678,1,0.09090909090909091,12131.12,12131.12,1102.829090909091,false
d86c4beace31574a5f5dfc16811d74a5,feat_001,IND_229,2018,11,0.013924050632911392,3,0.2727272727272727,23444.97,70334.91,6394.082727272727,false
6e2b965bd9ac1583e63175528d0aa5f9,feat_001,IND_217,2018,11,0.013924050632911392,0,0.0,,0.00,0.0,false
935c4a6ad802916fa0f81da6e38df464,feat_001,IND_186,2018,11,0.013924050632911392,3,0.2727272727272727,18280.44,54841.32,4985.574545454546,false
40074603d39f43fc2814d1b65867f0fa,feat_001,IND_211,2019,10,0.01079913606911447,2,0.2,22083.24,44166.48,4416.648,false
1d0ee32e62dda431f2a33a9880b36a26,feat_001,IND_211,2022,10,0.005920663114268798,1,0.1,48380.33,48380.33,4838.033,false
95077148a8f3f336040aa91fe86241e0,feat_001,IND_058,2023,10,0.004078303425774877,5,0.5,50921.994,254609.97,25460.997,false
2343fab5af9f0e3cfa3049cbaedb97f4,feat_001,IND_132,2018,10,0.012658227848101266,1,0.1,12880.0,12880.00,1288.0,false
b39a12cd0374175f32b3b280edb79219,feat_001,IND_020,2021,10,0.06578947368421052,0,0.0,,0.00,0.0,false
4443fa2560777b8e8c183d29edb00384,feat_001,IND_111,2020,10,0.01240694789081886,0,0.0,,0.00,0.0,false
0c147a3ee8afd6c52f003262999f2fed,feat_001,IND_126,2018,10,0.012658227848101266,4,0.4,53472.845,213891.38,21389.138,false
1afdf0c445ea4fb878fd5984734b8162,feat_001,IND_189,2018,10,0.012658227848101266,0,0.0,,0.00,0.0,false
9beadbddefb2ca6d72e7627aac8ef0e9,feat_001,IND_043,2024,10,0.005841121495327103,2,0.2,40962.32,81924.64,8192.464,false
771b257f18193bec57a81c5a389eb198,feat_001,IND_230,2023,10,0.004078303425774877,1,0.1,5843.21,5843.21,584.321,false
98e389904f7aa3aadd63086f420890bc,feat_001,IND_015,2020,10,0.01240694789081886,1,0.1,50124.69,50124.69,5012.469,false
061403a4d704f881a42fe5c9916258bd,feat_001,IND_077,2019,10,0.01079913606911447,3,0.3,49358.85,148076.55,14807.654999999999,false
31420bcd67b285a3af09d7ad545d2b31,feat_001,IND_126,2020,10,0.01240694789081886,2,0.2,1022.29,2044.58,204.458,false
d232d276f9582b0004fa4a352f8e5851,feat_001,IND_170,2025,10,0.006788866259334691,1,0.1,4562.15,4562.15,456.215,false
f945eb834fb822b1f88c91114b13074d,feat_001,IND_055,2024,10,0.005841121495327103,2,0.2,14327.64,28655.28,2865.528,false
884afcfc7adda064fddcba430aba8d98,feat_001,IND_193,2025,10,0.006788866259334691,1,0.1,16069.16,16069.16,1606.916,false
78095092a51b640a989075f9a7d2b1c8,feat_001,IND_100,2023,10,0.004078303425774877,0,0.0,,0.00,0.0,false
80a18a37b4ab56f56d39a230d8accd36,feat_001,IND_120,2024,10,0.005841121495327103,1,0.1,31927.33,31927.33,3192.733,false
df72210e3be1a789af59cdab3a8c86e1,feat_001,IND_218,2019,10,0.01079913606911447,1,0.1,43467.04,43467.04,4346.704,false
648bf67221cc290107e02f077bb95d23,feat_001,IND_006,2018,10,0.012658227848101266,3,0.3,13263.44,39790.32,3979.032,false
9afdf76c885ee05875a6ad022f69255d,feat_001,IND_171,2018,10,0.012658227848101266,0,0.0,,0.00,0.0,false
d68dc27e99e7e0675b4813fa9f0041b3,feat_001,IND_185,2025,10,0.006788866259334691,1,0.1,163.83,163.83,16.383000000000003,false
79df178e42cedad507786b3612f2ffb3,feat_001,IND_135,2023,9,0.00367047308319739,0,0.0,,0.00,0.0,false
be27687962c2fc0a77d770eec5521474,feat_001,IND_015,2022,9,0.0053285968028419185,1,0.1111111111111111,22011.22,22011.22,2445.6911111111112,false
eb3cea533ecb869b174d622f21a20a16,feat_001,IND_171,2019,9,0.009719222462203024,0,0.0,,0.00,0.0,false
aa94980e620a23489344a737e89fd6ba,feat_001,IND_107,2019,9,0.009719222462203024,0,0.0,,0.00,0.0,false
561685db2526e727cf522f919b3a043c,feat_001,IND_160,2025,9,0.006109979633401222,2,0.2222222222222222,107801.82,215603.64,23955.960000000003,false
9701208a45fbbdf91a6e7241c9c20ea4,feat_001,IND_216,2022,9,0.0053285968028419185,1,0.1111111111111111,16064.4,16064.40,1784.9333333333334,false
37da1a946def43b7b09dcba525b026d2,feat_001,IND_132,2023,9,0.00367047308319739,4,0.4444444444444444,28631.735,114526.94,12725.215555555556,false
83d8b83e3cbdb97210f19e875dad61a6,feat_001,IND_111,2023,9,0.00367047308319739,1,0.1111111111111111,5494.35,5494.35,610.4833333333333,false
7937011236c064b874bc6d033dbfb11c,feat_001,IND_198,2018,9,0.01139240506329114,5,0.5555555555555556,3540.558,17702.79,1966.9766666666667,false
bc416ce747df002c83180ae051a3be29,feat_001,IND_161,2020,9,0.011166253101736972,1,0.1111111111111111,4658.18,4658.18,517.5755555555556,false
f64dc45c9ec6d957b54291764e1524b6,feat_001,IND_077,2025,9,0.006109979633401222,6,0.6666666666666666,22092.306666666667,132553.84,14728.204444444444,false
51398df3ba3c26883b8ea1790f547b10,feat_001,IND_062,2024,9,0.005257009345794392,0,0.0,,0.00,0.0,false
ac565feb2366a080734b9992d9832936,feat_001,IND_218,2024,9,0.005257009345794392,3,0.3333333333333333,53975.79666666667,161927.39,17991.932222222225,false
024e7dc671352eae83377ea98a8ce0cc,feat_001,IND_179,2022,9,0.0053285968028419185,3,0.3333333333333333,36869.973333333335,110609.92,12289.99111111111,false
42e834cceac05a445651971fbcb6b4f6,feat_001,IND_156,2020,9,0.011166253101736972,3,0.3333333333333333,59596.433333333334,178789.30,19865.477777777778,false
9a87b206b3a6ffc317cba253ade6e534,feat_001,IND_186,2022,9,0.0053285968028419185,1,0.1111111111111111,104056.84,104056.84,11561.871111111112,false
4e50937022ca235acccd1dbb08e004d5,feat_001,IND_156,2019,9,0.009719222462203024,3,0.3333333333333333,25124.343333333334,75373.03,8374.781111111111,false
5f4421a33d0abc260a22a5f345c0953d,feat_001,IND_022,2020,9,0.011166253101736972,2,0.2222222222222222,90805.58,181611.16,20179.01777777778,false
d05ad5d4aa9d90403c5acfaa1c8b8d36,feat_001,IND_101,2019,9,0.009719222462203024,2,0.2222222222222222,22937.285,45874.57,5097.174444444445,false
dac79eefc60caf99bb11e982fc810547,feat_001,IND_029,2022,9,0.0053285968028419185,1,0.1111111111111111,69723.32,69723.32,7747.035555555556,false
91d9e8e96f4b19ec356d1823a09462b4,feat_001,IND_120,2023,9,0.00367047308319739,3,0.3333333333333333,4286.213333333333,12858.64,1428.7377777777776,false
0eab2ee5e43287e6ce88f841df6276e4,feat_001,IND_145,2022,9,0.0053285968028419185,4,0.4444444444444444,7918.95,31675.80,3519.5333333333333,false
22ba0f7944f78482dc34eb76fd4df179,feat_001,IND_048,2021,9,0.05921052631578947,1,0.1111111111111111,16638.95,16638.95,1848.7722222222224,false
ce0d59d0f14250044f9c2ec98f944304,feat_001,IND_092,2021,9,0.05921052631578947,1,0.1111111111111111,5433.28,5433.28,603.6977777777778,false
5ca4ccdfb081e5fbc3d7f8bdfae245e1,feat_001,IND_107,2020,9,0.011166253101736972,2,0.2222222222222222,2211.97,4423.94,491.5488888888888,false
e3a7af089c1416779a0e30d65404574e,feat_001,IND_021,2023,9,0.00367047308319739,0,0.0,,0.00,0.0,false
675c028e7cfe9feecddb30c75bd6c3b8,feat_001,IND_003,2024,9,0.005257009345794392,0,0.0,,0.00,0.0,false
9f20d8b3110a2906d254edf30e39084d,feat_001,IND_137,2025,9,0.006109979633401222,1,0.1111111111111111,27697.04,27697.04,3077.448888888889,false
71c791ca2c58d0a2ad54104c0c8d4b0e,feat_001,IND_068,2023,9,0.00367047308319739,8,0.8888888888888888,34365.85,274926.80,30547.42222222222,false
abed2bfc982709b94a7a8d50bc5c7725,feat_001,IND_038,2020,9,0.011166253101736972,0,0.0,,0.00,0.0,false
cfd3b7bbbe0c54c4559a1230ebe367b7,feat_001,IND_160,2022,9,0.0053285968028419185,0,0.0,,0.00,0.0,false
bbbff98f17bfcddff015d53160cc0006,feat_001,IND_054,2019,9,0.009719222462203024,2,0.2222222222222222,6656.625,13313.25,1479.25,false
3bd67455be970ebab6d46fde88a1928f,feat_001,IND_160,2023,9,0.00367047308319739,1,0.1111111111111111,6846.49,6846.49,760.7211111111111,false
8c801c4e4c95c2eff63dd10b3b85310f,feat_001,IND_217,2025,9,0.006109979633401222,0,0.0,,0.00,0.0,false
687888800642a48b75980c712ddf2848,feat_001,IND_213,2023,9,0.00367047308319739,3,0.3333333333333333,33994.863333333335,101984.59,11331.621111111112,false
4eab3be944acb36c509ac7b6a5b28ebc,feat_001,IND_101,2020,8,0.009925558312655087,1,0.125,63312.17,63312.17,7914.02125,false
0905e7c1be7feb139676b14e61e4509b,feat_001,IND_103,2025,8,0.005431093007467753,0,0.0,,0.00,0.0,false
5f5e581318c4034b0a1632cf42722e5e,feat_001,IND_170,2023,8,0.0032626427406199023,2,0.25,28913.13,57826.26,7228.2825,false
9a632aeac034a31744bc38db312365a3,feat_001,IND_106,2024,8,0.004672897196261682,1,0.125,4884.87,4884.87,610.60875,false
e7c7133a9a0a5f77ae3a8ea8d90f94ab,feat_001,IND_187,2024,8,0.004672897196261682,1,0.125,12949.57,12949.57,1618.69625,false
15bb0788787ebaaa5170372ec00e8e5f,feat_001,IND_232,2020,8,0.009925558312655087,0,0.0,,0.00,0.0,false
a92d2d6b1b451ac866c73f9eb94918b7,feat_001,IND_217,2020,8,0.009925558312655087,1,0.125,19450.53,19450.53,2431.31625,false
288036b62da7fed3ceb3e0a980ee8849,feat_001,IND_140,2025,8,0.005431093007467753,1,0.125,56730.88,56730.88,7091.36,false
b3994f827ace7b60d59ac4ccf44b8415,feat_001,IND_187,2025,8,0.005431093007467753,1,0.125,8492.3,8492.30,1061.5375,false
b650232b02c431d71df1cab71cc3c946,feat_001,IND_147,2020,8,0.009925558312655087,0,0.0,,0.00,0.0,false
4f9ba78892c8a5ee3115848f369bfb70,feat_001,IND_211,2025,8,0.005431093007467753,0,0.0,,0.00,0.0,false
9a9b745074cf77907b185578dd4fd977,feat_001,IND_185,2024,8,0.004672897196261682,1,0.125,15339.23,15339.23,1917.40375,false
f467c15a768c47e2f07a9639975afcda,feat_001,IND_103,2019,8,0.008639308855291577,3,0.375,4964.836666666667,14894.51,1861.81375,false
ad4333c9dca4783fce9af568bdd8f8b2,feat_001,IND_184,2019,8,0.008639308855291577,1,0.125,878.6,878.60,109.825,false
b595148891a7eed72400a57400ddfb10,feat_001,IND_062,2022,8,0.004736530491415038,1,0.125,97337.27,97337.27,12167.15875,false
27f85c4311a22c61dee4aaeae119c829,feat_001,IND_171,2020,8,0.009925558312655087,0,0.0,,0.00,0.0,false
18fc9a544fb3cc97983494f70b2fb038,feat_001,IND_137,2023,8,0.0032626427406199023,0,0.0,,0.00,0.0,false
217061ae398f2ba16bf0fe9aee008196,feat_001,IND_173,2019,8,0.008639308855291577,2,0.25,7009.735,14019.47,1752.43375,false
8be265c8175b1846f23621df671a93f5,feat_001,IND_087,2024,8,0.004672897196261682,0,0.0,,0.00,0.0,false
754414bce0946d924c4f82b2fa94500c,feat_001,IND_199,2019,8,0.008639308855291577,0,0.0,,0.00,0.0,false
9c7b1fc256e54101a8f405201612decb,feat_001,IND_013,2025,8,0.005431093007467753,1,0.125,59721.63,59721.63,7465.20375,false
5bbc9199ef9c8a6ef29b90b8ad5c5d60,feat_001,IND_217,2022,8,0.004736530491415038,0,0.0,,0.00,0.0,false
f81f17cba4ea12c82b68e3434050bfa5,feat_001,IND_164,2023,8,0.0032626427406199023,7,0.875,19639.12714285714,137473.89,17184.23625,false
3892326813b8eaf451932946d89fe45e,feat_001,IND_201,2025,8,0.005431093007467753,4,0.5,81419.105,325676.42,40709.5525,false
9383ba5a565de66a832c83b2245a4480,feat_001,IND_140,2018,8,0.010126582278481013,3,0.375,29668.713333333333,89006.14,11125.7675,false
48a7301ea1504e1e2601fe6f4d034272,feat_001,IND_039,2023,8,0.0032626427406199023,1,0.125,20514.16,20514.16,2564.27,false
11ddea1acabe9f2fbcef011ebe110707,feat_001,IND_135,2024,8,0.004672897196261682,0,0.0,,0.00,0.0,false
96353a29cd13aff07c7c67f2a5c90cb7,feat_001,IND_025,2025,8,0.005431093007467753,2,0.25,18352.03,36704.06,4588.0075,false
e294358775cb8166d12592515e02a071,feat_001,IND_103,2020,8,0.009925558312655087,2,0.25,14216.74,28433.48,3554.185,false
7a76b0dabd136548e65fa771c834432b,feat_001,IND_135,2025,8,0.005431093007467753,0,0.0,,0.00,0.0,false
065a1aa01050e23b5870006790e403b5,feat_001,IND_170,2022,8,0.004736530491415038,1,0.125,22605.82,22605.82,2825.7275,false
3971301c49d5cae4bb755518319f2f61,feat_001,IND_179,2025,7,0.0047522063815342835,3,0.42857142857142855,27152.18,81456.54,11636.64857142857,false
7739790134f917e17d69a2cb57046731,feat_001,IND_022,2019,7,0.00755939524838013,4,0.5714285714285714,7484.72,29938.88,4276.982857142857,false
55f91abc0f3a7925b158067cfc3b7279,feat_001,IND_008,2019,7,0.00755939524838013,1,0.14285714285714285,18250.11,18250.11,2607.1585714285716,false
1fcb59daa74ff799554aceaed18c959b,feat_001,IND_021,2022,7,0.0041444641799881585,2,0.2857142857142857,30356.61,60713.22,8673.317142857142,false
d7f6bd75ad89cfc93a63591c96d2e48c,feat_001,IND_040,2022,7,0.0041444641799881585,0,0.0,,0.00,0.0,false
85f011b808adda1c64cb070f23633a20,feat_001,IND_194,2018,7,0.008860759493670886,0,0.0,,0.00,0.0,false
a492b2b73e51b0454a55b9ba214eaeba,feat_001,IND_220,2019,7,0.00755939524838013,0,0.0,,0.00,0.0,false
55d898ac44b5b6ac463ed3ce35748ae4,feat_001,IND_209,2023,7,0.0028548123980424145,2,0.2857142857142857,48353.21,96706.42,13815.202857142856,false
a513243f37ebac15af41e47d70d2b7e1,feat_001,IND_019,2021,7,0.046052631578947366,1,0.14285714285714285,56396.18,56396.18,8056.597142857143,false
40f5abc8eda64cc56f3d8227fc48b72e,feat_001,IND_141,2019,7,0.00755939524838013,4,0.5714285714285714,21495.09,85980.36,12282.908571428572,false
fc2f51837c8cf5ab30f4362bffddbf5e,feat_001,IND_135,2022,7,0.0041444641799881585,0,0.0,,0.00,0.0,false
0552d787964cfd3f1d9cdf50cadb13c4,feat_001,IND_100,2019,7,0.00755939524838013,0,0.0,,0.00,0.0,false
0daa3e9366eeb12e191ae5928ad9746a,feat_001,IND_126,2019,7,0.00755939524838013,1,0.14285714285714285,103862.28,103862.28,14837.468571428572,false
18ce0384f215bf9ea5c14fa3e6d11042,feat_001,IND_148,2022,7,0.0041444641799881585,0,0.0,,0.00,0.0,false
cc3cf7107c427f75142ec62d8cdc7d8c,feat_001,IND_058,2022,7,0.0041444641799881585,0,0.0,,0.00,0.0,false
f35cfb7db4fd3855f65f87c50eae31f7,feat_001,IND_137,2022,7,0.0041444641799881585,0,0.0,,0.00,0.0,false
6d049b4d9f7f9d228b64c374207c5c04,feat_001,IND_143,2024,7,0.0040887850467289715,0,0.0,,0.00,0.0,false
81c4e3a158ac623a0219498282b404d8,feat_001,IND_090,2022,7,0.0041444641799881585,0,0.0,,0.00,0.0,false
b4558bad233b90c3d8bf012434d4da6e,feat_001,IND_185,2019,7,0.00755939524838013,1,0.14285714285714285,19380.9,19380.90,2768.7000000000003,false
ca6b1a764d708dcf6189bb21a79afcb6,feat_001,IND_186,2019,7,0.00755939524838013,2,0.2857142857142857,5203.37,10406.74,1486.6771428571428,false
75aebc385928ed3d65a7ab17881b30eb,feat_001,IND_037,2020,7,0.008684863523573201,0,0.0,,0.00,0.0,false
e1e7eec30b79ec07f1a589f9ac01474e,feat_001,IND_095,2022,7,0.0041444641799881585,0,0.0,,0.00,0.0,false
1c5bf4582470ceba2cf9472902aa716b,feat_001,IND_052,2022,7,0.0041444641799881585,2,0.2857142857142857,15198.23,30396.46,4342.351428571428,false
f07a9cbf139c842ffd46e6b12dcc9010,feat_001,IND_147,2025,7,0.0047522063815342835,1,0.14285714285714285,48338.05,48338.05,6905.435714285714,false
1b678418b73b418bad659ac6a8d11a60,feat_001,IND_100,2018,7,0.008860759493670886,0,0.0,,0.00,0.0,false
fcc3988d3fbaa599752eda6eaff8c0d3,feat_001,IND_111,2022,7,0.0041444641799881585,0,0.0,,0.00,0.0,false
57c4385f9004e2d0f0d024a95b038f34,feat_001,IND_211,2024,7,0.0040887850467289715,0,0.0,,0.00,0.0,false
d237ff47cf30a836dd61e1eb7962df21,feat_001,IND_156,2022,7,0.0041444641799881585,3,0.42857142857142855,37880.40666666667,113641.22,16234.460000000001,false
19a31e65002f55a0012d97fc5009b5e5,feat_001,IND_140,2019,7,0.00755939524838013,0,0.0,,0.00,0.0,false
afe99a6bf1801b1e0945dab84ecd0a5e,feat_001,IND_116,2023,7,0.0028548123980424145,0,0.0,,0.00,0.0,false
db61faeb3470405e1a11802e0e80ff2b,feat_001,IND_095,2020,7,0.008684863523573201,0,0.0,,0.00,0.0,false
87b55d7ffca17be82bea353f342907f0,feat_001,IND_127,2018,6,0.007594936708860759,0,0.0,,0.00,0.0,false
e95e3ba31685016d668a5b106eaedda7,feat_001,IND_198,2024,6,0.0035046728971962616,1,0.16666666666666666,24711.6,24711.60,4118.599999999999,false
3925205d1976da1b2937073c18dfb592,feat_001,IND_212,2023,6,0.0024469820554649264,2,0.3333333333333333,9321.04,18642.08,3107.013333333334,false
0fd4256e0957c72655ea77afd96742ce,feat_001,IND_223,2024,6,0.0035046728971962616,1,0.16666666666666666,24087.83,24087.83,4014.638333333334,false
a75b5fd514cf4f84909ae69a7f8e4b15,feat_001,IND_132,2020,6,0.007444168734491315,3,0.5,24801.626666666667,74404.88,12400.813333333334,false
9e3e251a001ddae371173ce3ef5351be,feat_001,IND_229,2020,6,0.007444168734491315,3,0.5,6817.763333333333,20453.29,3408.8816666666667,false
94f0b73bb48dfb48705482aa97c0f68e,feat_001,IND_058,2025,6,0.004073319755600814,0,0.0,,0.00,0.0,false
0005d75871b238c429dbe0c59a377946,feat_001,IND_102,2024,6,0.0035046728971962616,0,0.0,,0.00,0.0,false
fe76fc9838cf13151e7394b36a828cbc,feat_001,IND_004,2018,6,0.007594936708860759,2,0.3333333333333333,123486.6,246973.20,41162.200000000004,false
6cb4cc8af6f2db04b4fe81f2663707ab,feat_001,IND_229,2025,6,0.004073319755600814,0,0.0,,0.00,0.0,false
225ce9242edf9c4f08f6942f54e36b2f,feat_001,IND_131,2022,6,0.003552397868561279,5,0.8333333333333334,16033.222,80166.11,13361.018333333333,false
636d5ad8884f3d849ab324fa67b7f577,feat_001,IND_140,2023,6,0.0024469820554649264,2,0.3333333333333333,28549.6,57099.20,9516.533333333333,false
0a4f5dc2d2908831609246aeb8d022bd,feat_001,IND_071,2023,6,0.0024469820554649264,1,0.16666666666666666,5847.23,5847.23,974.5383333333333,false
5903663baa661426b0a0645d17339b11,feat_001,IND_150,2021,6,0.039473684210526314,2,0.3333333333333333,18520.23,37040.46,6173.41,false
609433ba82394f3bb660a7c072d2e494,feat_001,IND_058,2024,6,0.0035046728971962616,1,0.16666666666666666,8084.39,8084.39,1347.3983333333333,false
310866e99bfcba1a45fa65cc22311888,feat_001,IND_207,2025,6,0.004073319755600814,0,0.0,,0.00,0.0,false
9c73b998a6e497ccda8090c7392c86d1,feat_001,IND_208,2018,6,0.007594936708860759,0,0.0,,0.00,0.0,false
5a8cfae8a8036fcd43ba657a25876425,feat_001,IND_055,2021,6,0.039473684210526314,2,0.3333333333333333,93575.02,187150.04,31191.673333333336,false
494ec809450b53091ab49091d7d1f83f,feat_001,IND_201,2023,6,0.0024469820554649264,0,0.0,,0.00,0.0,false
cb35e0dd5e358103d4b2bc6e46a2f6cd,feat_001,IND_003,2025,6,0.004073319755600814,2,0.3333333333333333,38093.705,76187.41,12697.901666666667,false
aa348c8ab23e36fe91f1ce2d428bc67c,feat_001,IND_004,2024,6,0.0035046728971962616,4,0.6666666666666666,33246.9475,132987.79,22164.631666666668,false
64b92967d1591d87f90c6bc9999951d3,feat_001,IND_185,2021,6,0.039473684210526314,0,0.0,,0.00,0.0,false
bf312875c25a2566c864ab2313616ee5,feat_001,IND_129,2023,6,0.0024469820554649264,1,0.16666666666666666,9830.95,9830.95,1638.4916666666668,false
34428d0b0068e747f89c7974435df9bf,feat_001,IND_013,2019,6,0.0064794816414686825,2,0.3333333333333333,13805.83,27611.66,4601.943333333334,false
18b57076a14a705d0b48175ea92502b1,feat_001,IND_156,2018,6,0.007594936708860759,1,0.16666666666666666,59087.68,59087.68,9847.946666666667,false
1a2920a6cc35956f61f765905dd7c6af,feat_001,IND_025,2023,6,0.0024469820554649264,2,0.3333333333333333,1981.53,3963.06,660.51,false
ce202c8453ebe64e9faeb8a6863d67e9,feat_001,IND_042,2022,6,0.003552397868561279,0,0.0,,0.00,0.0,false
7aac38e1035a2b6bba619683ddaaf1fb,feat_001,IND_095,2018,6,0.007594936708860759,0,0.0,,0.00,0.0,false
4721ccd94e05c6154e8506c6ef98aa64,feat_001,IND_194,2019,6,0.0064794816414686825,0,0.0,,0.00,0.0,false
eccbb0ac985e6ba6d417c2d63ea5de80,feat_001,IND_043,2019,6,0.0064794816414686825,1,0.16666666666666666,14709.05,14709.05,2451.508333333333,false
22c8cee5a30fb0d055cc03a4e067708b,feat_001,IND_160,2019,6,0.0064794816414686825,0,0.0,,0.00,0.0,false
f2231336de2e11017858d5f9b39af2c4,feat_001,IND_025,2019,6,0.0064794816414686825,1,0.16666666666666666,40202.31,40202.31,6700.384999999999,false
fb859048f31224948511946b0cdd8c4e,feat_001,IND_083,2018,6,0.007594936708860759,0,0.0,,0.00,0.0,false
4f1c5d8b7baea6dc52b9e778f1200e70,feat_001,IND_008,2018,6,0.007594936708860759,1,0.16666666666666666,5058.95,5058.95,843.1583333333333,false
ea814d96a72dd7e8839641ef4802df37,feat_001,IND_066,2019,6,0.0064794816414686825,0,0.0,,0.00,0.0,false
cf3de361e796eb5f07ca6bc016e4d4b5,feat_001,IND_178,2025,6,0.004073319755600814,0,0.0,,0.00,0.0,false
a914d987d883e9bbe68b71372840f09b,feat_001,IND_201,2020,6,0.007444168734491315,0,0.0,,0.00,0.0,false
b60311f61c7c27b328ad2985cf61e8ab,feat_001,IND_189,2020,6,0.007444168734491315,3,0.5,9068.756666666666,27206.27,4534.378333333333,false
d84d9163107df45fc6218afaca36a521,feat_001,IND_193,2019,6,0.0064794816414686825,0,0.0,,0.00,0.0,false
fbfed01150274f77ee7a496b77d3ded2,feat_001,IND_201,2022,6,0.003552397868561279,3,0.5,50675.02,152025.06,25337.51,false
37817f8bcaa6b0c5ea8d13a95ee47951,feat_001,IND_213,2022,6,0.003552397868561279,2,0.3333333333333333,5457.77,10915.54,1819.256666666667,false
8d42d5f0d7efcb55e88050350ae465d4,feat_001,IND_157,2024,6,0.0035046728971962616,4,0.6666666666666666,5084.815,20339.26,3389.8766666666666,false
3fcb8501d4dbb5f94df5629f26e21a11,feat_001,IND_077,2018,6,0.007594936708860759,1,0.16666666666666666,34697.34,34697.34,5782.889999999999,false
787532f377f66859d339715c6e6b5c20,feat_001,IND_230,2024,6,0.0035046728971962616,2,0.3333333333333333,10981.47,21962.94,3660.49,false
51a15e04a6b378df5410b7ac69c008b3,feat_001,IND_085,2020,5,0.00620347394540943,0,0.0,,0.00,0.0,false
8fe906f4246aa95d16d51a1bd05f7c44,feat_001,IND_029,2025,5,0.0033944331296673455,1,0.2,61441.81,61441.81,12288.362,false
2b6cdc0a2286c6ad4007e5c161fed9ab,feat_001,IND_078,2018,5,0.006329113924050633,0,0.0,,0.00,0.0,false
10f0d1c92ba84e3e08e89add42898910,feat_001,IND_187,2018,5,0.006329113924050633,0,0.0,,0.00,0.0,false
14c360f8f059a367d91f2a5547963e3d,feat_001,IND_090,2020,5,0.00620347394540943,0,0.0,,0.00,0.0,false
689974645e74ef351a124a29740df3fd,feat_001,IND_053,2022,5,0.002960331557134399,0,0.0,,0.00,0.0,false
5b0b147d35fc0419a8fb91dfbf421b02,feat_001,IND_015,2018,5,0.006329113924050633,0,0.0,,0.00,0.0,false
99aa4b043cfc694b7f092207f4fb6225,feat_001,IND_145,2020,5,0.00620347394540943,1,0.2,28141.2,28141.20,5628.24,false
ec7d897ea7e95594eac3b9e012d79f27,feat_001,IND_170,2018,5,0.006329113924050633,0,0.0,,0.00,0.0,false
384f329faf39e4acbe943e0863bb9e57,feat_001,IND_216,2020,5,0.00620347394540943,1,0.2,24302.04,24302.04,4860.408,false
20fa4bc463ec27dbbcbff6e7a6fbba46,feat_001,IND_014,2024,5,0.0029205607476635513,1,0.2,15415.17,15415.17,3083.034,false
b72eb048b310e3670678078481ac5122,feat_001,IND_115,2023,5,0.0020391517128874386,0,0.0,,0.00,0.0,false
4373fa73853dfd733a610acc89312094,feat_001,IND_231,2019,5,0.005399568034557235,0,0.0,,0.00,0.0,false
7a1b395d72e82bc63eed4d85595ae280,feat_001,IND_148,2025,5,0.0033944331296673455,2,0.4,8331.89,16663.78,3332.756,false
148a03c4c34ad6259d9372aca3065f74,feat_001,IND_001,2023,5,0.0020391517128874386,2,0.4,10250.475,20500.95,4100.1900000000005,false
2324ae80db681bbabaefb8739bec4a41,feat_001,IND_013,2018,5,0.006329113924050633,0,0.0,,0.00,0.0,false
45aa90b7416fbbcc0836eb678831e4a5,feat_001,IND_140,2020,5,0.00620347394540943,0,0.0,,0.00,0.0,false
bfc2e220a4f59294d29e4d456780ba5c,feat_001,IND_037,2025,5,0.0033944331296673455,0,0.0,,0.00,0.0,false
4bebb60c074f5e708308719d14120895,feat_001,IND_003,2023,5,0.0020391517128874386,4,0.8,38616.815,154467.26,30893.452,false
e2e0dba6dcece3d590f19903390fc9bb,feat_001,IND_151,2020,5,0.00620347394540943,0,0.0,,0.00,0.0,false
1f536c605e588c05036565c3ff52c69d,feat_001,IND_146,2019,5,0.005399568034557235,0,0.0,,0.00,0.0,false
7e8ace493f41fd939707e76fbd96e91c,feat_001,IND_184,2023,5,0.0020391517128874386,2,0.4,605.42,1210.84,242.16799999999998,false
6cbb74333c063040df01f9a594545bd0,feat_001,IND_212,2024,5,0.0029205607476635513,0,0.0,,0.00,0.0,false
0a0c0f5a97d813c0bd9b6c745b271213,feat_001,IND_030,2023,5,0.0020391517128874386,1,0.2,7870.32,7870.32,1574.0639999999999,false
0c1af57882d298e801822865b0590226,feat_001,IND_111,2019,5,0.005399568034557235,0,0.0,,0.00,0.0,false
0cfb1834ae4a48d7b86b16b89273b19a,feat_001,IND_090,2018,5,0.006329113924050633,0,0.0,,0.00,0.0,false
669ada40fe8862f266926aacc3c77198,feat_001,IND_231,2024,5,0.0029205607476635513,0,0.0,,0.00,0.0,false
827b67d9d6fa1a4f2b0a2e83d454489c,feat_001,IND_016,2022,5,0.002960331557134399,1,0.2,82079.75,82079.75,16415.95,false
9db61524b72be6c450e796ff892fe8f0,feat_001,IND_167,2018,5,0.006329113924050633,1,0.2,8223.81,8223.81,1644.762,false
54b44c0dc237342c1af817d7c83cb349,feat_001,IND_120,2025,5,0.0033944331296673455,4,0.8,45505.38,182021.52,36404.304,false
7edfe9537e3952986b2a4702a34d9a7d,feat_001,IND_187,2019,5,0.005399568034557235,0,0.0,,0.00,0.0,false
e9aa955d23b1adf1c200bdf6388defbd,feat_001,IND_062,2019,5,0.005399568034557235,0,0.0,,0.00,0.0,false
6d613f45bf9a4f3da766bbcf96a89bb3,feat_001,IND_231,2020,5,0.00620347394540943,1,0.2,5800.53,5800.53,1160.106,false
2106e3d0f923f67cfff9db2b5d04caa6,feat_001,IND_156,2025,5,0.0033944331296673455,2,0.4,38289.74,76579.48,15315.895999999999,false
d503172e12e37faa7e59a17c9d7a0718,feat_001,IND_069,2025,5,0.0033944331296673455,0,0.0,,0.00,0.0,false
9ebcf00e2442353d0943e2f27a4e5f29,feat_001,IND_126,2024,5,0.0029205607476635513,1,0.2,8685.19,8685.19,1737.038,false
9efe3090fc970d3366dbccc6c60b75d5,feat_001,IND_229,2019,5,0.005399568034557235,3,0.6,14799.753333333334,44399.26,8879.852,false
c8f2f97be8c85d65b81a608f8900d37d,feat_001,IND_175,2018,5,0.006329113924050633,0,0.0,,0.00,0.0,false
035bdba89f12396726fd216405bb5856,feat_001,IND_058,2019,5,0.005399568034557235,2,0.4,994.78,1989.56,397.912,false
abedda087d3f505a4e6e22702944ae02,feat_001,IND_015,2019,5,0.005399568034557235,1,0.2,16317.93,16317.93,3263.5860000000002,false
2a4ea84edcac5718b5815b39b1e2a715,feat_001,IND_111,2024,5,0.0029205607476635513,0,0.0,,0.00,0.0,false
b3f0280f2207acd090feb992c5cfb7eb,feat_001,IND_230,2025,5,0.0033944331296673455,0,0.0,,0.00,0.0,false
c11a24f38d7cfa89c5a85cba85903cd2,feat_001,IND_029,2019,5,0.005399568034557235,4,0.8,42004.92,168019.68,33603.936,false
fb12838d3ffbb4cd235066bc32abb20d,feat_001,IND_077,2024,5,0.0029205607476635513,2,0.4,39248.56,78497.12,15699.423999999999,false
91bca95e158025f88366656edf96d923,feat_001,IND_175,2023,5,0.0020391517128874386,2,0.4,3175.51,6351.02,1270.2040000000002,false
9d9e65c935be2de7e6d356326cb1afc5,feat_001,IND_077,2020,4,0.004962779156327543,0,0.0,,0.00,0.0,false
a48a8bb2377ba66f8ef4d00f9f02134c,feat_001,IND_083,2024,4,0.002336448598130841,0,0.0,,0.00,0.0,false
d7e2b1686387e11f57a68be799bb88de,feat_001,IND_114,2023,4,0.0016313213703099511,3,0.75,18077.0,54231.00,13557.75,false
605102550de3ad5ca6e39278eca7ee3e,feat_001,IND_178,2024,4,0.002336448598130841,0,0.0,,0.00,0.0,false
a62eb8885b282e1974a7b6db6f3acd23,feat_001,IND_096,2019,4,0.004319654427645789,2,0.5,21115.685,42231.37,10557.8425,false
da99cef54a93d0a8722a389c94b81778,feat_001,IND_161,2019,4,0.004319654427645789,2,0.5,12778.385,25556.77,6389.1925,false
169104299e683880860c5c0833bc97c4,feat_001,IND_213,2020,4,0.004962779156327543,0,0.0,,0.00,0.0,false
5a03e251aed3c87fe39ef26374738539,feat_001,IND_218,2020,4,0.004962779156327543,0,0.0,,0.00,0.0,false
ccfa3411bdf48d7655985ee4dd48c2bc,feat_001,IND_157,2018,4,0.005063291139240506,0,0.0,,0.00,0.0,false
bf134ee7d9e86522e58aa87ee09e53d0,feat_001,IND_140,2024,4,0.002336448598130841,1,0.25,17354.88,17354.88,4338.72,false
a244e0624a567a33efcc8a3c2bbe8575,feat_001,IND_084,2023,4,0.0016313213703099511,0,0.0,,0.00,0.0,false
ab1b4aabb55bc6f3ba05bd3424bef4ed,feat_001,IND_109,2023,4,0.0016313213703099511,0,0.0,,0.00,0.0,false
9ec1e797d5549bb064317e5e98214db5,feat_001,IND_217,2021,4,0.02631578947368421,0,0.0,,0.00,0.0,false
a5c76da50b54442def5e7c0fe9dab7c8,feat_001,IND_010,2025,4,0.0027155465037338763,4,1.0,18285.31,73141.24,18285.31,false
541d059ae60712e8766b7713d45bb753,feat_001,IND_175,2024,4,0.002336448598130841,0,0.0,,0.00,0.0,false
4c939ce2db6ac3b96af87460a70ca60a,feat_001,IND_106,2018,4,0.005063291139240506,0,0.0,,0.00,0.0,false
1faa362f4169d033e944abccd28aafa1,feat_001,IND_140,2022,4,0.002368265245707519,0,0.0,,0.00,0.0,false
39a780a0066d176889ac66348f8ea90c,feat_001,IND_005,2023,4,0.0016313213703099511,0,0.0,,0.00,0.0,false
f4f5b7c5b70e7af9d88f837d4d5ee9b4,feat_001,IND_130,2024,4,0.002336448598130841,2,0.5,10088.35,20176.70,5044.175,false
c42d66d3871d335a97ac16d659e78faf,feat_001,IND_216,2018,4,0.005063291139240506,2,0.5,1573.11,3146.22,786.555,false
ac104253c55319a85ea239a4137bb107,feat_001,IND_212,2020,4,0.004962779156327543,0,0.0,,0.00,0.0,false
57674e5b11aeb9ccd4d8734f56b41ef7,feat_001,IND_037,2023,4,0.0016313213703099511,4,1.0,29471.2175,117884.87,29471.2175,false
e425954bf8b7f1cea136c17b41c84019,feat_001,IND_104,2020,4,0.004962779156327543,0,0.0,,0.00,0.0,false
48d2e93380de97e4a01caaf87a68bf2a,feat_001,IND_229,2021,4,0.02631578947368421,1,0.25,17432.8,17432.80,4358.2,false
533b08d69ef25ab74b5fdc08df40db04,feat_001,IND_207,2024,4,0.002336448598130841,0,0.0,,0.00,0.0,false
1b98b05caab02a74120e29e4936b0bd6,feat_001,IND_198,2023,4,0.0016313213703099511,2,0.5,500.33,1000.66,250.165,false
65e8c1648023232703ac96ddb8db478c,feat_001,IND_025,2022,4,0.002368265245707519,0,0.0,,0.00,0.0,false
5d06d660cc38cc01a9bf9e580764cc16,feat_001,IND_146,2020,4,0.004962779156327543,0,0.0,,0.00,0.0,false
243c40a29254fdabf5e7e6fa295d138f,feat_001,IND_094,2023,4,0.0016313213703099511,2,0.5,27265.76,54531.52,13632.88,false
c08537e293174c8e7fe07981c14bb981,feat_001,IND_099,2023,4,0.0016313213703099511,1,0.25,7399.84,7399.84,1849.96,false
32584b98b35304541d3ee29b6a97542a,feat_001,IND_062,2025,4,0.0027155465037338763,0,0.0,,0.00,0.0,false
095f6b3ae6adac28eb90cc8ca9c56535,feat_001,IND_102,2021,4,0.02631578947368421,0,0.0,,0.00,0.0,false
e348e8e9294b9ca9ad4a82f6add62379,feat_001,IND_180,2020,4,0.004962779156327543,0,0.0,,0.00,0.0,false
a866872280466bad5b6fe158ceb5e194,feat_001,IND_055,2018,4,0.005063291139240506,0,0.0,,0.00,0.0,false
3499373ffa0764193b49cd421ce39e8d,feat_001,IND_090,2019,4,0.004319654427645789,0,0.0,,0.00,0.0,false
6b121a49c750f20cc4ef29c66e7f8c11,feat_001,IND_222,2025,4,0.0027155465037338763,0,0.0,,0.00,0.0,false
38e5f4224a4a7e833d4e61247abc2409,feat_001,IND_146,2025,4,0.0027155465037338763,2,0.5,9981.26,19962.52,4990.63,false
9bda1344ce6ba4b86221196bf41b206b,feat_001,IND_224,2023,4,0.0016313213703099511,0,0.0,,0.00,0.0,false
056951717456cc8d797789abdaa4d3dc,feat_001,IND_132,2025,4,0.0027155465037338763,1,0.25,158072.74,158072.74,39518.185,false
a113d86c135ee464e09472af7694f411,feat_001,IND_087,2025,4,0.0027155465037338763,0,0.0,,0.00,0.0,false
73e28bd3781a4b21469b442d6515c5e5,feat_001,IND_216,2019,4,0.004319654427645789,0,0.0,,0.00,0.0,false
41fd4c9f0850c144f2f3137c1b69af2b,feat_001,IND_205,2022,4,0.002368265245707519,2,0.5,21627.25,43254.50,10813.625,false
3d84ae77dd339d53bb6411a3271d8745,feat_001,IND_102,2023,4,0.0016313213703099511,3,0.75,18711.146666666667,56133.44,14033.36,false
992cb9f7ecf134d646e8ca303d83d674,feat_001,IND_038,2019,4,0.004319654427645789,1,0.25,14547.54,14547.54,3636.885,false
2928286835c8c45d356a18bcb98eba97,feat_001,IND_039,2022,4,0.002368265245707519,2,0.5,12090.99,24181.98,6045.495,false
141c373c2499a235d6fca230697a9e20,feat_001,IND_054,2021,4,0.02631578947368421,2,0.5,4996.67,9993.34,2498.335,false
c366b6af657900d088b9b3fbdda38628,feat_001,IND_103,2021,4,0.02631578947368421,2,0.5,19872.0,39744.00,9936.0,false
90679d870efcb20ca8ece4e00c16b480,feat_001,IND_042,2023,4,0.0016313213703099511,0,0.0,,0.00,0.0,false
368cb765bf8364760068781e0ed5d90e,feat_001,IND_096,2025,4,0.0027155465037338763,1,0.25,7180.49,7180.49,1795.1225,false
9de4b660de899a2ce775089f5242b2fb,feat_001,IND_038,2018,4,0.005063291139240506,0,0.0,,0.00,0.0,false
1b5bc66a594fd7ab8b3db520e50061f9,feat_001,IND_088,2022,4,0.002368265245707519,2,0.5,31521.04,63042.08,15760.52,false
1d5c1fd254a0330ec19319d37fa5e2c0,feat_001,IND_200,2023,4,0.0016313213703099511,0,0.0,,0.00,0.0,false
da69422e60cfd3ddc963c3f8a55cc7be,feat_001,IND_015,2025,4,0.0027155465037338763,0,0.0,,0.00,0.0,false
5b4f307063b7f49de809d9273d4843cc,feat_001,IND_090,2024,4,0.002336448598130841,2,0.5,45567.39,91134.78,22783.695,false
aedb67b1045204897d0c25972c87ce31,feat_001,IND_113,2022,4,0.002368265245707519,4,1.0,46920.36,187681.44,46920.36,false
15d80ae8faf1f494ce4705b68b1cf54e,feat_001,IND_007,2023,4,0.0016313213703099511,2,0.5,6194.73,12389.46,3097.365,false
7d1404e16dc4b73cb0aabea5f3c210e5,feat_001,IND_008,2025,4,0.0027155465037338763,1,0.25,40843.69,40843.69,10210.9225,false
db3efa2b52625719f3e9b76563466b84,feat_001,IND_094,2019,4,0.004319654427645789,0,0.0,,0.00,0.0,false
377a86e7494b56be0fb1a0eda6d3f4da,feat_001,IND_166,2023,4,0.0016313213703099511,0,0.0,,0.00,0.0,false
5ac9602c88a365ba1b3a77505c7adc9f,feat_001,IND_185,2020,4,0.004962779156327543,0,0.0,,0.00,0.0,false
2b0dd9e75663e1945e6d2a2639246976,feat_001,IND_225,2024,4,0.002336448598130841,3,0.75,26890.83,80672.49,20168.1225,false
45a23a288c0f096be8fd9aef238138db,feat_001,IND_117,2022,4,0.002368265245707519,0,0.0,,0.00,0.0,false
a177431f692ccdf507a3123403bacb29,feat_001,IND_178,2019,4,0.004319654427645789,0,0.0,,0.00,0.0,false
e36e00c3169107004e15b23748e76f11,feat_001,IND_103,2018,4,0.005063291139240506,0,0.0,,0.00,0.0,false
f9e2fadf44343162d4faa9d5cab13822,feat_001,IND_002,2022,4,0.002368265245707519,0,0.0,,0.00,0.0,false
6ea33abae0b5ee494e1922c63a8acdf7,feat_001,IND_068,2025,4,0.0027155465037338763,0,0.0,,0.00,0.0,false
3896fdc6bcd609a207704a34207c9f23,feat_001,IND_213,2019,4,0.004319654427645789,0,0.0,,0.00,0.0,false
c66f93094ffcbee105265fe987ad50d7,feat_001,IND_143,2023,4,0.0016313213703099511,0,0.0,,0.00,0.0,false
e52521872d2b04f7506a1b8dfe61b8ac,feat_001,IND_062,2020,4,0.004962779156327543,0,0.0,,0.00,0.0,false
311667ac04830edf9a705844623fca1a,feat_001,IND_035,2018,3,0.0037974683544303796,0,0.0,,0.00,0.0,false
b35bd09ede85f548131fc7a995bb5a52,feat_001,IND_129,2022,3,0.0017761989342806395,1,0.3333333333333333,12623.3,12623.30,4207.766666666666,false
fbcb96f1aa0a65c448eae566043927b9,feat_001,IND_027,2022,3,0.0017761989342806395,0,0.0,,0.00,0.0,false
8d949199708facd404822039ee104035,feat_001,IND_089,2024,3,0.0017523364485981308,0,0.0,,0.00,0.0,false
61b13673094496261bd104cf91dac709,feat_001,IND_014,2022,3,0.0017761989342806395,0,0.0,,0.00,0.0,false
4cc4d4ea21a2c79f475ff90e885056dc,feat_001,IND_129,2018,3,0.0037974683544303796,1,0.3333333333333333,48927.35,48927.35,16309.116666666667,false
b86608911dba68d3f8c4288d61423833,feat_001,IND_004,2025,3,0.002036659877800407,0,0.0,,0.00,0.0,false
dce08fc957d677f7c94773dfffef1c31,feat_001,IND_182,2022,3,0.0017761989342806395,0,0.0,,0.00,0.0,false
1ddc4c444ae1fffab082cf30fd4e481f,feat_001,IND_024,2022,3,0.0017761989342806395,0,0.0,,0.00,0.0,false
58c0542d64c715f06f2ac07f31cf3046,feat_001,IND_106,2025,3,0.002036659877800407,1,0.3333333333333333,28243.32,28243.32,9414.44,false
f5905f24884d1004a5b0297e24e18bd5,feat_001,IND_100,2020,3,0.0037220843672456576,0,0.0,,0.00,0.0,false
6d98ccb1cd1303a8eca29efe5036790c,feat_001,IND_024,2023,3,0.0012234910277324632,0,0.0,,0.00,0.0,false
2d8dfc1c1e1c09791eaa80228d33c873,feat_001,IND_199,2018,3,0.0037974683544303796,2,0.6666666666666666,1450.67,2901.34,967.1133333333333,false
0bdb44eb2d9efb2ffd550c86662a1869,feat_001,IND_206,2024,3,0.0017523364485981308,1,0.3333333333333333,11420.68,11420.68,3806.8933333333334,false
56d348487ce557c3c1d3afa28e130e4f,feat_001,IND_069,2024,3,0.0017523364485981308,0,0.0,,0.00,0.0,false
db92906ac86de123dc66ebe5e11adf3d,feat_001,IND_045,2022,3,0.0017761989342806395,1,0.3333333333333333,11695.81,11695.81,3898.603333333333,false
2250208cf5ab7facbca513f84f3100b6,feat_001,IND_060,2025,3,0.002036659877800407,0,0.0,,0.00,0.0,false
72ea6735b438d072cc72b9b72a872651,feat_001,IND_217,2024,3,0.0017523364485981308,2,0.6666666666666666,9161.03,18322.06,6107.3533333333335,false
44cb96a46b9c39b6e6e8be6474711f58,feat_001,IND_220,2020,3,0.0037220843672456576,3,1.0,240845.64,722536.92,240845.64,false
faede3ce4d0f94d4014311cac88e6d87,feat_001,IND_025,2018,3,0.0037974683544303796,0,0.0,,0.00,0.0,false
5f48b7e1f99a618f852d7b39e1b03e9b,feat_001,IND_208,2020,3,0.0037220843672456576,0,0.0,,0.00,0.0,false
5b74d72331d5559698a6b32c3c4866c5,feat_001,IND_197,2019,3,0.0032397408207343412,0,0.0,,0.00,0.0,false
1ad1f56458c997d89262a8710b1144e6,feat_001,IND_212,2019,3,0.0032397408207343412,0,0.0,,0.00,0.0,false
39737a07125cbb5e301c9eb5ee3ca255,feat_001,IND_146,2023,3,0.0012234910277324632,3,1.0,10718.683333333332,32156.05,10718.683333333332,false
e92b7bb4c9dc44455191084f94237974,feat_001,IND_100,2025,3,0.002036659877800407,0,0.0,,0.00,0.0,false
16d6a9420f6d8716f04abd67a2f206a3,feat_001,IND_071,2022,3,0.0017761989342806395,0,0.0,,0.00,0.0,false
39faf49b996c7fd1933a47cb77d10ecc,feat_001,IND_029,2024,3,0.0017523364485981308,0,0.0,,0.00,0.0,false
9732d59af55538a7b23195604d49d2b3,feat_001,IND_118,2022,3,0.0017761989342806395,0,0.0,,0.00,0.0,false
252b07ad1646d05c54a36620e90b9df3,feat_001,IND_040,2025,3,0.002036659877800407,0,0.0,,0.00,0.0,false
2e4130157ef703e23501045035bae9a0,feat_001,IND_166,2022,3,0.0017761989342806395,2,0.6666666666666666,68275.59,136551.18,45517.06,false
bbbb46c3532685ec0bf0e58fa1cdac8d,feat_001,IND_090,2023,3,0.0012234910277324632,0,0.0,,0.00,0.0,false
860ec7e144f0f7e43e41049f5e1d93ee,feat_001,IND_014,2019,3,0.0032397408207343412,1,0.3333333333333333,67911.0,67911.00,22637.0,false
75e571961d4d8243ea2c09ef6596e507,feat_001,IND_052,2020,3,0.0037220843672456576,0,0.0,,0.00,0.0,false
f46ae934cf8bc7ae43f2b2b6c622064b,feat_001,IND_120,2022,3,0.0017761989342806395,1,0.3333333333333333,53817.13,53817.13,17939.04333333333,false
6f48d31e0d0cdccc7676570355380606,feat_001,IND_105,2022,3,0.0017761989342806395,1,0.3333333333333333,11194.93,11194.93,3731.6433333333334,false
3a959455544aad521133c8b3a8b37992,feat_001,IND_213,2024,3,0.0017523364485981308,0,0.0,,0.00,0.0,false
9311191ba4253a37a58ce439484f3d44,feat_001,IND_046,2020,3,0.0037220843672456576,0,0.0,,0.00,0.0,false
2c7589e95bb31d4d7fe1409f0035d052,feat_001,IND_153,2024,3,0.0017523364485981308,0,0.0,,0.00,0.0,false
f4104b4df2053dcc08926c5311006962,feat_001,IND_214,2023,3,0.0012234910277324632,0,0.0,,0.00,0.0,false
bfc5d289b684929e094df715030375c1,feat_001,IND_131,2023,3,0.0012234910277324632,0,0.0,,0.00,0.0,false
5d5ac562677d53df70bc015a486608e7,feat_001,IND_147,2018,3,0.0037974683544303796,0,0.0,,0.00,0.0,false
5f674a2fd024e2dd56f2b02316cf0391,feat_001,IND_003,2018,3,0.0037974683544303796,0,0.0,,0.00,0.0,false
293adb369157b6e46ef2f495eaa8174f,feat_001,IND_119,2024,3,0.0017523364485981308,0,0.0,,0.00,0.0,false
ef6f88820bfd0f0e816fecb24d2ee36d,feat_001,IND_187,2021,3,0.019736842105263157,0,0.0,,0.00,0.0,false
9ba4d999f5198c39c5b097592230c7a2,feat_001,IND_139,2020,3,0.0037220843672456576,0,0.0,,0.00,0.0,false
882a793f9cb38710a56a1349b62dff4d,feat_001,IND_013,2022,3,0.0017761989342806395,2,0.6666666666666666,338.38,676.76,225.58666666666667,false
b56e3eb37144399c33cdf47531d4facd,feat_001,IND_229,2024,3,0.0017523364485981308,2,0.6666666666666666,29460.63,58921.26,19640.420000000002,false
0d2c81d8f8906f9852e571f86db3a7b4,feat_001,IND_051,2023,3,0.0012234910277324632,0,0.0,,0.00,0.0,false
fb441a6af639c809ebdb21ee2453d5d9,feat_001,IND_130,2023,3,0.0012234910277324632,0,0.0,,0.00,0.0,false
9bec7b530717a2980857f758a86cce02,feat_001,IND_094,2020,3,0.0037220843672456576,0,0.0,,0.00,0.0,false
00c773d26adaa71cfc5e12b9dbc86519,feat_001,IND_206,2020,3,0.0037220843672456576,0,0.0,,0.00,0.0,false
30ad688c09cdac413a02ffe7708012ef,feat_001,IND_201,2024,3,0.0017523364485981308,1,0.3333333333333333,102333.44,102333.44,34111.14666666667,false
33292c9b1f3f4b9cdbdfd393d401b70d,feat_001,IND_069,2023,3,0.0012234910277324632,0,0.0,,0.00,0.0,false
7c4b578d6beac44d662cfeef4b350d83,feat_001,IND_199,2020,3,0.0037220843672456576,0,0.0,,0.00,0.0,false
2381d0b12e382da56dd76b066abee5cc,feat_001,IND_096,2023,3,0.0012234910277324632,0,0.0,,0.00,0.0,false
728830028d8804768d873210e86d3435,feat_001,IND_165,2021,3,0.019736842105263157,2,0.6666666666666666,1340.57,2681.14,893.7133333333333,false
a2392f83da8f4e427d9b94a4d0ea212a,feat_001,IND_116,2024,3,0.0017523364485981308,0,0.0,,0.00,0.0,false
6349510416c10bcf896f60d4b4ca4a49,feat_001,IND_170,2019,3,0.0032397408207343412,1,0.3333333333333333,44204.49,44204.49,14734.83,false
2764903c786ef7b4c9339a2304da57df,feat_001,IND_212,2018,3,0.0037974683544303796,0,0.0,,0.00,0.0,false
fb9444dfc6b6ef17a0c0da3ce10d254a,feat_001,IND_096,2022,3,0.0017761989342806395,1,0.3333333333333333,1410.67,1410.67,470.22333333333336,false
a4e9130e059ca99fcac9db7e535bc150,feat_001,IND_005,2018,3,0.0037974683544303796,2,0.6666666666666666,9581.34,19162.68,6387.56,false
d7a7066f07c9a5739fa79fdf2da91d15,feat_001,IND_163,2020,3,0.0037220843672456576,0,0.0,,0.00,0.0,false
316062bea1065db9cca9d2c2fc8fec0d,feat_001,IND_121,2023,3,0.0012234910277324632,0,0.0,,0.00,0.0,false
5842ef17b766e37790861c95cbd74fae,feat_001,IND_104,2025,3,0.002036659877800407,0,0.0,,0.00,0.0,false
38fde1375c0ee79afcbe49e4146ad92d,feat_001,IND_025,2020,3,0.0037220843672456576,1,0.3333333333333333,4494.11,4494.11,1498.0366666666666,false
e2890f6658a776b79b397d3651a14081,feat_001,IND_128,2025,3,0.002036659877800407,1,0.3333333333333333,16758.22,16758.22,5586.073333333334,false
ec26c6cc38a22c5902ebc6ff099d0a88,feat_001,IND_046,2023,3,0.0012234910277324632,2,0.6666666666666666,32656.745,65313.49,21771.163333333334,false
50525f0f7d825e8d27d1a8b16b8c136a,feat_001,IND_198,2021,3,0.019736842105263157,0,0.0,,0.00,0.0,false
aee921eaa139fbae93b60faba0274776,feat_001,IND_196,2019,3,0.0032397408207343412,0,0.0,,0.00,0.0,false
1ea2ef602f7203911aa72fbf584f17ee,feat_001,IND_213,2018,3,0.0037974683544303796,1,0.3333333333333333,32418.32,32418.32,10806.106666666667,false
fb0d2f4fb000fa66bfbefb0bf98e86a7,feat_001,IND_162,2020,3,0.0037220843672456576,0,0.0,,0.00,0.0,false
012ce1abf6e5acbf33820c5ffacec728,feat_001,IND_037,2022,3,0.0017761989342806395,0,0.0,,0.00,0.0,false
ec29875c9e76def13156568e1df46614,feat_001,IND_109,2025,3,0.002036659877800407,3,1.0,33336.26,100008.78,33336.26,false
ce47f02e65ee00f0be0235ae8a04ddab,feat_001,IND_052,2024,3,0.0017523364485981308,0,0.0,,0.00,0.0,false
1e72ff81d2b9514ebebad22827e11ed8,feat_001,IND_069,2020,3,0.0037220843672456576,0,0.0,,0.00,0.0,false
0bbf8448cfdc2700a1761ce9d6e147e0,feat_001,IND_014,2020,3,0.0037220843672456576,1,0.3333333333333333,4386.49,4386.49,1462.1633333333332,false
809af1fb2d16a2e176049cc685c87fba,feat_001,IND_009,2018,3,0.0037974683544303796,0,0.0,,0.00,0.0,false
ec1be156688edbafca3f15b2906642a5,feat_001,IND_058,2020,3,0.0037220843672456576,0,0.0,,0.00,0.0,false
237be4946581d7b949424f3d63822dde,feat_001,IND_045,2024,3,0.0017523364485981308,0,0.0,,0.00,0.0,false
3c390b11bbe7e638e847412409b3e1cd,feat_001,IND_219,2023,3,0.0012234910277324632,1,0.3333333333333333,2093.37,2093.37,697.79,false
0a6cc71ca145cc35cd807e83b819b808,feat_001,IND_127,2019,3,0.0032397408207343412,0,0.0,,0.00,0.0,false
39bec5c7d066d19d94e1ea5d26beb65f,feat_001,IND_039,2019,3,0.0032397408207343412,2,0.6666666666666666,64763.73,129527.46,43175.82,false
d1adf50bb0d233618a97c5b3ffbacfd7,feat_001,IND_104,2022,3,0.0017761989342806395,0,0.0,,0.00,0.0,false
7410416535dca9636fe5cb55736d1c2e,feat_001,IND_111,2021,3,0.019736842105263157,0,0.0,,0.00,0.0,false
f81295226c455bb20b9a57b015462681,feat_001,IND_007,2025,3,0.002036659877800407,0,0.0,,0.00,0.0,false
b92e4122a341d433f816c2ba255ecbd2,feat_001,IND_115,2024,3,0.0017523364485981308,0,0.0,,0.00,0.0,false
0d3f4bb1b7a8319223254cbbf973994a,feat_001,IND_032,2024,3,0.0017523364485981308,0,0.0,,0.00,0.0,false
79f60530b2bd807d6a57f0d31a1eeaef,feat_001,IND_068,2022,3,0.0017761989342806395,0,0.0,,0.00,0.0,false
4bc15e85a6490dbe86f62ef749b11886,feat_001,IND_039,2024,3,0.0017523364485981308,1,0.3333333333333333,202644.83,202644.83,67548.27666666666,false
3e7677416cb95518611248074757aae2,feat_001,IND_152,2024,3,0.0017523364485981308,0,0.0,,0.00,0.0,false
f8d2326e4ae1a852f4d16960f00ad0ea,feat_001,IND_016,2023,3,0.0012234910277324632,0,0.0,,0.00,0.0,false
007209151f33a500d51d0b00c3b8d3d7,feat_001,IND_122,2025,3,0.002036659877800407,3,1.0,19062.083333333332,57186.25,19062.083333333332,false
f0442863bf597321c3dffd0220a45d83,feat_001,IND_222,2024,3,0.0017523364485981308,2,0.6666666666666666,56411.55,112823.10,37607.700000000004,false
3cf1ba81350e9266775203a7338d901e,feat_001,IND_198,2019,3,0.0032397408207343412,1,0.3333333333333333,28144.77,28144.77,9381.59,false
e68da4c996d7d3c6c92c3da98eaad90d,feat_001,IND_194,2020,3,0.0037220843672456576,1,0.3333333333333333,119416.0,119416.00,39805.333333333336,false
4f020645eb3878c3a26537944206757b,feat_001,IND_212,2025,3,0.002036659877800407,0,0.0,,0.00,0.0,false
24a4bd2f02a0c8a1767589ed0e8699bd,feat_001,IND_138,2025,3,0.002036659877800407,2,0.6666666666666666,37317.68,74635.36,24878.453333333335,false
8589b42471afef858492b2ea5ff1be81,feat_001,IND_158,2023,3,0.0012234910277324632,1,0.3333333333333333,1930.73,1930.73,643.5766666666667,false
a9df38af174d93dcaba2613d1cd2a220,feat_001,IND_127,2023,3,0.0012234910277324632,1,0.3333333333333333,20511.4,20511.40,6837.133333333334,false
1ebd41a796570fbea065195538772395,feat_001,IND_029,2018,3,0.0037974683544303796,1,0.3333333333333333,38011.09,38011.09,12670.363333333333,false
37773f90f77732cef6461c532292c4c4,feat_001,IND_018,2021,3,0.019736842105263157,0,0.0,,0.00,0.0,false
8c284eea70666e3ec91d91783a17f126,feat_001,IND_232,2021,3,0.019736842105263157,0,0.0,,0.00,0.0,false
bb416dce3e994aa43ea679966680c8e3,feat_001,IND_222,2023,3,0.0012234910277324632,0,0.0,,0.00,0.0,false
7d87b886686857e83832a33a79fbc917,feat_001,IND_055,2025,3,0.002036659877800407,0,0.0,,0.00,0.0,false
059a7659a198c0a832a034b77b3ea0a2,feat_001,IND_216,2024,3,0.0017523364485981308,0,0.0,,0.00,0.0,false
4cbadf10c46c2e5de8e75ec1bb244876,feat_001,IND_223,2025,3,0.002036659877800407,0,0.0,,0.00,0.0,false
874267c595b877c86d2fe8dfbe1f7566,feat_001,IND_149,2019,2,0.0021598272138228943,0,0.0,,0.00,0.0,false
4f9df9cd1725dde6f47afd9bdb823e1d,feat_001,IND_157,2023,2,0.0008156606851549756,0,0.0,,0.00,0.0,false
bfc8a2b6b3fd34d34fb33a423320ffc8,feat_001,IND_037,2024,2,0.0011682242990654205,1,0.5,78076.33,78076.33,39038.165,false
d249d65130ed93132a637a1b330451a2,feat_001,IND_184,2020,2,0.0024813895781637717,2,1.0,58222.13,116444.26,58222.13,false
f83db7b58ba0b4d12fef5dbd3dbd6b4c,feat_001,IND_196,2022,2,0.0011841326228537595,0,0.0,,0.00,0.0,false
285c691b1b9c393cd308da29fa7fa2fa,feat_001,IND_221,2018,2,0.002531645569620253,0,0.0,,0.00,0.0,false
df95356490342d49fe3e3f42a383f985,feat_001,IND_055,2020,2,0.0024813895781637717,1,0.5,30116.48,30116.48,15058.24,false
09151ea487cc2b59b4e81490cc10c3e2,feat_001,IND_015,2024,2,0.0011682242990654205,1,0.5,1862.48,1862.48,931.24,false
09566fa98b42670b43dc3c0a57be0b4a,feat_001,IND_153,2025,2,0.0013577732518669382,0,0.0,,0.00,0.0,false
503aa71f38ad30ef528e6ee9f6cb929a,feat_001,IND_110,2022,2,0.0011841326228537595,0,0.0,,0.00,0.0,false
63a5466772534f87e74df00be98d955e,feat_001,IND_061,2018,2,0.002531645569620253,0,0.0,,0.00,0.0,false
07520774e8345578773b81e3f34f0643,feat_001,IND_175,2022,2,0.0011841326228537595,1,0.5,37199.78,37199.78,18599.89,false
564a06368ed0b79c18ef3e6ec3032e87,feat_001,IND_005,2022,2,0.0011841326228537595,0,0.0,,0.00,0.0,false
7276e5e5308087dcc841a54a32b60ef7,feat_001,IND_146,2024,2,0.0011682242990654205,0,0.0,,0.00,0.0,false
0aa74d33c8ace934ee3f7a49fbe0ff37,feat_001,IND_053,2024,2,0.0011682242990654205,0,0.0,,0.00,0.0,false
62a36e8e121ea7cf1f8131ed10be701a,feat_001,IND_223,2020,2,0.0024813895781637717,2,1.0,7492.13,14984.26,7492.13,false
6f7086c02546a0088376b19639c4096d,feat_001,IND_059,2022,2,0.0011841326228537595,0,0.0,,0.00,0.0,false
ba35d4a191b50a2948e050fbe690c294,feat_001,IND_034,2019,2,0.0021598272138228943,0,0.0,,0.00,0.0,false
bb015a8e5300fdc7f655cf890dcfcaea,feat_001,IND_197,2020,2,0.0024813895781637717,0,0.0,,0.00,0.0,false
9230ae63ffd74a096f531afe90718c21,feat_001,IND_059,2023,2,0.0008156606851549756,0,0.0,,0.00,0.0,false
d21aa96a65a4019f57a8afe1a91fd6f2,feat_001,IND_181,2024,2,0.0011682242990654205,0,0.0,,0.00,0.0,false
4f3682a932bb12c78a042032b4da22ab,feat_001,IND_184,2024,2,0.0011682242990654205,0,0.0,,0.00,0.0,false
94b9ba5d3f1f29e8a46a38fb09e95969,feat_001,IND_201,2021,2,0.013157894736842105,0,0.0,,0.00,0.0,false
b95c86fd889e90707297a605dcb3d3fc,feat_001,IND_166,2024,2,0.0011682242990654205,1,0.5,48371.26,48371.26,24185.63,false
10a3e55a290ab9b15365f8bd683a5f44,feat_001,IND_108,2020,2,0.0024813895781637717,0,0.0,,0.00,0.0,false
090d61b21a71bfa6f54d108277c46554,feat_001,IND_024,2025,2,0.0013577732518669382,0,0.0,,0.00,0.0,false
4bfde61f5f2f2c222914b3f1db0fd069,feat_001,IND_211,2018,2,0.002531645569620253,0,0.0,,0.00,0.0,false
2a6659326648354b3514f8428855f107,feat_001,IND_196,2025,2,0.0013577732518669382,0,0.0,,0.00,0.0,false
7b6470c0e60470aec319468a40fd0446,feat_001,IND_133,2018,2,0.002531645569620253,0,0.0,,0.00,0.0,false
455f5054a1f570e77ec6cf96fb555e69,feat_001,IND_011,2023,2,0.0008156606851549756,2,1.0,22503.46,45006.92,22503.46,false
7aaaa1ce073055e10c3693524c3db4f2,feat_001,IND_175,2025,2,0.0013577732518669382,1,0.5,93478.99,93478.99,46739.495,false
57e88d992b9c18fcddbfeac78129cf3e,feat_001,IND_180,2019,2,0.0021598272138228943,0,0.0,,0.00,0.0,false
a15e96c26f3fb933edf4bda5d7f2a76d,feat_001,IND_086,2024,2,0.0011682242990654205,2,1.0,160072.64,320145.28,160072.64,false
4831d3c9c9ee7c10cdc111b8b56223a8,feat_001,IND_052,2019,2,0.0021598272138228943,2,1.0,40058.11,80116.22,40058.11,false
bc7dcb6c31853783092626159a17fea9,feat_001,IND_061,2023,2,0.0008156606851549756,0,0.0,,0.00,0.0,false
6b529da6450096e796bc8c8a98e2df37,feat_001,IND_094,2018,2,0.002531645569620253,0,0.0,,0.00,0.0,false
615009b0211dda2845564a5798774ba8,feat_001,IND_052,2025,2,0.0013577732518669382,0,0.0,,0.00,0.0,false
e71625fcffb2398ac4f4d11838fd028f,feat_001,IND_099,2024,2,0.0011682242990654205,0,0.0,,0.00,0.0,false
3fc2b6287dfefd43c6cefc4116e2f351,feat_001,IND_002,2024,2,0.0011682242990654205,0,0.0,,0.00,0.0,false
5fb041a52dd8dc6278d81995e6163ee3,feat_001,IND_128,2022,2,0.0011841326228537595,0,0.0,,0.00,0.0,false
5722981d096484105101bee5758dde6b,feat_001,IND_205,2023,2,0.0008156606851549756,0,0.0,,0.00,0.0,false
2d68fc70c631a6c73663f03e988034ae,feat_001,IND_132,2019,2,0.0021598272138228943,0,0.0,,0.00,0.0,false
43729955868037b56a0acca74fcf484d,feat_001,IND_175,2019,2,0.0021598272138228943,2,1.0,3820.06,7640.12,3820.06,false
7c67ffd0643d93850d9bb8ed5321d4fd,feat_001,IND_149,2024,2,0.0011682242990654205,1,0.5,12205.53,12205.53,6102.765,false
0526dd5d22b36bb2624066aa83174b8a,feat_001,IND_003,2022,2,0.0011841326228537595,0,0.0,,0.00,0.0,false
42a80f8df49f445257af90eb2ec4352e,feat_001,IND_057,2024,2,0.0011682242990654205,0,0.0,,0.00,0.0,false
9b047999fac0232818cee9adba57d877,feat_001,IND_084,2025,2,0.0013577732518669382,0,0.0,,0.00,0.0,false
4858a1a8a892fa5dfe99a759fe3450f3,feat_001,IND_186,2020,2,0.0024813895781637717,0,0.0,,0.00,0.0,false
6a2b2668a6fcaba35ff97f6f63de29b0,feat_001,IND_111,2025,2,0.0013577732518669382,0,0.0,,0.00,0.0,false
d5ab2b413332d5d030253111927b7e56,feat_001,IND_001,2025,2,0.0013577732518669382,0,0.0,,0.00,0.0,false
c394b20c6a17e5613a2de9bbd45bcc86,feat_001,IND_147,2019,2,0.0021598272138228943,0,0.0,,0.00,0.0,false
7d2405f5d353e48341e88460e35ba4ea,feat_001,IND_179,2018,2,0.002531645569620253,0,0.0,,0.00,0.0,false
2cc43c07d42a9e035dc6520eafcaa390,feat_001,IND_203,2018,2,0.002531645569620253,2,1.0,43567.67,87135.34,43567.67,false
7c94f462fd0e5ace4901e6bf53c580d0,feat_001,IND_036,2023,2,0.0008156606851549756,2,1.0,30176.0,60352.00,30176.0,false
389bc3823f07054a4f16deaae5202d10,feat_001,IND_057,2025,2,0.0013577732518669382,0,0.0,,0.00,0.0,false
ee8e3336ad7bcbdfa6358a2dc7696363,feat_001,IND_198,2025,2,0.0013577732518669382,0,0.0,,0.00,0.0,false
684d54047b3cd45ddfff79005d03709b,feat_001,IND_056,2025,2,0.0013577732518669382,2,1.0,0.0,0.00,0.0,false
e4bdcf3d80c41f79bc9179275504e660,feat_001,IND_034,2020,2,0.0024813895781637717,0,0.0,,0.00,0.0,false
3c773bee9cbdd7a4c274aaf6868b1d4e,feat_001,IND_062,2018,2,0.002531645569620253,0,0.0,,0.00,0.0,false
89ae6edaadaeac4e2d8f372ebbbef17d,feat_001,IND_187,2020,2,0.0024813895781637717,0,0.0,,0.00,0.0,false
2de1f9134aa3b7b9f63672ae3b4df0e8,feat_001,IND_037,2018,2,0.002531645569620253,0,0.0,,0.00,0.0,false
d0ec7b3e1ce75b77fb9b6fd327595a6c,feat_001,IND_138,2019,2,0.0021598272138228943,0,0.0,,0.00,0.0,false
508768d0c0cb5c16078f0232b7bcd8fe,feat_001,IND_157,2020,2,0.0024813895781637717,0,0.0,,0.00,0.0,false
3b0d524f898ccf0ae851b587e53ec0ec,feat_001,IND_094,2025,2,0.0013577732518669382,1,0.5,68660.65,68660.65,34330.325,false
90465cf0b5b17fb650b18a85e1c3fc11,feat_001,IND_115,2018,2,0.002531645569620253,0,0.0,,0.00,0.0,false
3a90198dc630430519e59656af8bdec3,feat_001,IND_182,2025,2,0.0013577732518669382,0,0.0,,0.00,0.0,false
b1cd2031eb332ecb2fee9c26b13e2a67,feat_001,IND_069,2022,2,0.0011841326228537595,0,0.0,,0.00,0.0,false
4a117617982eb014ef622a2cc9e309ea,feat_001,IND_155,2023,2,0.0008156606851549756,0,0.0,,0.00,0.0,false
81d26a2a5a5b851d3ae210b39c66d627,feat_001,IND_114,2024,2,0.0011682242990654205,0,0.0,,0.00,0.0,false
216a1a514077b323eb80d1c6617f2f4c,feat_001,IND_143,2025,2,0.0013577732518669382,0,0.0,,0.00,0.0,false
f03cd73355b87b2126e16a1a12b24699,feat_001,IND_013,2023,2,0.0008156606851549756,2,1.0,32352.65,64705.30,32352.65,false
13e56e1fe5bcc22174f7bd76b871227a,feat_001,IND_223,2019,2,0.0021598272138228943,0,0.0,,0.00,0.0,false
2be93a481ad8efa928e9c505f1868160,feat_001,IND_179,2019,2,0.0021598272138228943,0,0.0,,0.00,0.0,false
416a6327624041ae541cf697d877fd6a,feat_001,IND_202,2020,2,0.0024813895781637717,0,0.0,,0.00,0.0,false
a9a788231672bcdcd98fe406aa7b0114,feat_001,IND_222,2018,2,0.002531645569620253,0,0.0,,0.00,0.0,false
732437837bda9e5645d9bc50e1a94b92,feat_001,IND_096,2024,2,0.0011682242990654205,0,0.0,,0.00,0.0,false
47af7836637ee66f371db333807a4743,feat_001,IND_209,2018,2,0.002531645569620253,0,0.0,,0.00,0.0,false
f081e8724af862a91b9fbcac68493b99,feat_001,IND_102,2025,2,0.0013577732518669382,1,0.5,15825.66,15825.66,7912.83,false
db1cbee34da1de177e615e2d1c31e29d,feat_001,IND_222,2022,2,0.0011841326228537595,2,1.0,25648.77,51297.54,25648.77,false
01afb6a813f961bdd22154cae84a0708,feat_001,IND_050,2020,2,0.0024813895781637717,0,0.0,,0.00,0.0,false
fc2fac1100fafc9158a54c2260957249,feat_001,IND_098,2020,2,0.0024813895781637717,1,0.5,2409.24,2409.24,1204.62,false
161b81373c3cb5ebf1de5f069514e11b,feat_001,IND_209,2022,2,0.0011841326228537595,0,0.0,,0.00,0.0,false
c2746f8114ed8b6b910e7da2c226fe72,feat_001,IND_222,2019,2,0.0021598272138228943,2,1.0,58694.14,117388.28,58694.14,false
0abfb24899a43bb0cbd22fcdc1828f09,feat_001,IND_209,2019,2,0.0021598272138228943,0,0.0,,0.00,0.0,false
61d9d5463463682fcac56fba397fc353,feat_001,IND_193,2022,2,0.0011841326228537595,0,0.0,,0.00,0.0,false
0bc9dd87bc674ca488130e32dc58e0d3,feat_001,IND_102,2022,2,0.0011841326228537595,1,0.5,87251.51,87251.51,43625.755,false
162d2b50927456b88f9297465e3dac81,feat_001,IND_084,2022,2,0.0011841326228537595,0,0.0,,0.00,0.0,false
5acea320feb052a1af43a37ce5599ce3,feat_001,IND_159,2024,2,0.0011682242990654205,0,0.0,,0.00,0.0,false
0d3432556c105585740cd2d295678f9d,feat_001,IND_132,2022,2,0.0011841326228537595,1,0.5,23999.97,23999.97,11999.985,false
07b5817cf4b013fd08b720cdf5d18c22,feat_001,IND_001,2018,2,0.002531645569620253,0,0.0,,0.00,0.0,false
c9428c15fce8d0c0cd00c83623d6480e,feat_001,IND_044,2023,2,0.0008156606851549756,0,0.0,,0.00,0.0,false
c8179d3291989d57303f84a06aa9acb8,feat_001,IND_109,2018,2,0.002531645569620253,0,0.0,,0.00,0.0,false
6ef8616201136c7d943a8077d7f6a737,feat_001,IND_230,2020,2,0.0024813895781637717,2,1.0,157397.59,314795.18,157397.59,false
9fd933aa0c0ed8a7bc04f3303b6eca71,feat_001,IND_148,2024,2,0.0011682242990654205,0,0.0,,0.00,0.0,false
632e9ea61dac880682a8611361eaae55,feat_001,IND_110,2023,2,0.0008156606851549756,0,0.0,,0.00,0.0,false
474adfd0c7e831e13f75eac60a036eba,feat_001,IND_042,2024,2,0.0011682242990654205,0,0.0,,0.00,0.0,false
da1782308dd046c9cc7b821796aaaf7b,feat_001,IND_060,2020,2,0.0024813895781637717,2,1.0,7273.24,14546.48,7273.24,false
7e27e8c1fac5c6412faaecfee7bc15e6,feat_001,IND_061,2024,2,0.0011682242990654205,0,0.0,,0.00,0.0,false
4cb109dcd75dc9586f1752fea425de35,feat_001,IND_063,2022,2,0.0011841326228537595,0,0.0,,0.00,0.0,false
91dab5d7fe830f919165a1c5f4f4dfe9,feat_001,IND_082,2024,2,0.0011682242990654205,0,0.0,,0.00,0.0,false
10a57af2349e2020f00ec758f51cff29,feat_001,IND_130,2022,2,0.0011841326228537595,1,0.5,25993.07,25993.07,12996.535,false
e94dc963c9e72b62a030d416a48ac080,feat_001,IND_076,2018,2,0.002531645569620253,2,1.0,3134.72,6269.44,3134.72,false
33721fee24e006690c12f3da99a07c35,feat_001,IND_210,2024,2,0.0011682242990654205,2,1.0,14779.14,29558.28,14779.14,false
67abf60692b09b09b52f9c721283d175,feat_001,IND_070,2024,2,0.0011682242990654205,2,1.0,25985.4,51970.80,25985.4,false
3f0870bc9fe7692cf9c414f42c2c4127,feat_001,IND_100,2024,2,0.0011682242990654205,0,0.0,,0.00,0.0,false
ddad19ab78337199cc4a49fcd56ad79f,feat_001,IND_068,2020,2,0.0024813895781637717,2,1.0,145.89,291.78,145.89,false
41e6bee67eb9121874ef467e16331657,feat_001,IND_010,2023,2,0.0008156606851549756,2,1.0,17529.79,35059.58,17529.79,false
738fed70ffcbf171d903122304e2be57,feat_001,IND_037,2019,2,0.0021598272138228943,2,1.0,80999.39,161998.78,80999.39,false
90dffdb0bbe2f5c6190f4e606de9b4d5,feat_001,IND_123,2024,2,0.0011682242990654205,2,1.0,12374.35,24748.70,12374.35,false
635844918e42d3ef0740172abb9593bb,feat_001,IND_104,2018,2,0.002531645569620253,2,1.0,10158.46,20316.92,10158.46,false
62c4829de26248dce3cafc630f2c80d2,feat_001,IND_121,2018,2,0.002531645569620253,0,0.0,,0.00,0.0,false
fa70e750e2f978b7dbaf7bac9c8b00b5,feat_001,IND_104,2023,2,0.0008156606851549756,0,0.0,,0.00,0.0,false
11ded482254edc20c5d2691d4ff0ac64,feat_001,IND_040,2020,2,0.0024813895781637717,0,0.0,,0.00,0.0,false
721a3f7c61a76c9dd2094eefec9e4dd1,feat_001,IND_135,2018,2,0.002531645569620253,0,0.0,,0.00,0.0,false
170b074a6bed05e14b9c4ad3dd407c4a,feat_001,IND_022,2018,2,0.002531645569620253,0,0.0,,0.00,0.0,false
d9f6175992a86507e980aa2d8816bdae,feat_001,IND_160,2020,2,0.0024813895781637717,0,0.0,,0.00,0.0,false
16bf4b3f0fa937a27045fbed91746fb9,feat_001,IND_096,2018,2,0.002531645569620253,1,0.5,5331.36,5331.36,2665.68,false
63385db508b14475368105fff0b66ba0,feat_001,IND_121,2024,2,0.0011682242990654205,0,0.0,,0.00,0.0,false
ff9c22482eb5a1480a3b0b1c1383e5fb,feat_001,IND_126,2023,2,0.0008156606851549756,0,0.0,,0.00,0.0,false
fbf848c3e10f1d92e07cd9ec1a60c5f3,feat_001,IND_065,2022,2,0.0011841326228537595,0,0.0,,0.00,0.0,false
540ee264aa35f7b067c4d95d5948c866,feat_001,IND_072,2019,2,0.0021598272138228943,0,0.0,,0.00,0.0,false
eac981d78333f65677f29d5ea93b2651,feat_001,IND_114,2019,2,0.0021598272138228943,2,1.0,11586.96,23173.92,11586.96,false
fb60e7c6984783a827dc3576efab181a,feat_001,IND_196,2023,2,0.0008156606851549756,0,0.0,,0.00,0.0,false
600e8eaea61edb9e24990a598a4733c6,feat_001,IND_017,2022,2,0.0011841326228537595,2,1.0,1957.63,3915.26,1957.63,false
b5dff9642ef58d514140a3bad0dc38a2,feat_001,IND_093,2023,2,0.0008156606851549756,2,1.0,57832.27,115664.54,57832.27,false
1fe561b8e7ff667ed3d89ce885a9dcdb,feat_001,IND_230,2019,2,0.0021598272138228943,2,1.0,8305.48,16610.96,8305.48,false
38fdc79710fee9ecbe71d92ec2137e80,feat_001,IND_098,2023,2,0.0008156606851549756,0,0.0,,0.00,0.0,false
164c6873468c0b187665dfac8ceff8b9,feat_001,IND_186,2021,2,0.013157894736842105,0,0.0,,0.00,0.0,false
75ab8c6f51336df4fd54f0902313bf57,feat_001,IND_152,2020,2,0.0024813895781637717,0,0.0,,0.00,0.0,false
35e6af27e3c06dd673e004dc83df9592,feat_001,IND_039,2020,2,0.0024813895781637717,0,0.0,,0.00,0.0,false
c015568e6cc1c25b19f46527ca4aae88,feat_001,IND_149,2023,2,0.0008156606851549756,0,0.0,,0.00,0.0,false
13b1ca36d1e8f061669249bb68b713cc,feat_001,IND_180,2018,2,0.002531645569620253,0,0.0,,0.00,0.0,false
fb5bb8d1803f9021b0f43b5e858b3661,feat_001,IND_185,2018,2,0.002531645569620253,0,0.0,,0.00,0.0,false
543dd755dfd66a0f9ce7db6220329e7b,feat_001,IND_109,2024,2,0.0011682242990654205,0,0.0,,0.00,0.0,false
02f0acb8835aebc81ba66acebfd418d5,feat_001,IND_065,2023,2,0.0008156606851549756,0,0.0,,0.00,0.0,false
12f1fe3e9aa22e70546d9cbfe5ccc798,feat_001,IND_043,2022,2,0.0011841326228537595,0,0.0,,0.00,0.0,false
c0b79f0d3785cbd296220c23b2e0ce00,feat_001,IND_090,2025,2,0.0013577732518669382,1,0.5,74569.88,74569.88,37284.94,false
9a872cb90eef1fa90b0df7a05b90eea1,feat_001,IND_040,2023,2,0.0008156606851549756,1,0.5,24418.62,24418.62,12209.31,false
9e97823144f84f9835809ed00f0d9927,feat_001,IND_193,2018,2,0.002531645569620253,0,0.0,,0.00,0.0,false
5a2b697453789cc2f6c9cb25cafb73fd,feat_001,IND_145,2018,2,0.002531645569620253,1,0.5,9312.87,9312.87,4656.435,false
b1d3677dca4986f7d744e30e7af9ccae,feat_001,IND_195,2022,2,0.0011841326228537595,0,0.0,,0.00,0.0,false
97d5640d697b1c3c17389ab024b68913,feat_001,IND_013,2024,2,0.0011682242990654205,0,0.0,,0.00,0.0,false
eae93bff6edce398ffdf7cfb1ed046a0,feat_001,IND_190,2023,2,0.0008156606851549756,2,1.0,17882.28,35764.56,17882.28,false
5c3899d251cd9b677161e559fef37bc7,feat_001,IND_030,2022,2,0.0011841326228537595,0,0.0,,0.00,0.0,false
a6ee53578cb224e616bac8d7f0d7d6ea,feat_001,IND_004,2023,2,0.0008156606851549756,0,0.0,,0.00,0.0,false
bfe8598881925b7165fdda6c340f8d33,feat_001,IND_021,2025,2,0.0013577732518669382,1,0.5,13572.76,13572.76,6786.38,false
6bee529645144c5b71e792ca1f173aa7,feat_001,IND_163,2025,2,0.0013577732518669382,2,1.0,27156.93,54313.86,27156.93,false
88016ced5203c78e0ebcfab4984643a7,feat_001,IND_216,2021,2,0.013157894736842105,0,0.0,,0.00,0.0,false
8438679162e9cb8c2ee23163f9ced82c,feat_001,IND_094,2024,2,0.0011682242990654205,0,0.0,,0.00,0.0,false
0db85ad64748a4d2e85c6bf5401d3ce0,feat_001,IND_224,2025,2,0.0013577732518669382,0,0.0,,0.00,0.0,false
6bcb89f251f98498050c64541db60148,feat_001,IND_168,2024,2,0.0011682242990654205,2,1.0,7504.24,15008.48,7504.24,false
36102749887de38d8a2dbc216e4bcd98,feat_001,IND_102,2018,2,0.002531645569620253,0,0.0,,0.00,0.0,false
94a3e59862979a3aa58d890ca42f939d,feat_001,IND_231,2023,2,0.0008156606851549756,0,0.0,,0.00,0.0,false
d904eee5d087c214ab4912a2e505a2ab,feat_001,IND_049,2024,2,0.0011682242990654205,2,1.0,30820.35,61640.70,30820.35,false
13fd23eea53fe0ec0520e033ea19c121,feat_001,IND_010,2024,2,0.0011682242990654205,0,0.0,,0.00,0.0,false
8da9544d8d531e538f583bce8599a8df,feat_001,IND_034,2018,2,0.002531645569620253,0,0.0,,0.00,0.0,false
2a926ab837dbc5867ece0f090f00e5b8,feat_001,IND_110,2025,2,0.0013577732518669382,0,0.0,,0.00,0.0,false
c68eaeb1aa61bcbaf42545feb03f9c22,feat_001,IND_095,2019,2,0.0021598272138228943,0,0.0,,0.00,0.0,false
d8577267f361b189b4ad05783570d054,feat_001,IND_146,2021,2,0.013157894736842105,0,0.0,,0.00,0.0,false
016a69fce486747aac74a5f5fbea70f6,feat_001,IND_200,2025,2,0.0013577732518669382,1,0.5,33551.83,33551.83,16775.915,false
2de1f74d2a3bc96f2cb2769221bbfbcb,feat_001,IND_014,2023,2,0.0008156606851549756,2,1.0,38239.25,76478.50,38239.25,false
7900d4385a39f4d3b58a6ff6d7fea023,feat_001,IND_001,2022,2,0.0011841326228537595,1,0.5,4186.86,4186.86,2093.43,false
2111f834c87142f2dc7162b52e0674b1,feat_001,IND_096,2020,2,0.0024813895781637717,0,0.0,,0.00,0.0,false
5e4b8e24063d9d3e33c49a234c5ec6a3,feat_001,IND_007,2022,2,0.0011841326228537595,0,0.0,,0.00,0.0,false
c7b29d3b81f7951ed39b1e1577fed205,feat_001,IND_225,2018,2,0.002531645569620253,1,0.5,49730.49,49730.49,24865.245,false
503ff067090bd417b761c49678ccd25e,feat_001,IND_007,2024,2,0.0011682242990654205,2,1.0,67061.69,134123.38,67061.69,false
1fb3802b9647dc6dbb804c630511ab39,feat_001,IND_082,2023,2,0.0008156606851549756,0,0.0,,0.00,0.0,false
077fe172bd23bebd08502e61d7f49a37,feat_001,IND_001,2019,2,0.0021598272138228943,0,0.0,,0.00,0.0,false
c326065b609ea143b1d3d7444db7253d,feat_001,IND_208,2019,2,0.0021598272138228943,0,0.0,,0.00,0.0,false
70fff7243337549d75bc36aca7f7f2e4,feat_001,IND_087,2020,2,0.0024813895781637717,0,0.0,,0.00,0.0,false
3a8f3dc5a706e51b9c7ea87ffa59364a,feat_001,IND_160,2018,2,0.002531645569620253,0,0.0,,0.00,0.0,false
64df67f6f09a3fd8dcdb2b1e1360aa32,feat_001,IND_005,2024,2,0.0011682242990654205,0,0.0,,0.00,0.0,false
9e96a7978b1641b081204a29755f06b9,feat_001,IND_205,2018,1,0.0012658227848101266,0,0.0,,0.00,0.0,false
dd01a839ecea3e77cd44d10fedede30d,feat_001,IND_100,2022,1,0.0005920663114268798,0,0.0,,0.00,0.0,false
65fbe1e1ddcb9b7a519a1b36504a7289,feat_001,IND_213,2021,1,0.006578947368421052,0,0.0,,0.00,0.0,false
b6bc07cd4883a009863784050d478ce3,feat_001,IND_058,2018,1,0.0012658227848101266,0,0.0,,0.00,0.0,false
d35a342f13d56ae44182a08d824b5030,feat_001,IND_131,2024,1,0.0005841121495327102,0,0.0,,0.00,0.0,false
4d840abf19042c9032466eb85149b127,feat_001,IND_196,2020,1,0.0012406947890818859,0,0.0,,0.00,0.0,false
c5aca718e79a06d2792b50e5579bf8aa,feat_001,IND_224,2019,1,0.0010799136069114472,0,0.0,,0.00,0.0,false
501dae182f11cfef7f5c1b20875f1115,feat_001,IND_091,2019,1,0.0010799136069114472,1,1.0,79978.42,79978.42,79978.42,false
dcd511f2107e7aa796b9dfa672d4ab07,feat_001,IND_049,2023,1,0.0004078303425774878,1,1.0,48401.66,48401.66,48401.66,false
9acdfc064c2ccf399c6dd60890a1014c,feat_001,IND_141,2018,1,0.0012658227848101266,0,0.0,,0.00,0.0,false
c9da48e0bdebfa5e96b0663be8791cf1,feat_001,IND_113,2018,1,0.0012658227848101266,1,1.0,40556.12,40556.12,40556.12,false
2ab7458b38298de93f2e5b932bcf7fff,feat_001,IND_140,2021,1,0.006578947368421052,0,0.0,,0.00,0.0,false
add3e12414907fa45470261d240a4fe2,feat_001,IND_021,2021,1,0.006578947368421052,0,0.0,,0.00,0.0,false
eb955d5a7ddefde5c151c19bf3f03203,feat_001,IND_151,2025,1,0.0006788866259334691,0,0.0,,0.00,0.0,false
31792e5b4c1772ef29cc80d6b20979fd,feat_001,IND_141,2023,1,0.0004078303425774878,0,0.0,,0.00,0.0,false
14a6b361fc0062bf8690e96839d07d84,feat_001,IND_226,2020,1,0.0012406947890818859,0,0.0,,0.00,0.0,false
3ad5af54394a1d45178dc5a52e3ed40f,feat_001,IND_156,2024,1,0.0005841121495327102,1,1.0,23484.97,23484.97,23484.97,false
c903304832b09982160e7fbc3eacee77,feat_001,IND_083,2019,1,0.0010799136069114472,0,0.0,,0.00,0.0,false
32028c9fbdfdbf9b8ec123119d72ba45,feat_001,IND_047,2022,1,0.0005920663114268798,0,0.0,,0.00,0.0,false
e00e19a6fc045d4e5b86d2853dc73db3,feat_001,IND_157,2022,1,0.0005920663114268798,0,0.0,,0.00,0.0,false
6bb0adc885298924d58468fadb980f5f,feat_001,IND_224,2020,1,0.0012406947890818859,0,0.0,,0.00,0.0,false
702b56fb0d9f643241f6aa0b2d5a8606,feat_001,IND_154,2023,1,0.0004078303425774878,0,0.0,,0.00,0.0,false
315d0e662e9e6946b6762e19fa2302c8,feat_001,IND_009,2022,1,0.0005920663114268798,0,0.0,,0.00,0.0,false
718a1d616dcc0762b58570abe22433e3,feat_001,IND_001,2024,1,0.0005841121495327102,0,0.0,,0.00,0.0,false
f8ec704bbffeccd9dbd88e6364fa1016,feat_001,IND_074,2025,1,0.0006788866259334691,0,0.0,,0.00,0.0,false
7a59c9404047b59dbc9c713054acabeb,feat_001,IND_142,2022,1,0.0005920663114268798,0,0.0,,0.00,0.0,false
77b3676a0a532d8edbca282b0d1051da,feat_001,IND_122,2022,1,0.0005920663114268798,0,0.0,,0.00,0.0,false
ec7d5ec4b05ddb93496165f7a612dba4,feat_001,IND_040,2018,1,0.0012658227848101266,1,1.0,33506.11,33506.11,33506.11,false
b8e3b4845fef80b490427561ab6c5da9,feat_001,IND_027,2023,1,0.0004078303425774878,1,1.0,5044.42,5044.42,5044.42,false
247a02a47884ed9ea811d677bbb8f73e,feat_001,IND_098,2022,1,0.0005920663114268798,0,0.0,,0.00,0.0,false
dd255aa14bc094e9d43992061f7b58ca,feat_001,IND_169,2023,1,0.0004078303425774878,1,1.0,6091.38,6091.38,6091.38,false
8de26e26096c4b9e4aa4189daf653e75,feat_001,IND_082,2022,1,0.0005920663114268798,0,0.0,,0.00,0.0,false
fd52e1960c0ea347d1ca5a76223f73f2,feat_001,IND_113,2023,1,0.0004078303425774878,1,1.0,22723.83,22723.83,22723.83,false
3d8c6b8e15cd9586df39bd327062a2c4,feat_001,IND_164,2025,1,0.0006788866259334691,1,1.0,35448.43,35448.43,35448.43,false
e76ce97c1c0287ad7a7aaa9d746e1e2f,feat_001,IND_026,2023,1,0.0004078303425774878,0,0.0,,0.00,0.0,false
b2a3dc34a94c7dc07a5213362fe37876,feat_001,IND_113,2025,1,0.0006788866259334691,0,0.0,,0.00,0.0,false
a407dded498a6fc40094b91a88002c11,feat_001,IND_114,2018,1,0.0012658227848101266,0,0.0,,0.00,0.0,false
55583020afb05856ec9ada51d7f6b036,feat_001,IND_043,2020,1,0.0012406947890818859,1,1.0,46475.99,46475.99,46475.99,false
b72526fa326b01cc91d7e8e29cffb96f,feat_001,IND_197,2018,1,0.0012658227848101266,0,0.0,,0.00,0.0,false
7df5346a669d744fdcfffbef90ff6748,feat_001,IND_067,2023,1,0.0004078303425774878,0,0.0,,0.00,0.0,false
90a68fca19bc4f8728264d24c4ae3d0b,feat_001,IND_110,2024,1,0.0005841121495327102,0,0.0,,0.00,0.0,false
18ac662dce0c20b9f0e7b5b26f132eed,feat_001,IND_227,2023,1,0.0004078303425774878,1,1.0,26476.86,26476.86,26476.86,false
a7ea15cc5fb53b9b7321f54d2a8a17da,feat_001,IND_164,2024,1,0.0005841121495327102,0,0.0,,0.00,0.0,false
2a6a5d90e008ba27d343d7870139a8f8,feat_001,IND_209,2020,1,0.0012406947890818859,1,1.0,27151.22,27151.22,27151.22,false
f8f85308f13982400c794ec6f06e85d7,feat_001,IND_011,2025,1,0.0006788866259334691,0,0.0,,0.00,0.0,false
71a684eea3d018c9fdfcf2ea04c28d2a,feat_001,IND_125,2024,1,0.0005841121495327102,0,0.0,,0.00,0.0,false
43f8ea19f81dac7a814e46c8d059da97,feat_001,IND_226,2022,1,0.0005920663114268798,0,0.0,,0.00,0.0,false
8edb97347da9653389f38ba8099d95f4,feat_001,IND_073,2024,1,0.0005841121495327102,1,1.0,46765.33,46765.33,46765.33,false
dbaba6b49646a07d4141919f0b08a72e,feat_001,IND_158,2020,1,0.0012406947890818859,0,0.0,,0.00,0.0,false
52b630d9d9aee0cb05eee436ee809741,feat_001,IND_010,2019,1,0.0010799136069114472,0,0.0,,0.00,0.0,false
eb3044599c45f8b7accfa4d73ff8a260,feat_001,IND_170,2024,1,0.0005841121495327102,1,1.0,8754.83,8754.83,8754.83,false
a88e1e28d18f805736d870e9049ed176,feat_001,IND_230,2022,1,0.0005920663114268798,0,0.0,,0.00,0.0,false
850c8be4da2ee74820ac157c1c222d78,feat_001,IND_097,2020,1,0.0012406947890818859,0,0.0,,0.00,0.0,false
14678b2475a039d6164e9563cd294387,feat_001,IND_098,2019,1,0.0010799136069114472,0,0.0,,0.00,0.0,false
393e2e00b70f55c88c0821204fdfaa78,feat_001,IND_061,2019,1,0.0010799136069114472,0,0.0,,0.00,0.0,false
b95ff72bd9b5a0ef8adcdc9ba02ff237,feat_001,IND_204,2022,1,0.0005920663114268798,0,0.0,,0.00,0.0,false
d096ad78ad56fd4b370035bc085f63d8,feat_001,IND_129,2020,1,0.0012406947890818859,0,0.0,,0.00,0.0,false
170ac94dcc388c5a042440c51f346710,feat_001,IND_164,2020,1,0.0012406947890818859,0,0.0,,0.00,0.0,false
a73fc2fbcef24470024e19a176a1d0c6,feat_001,IND_170,2020,1,0.0012406947890818859,0,0.0,,0.00,0.0,false
53c8e74fab8821d89fa53a77f3f63026,feat_001,IND_148,2019,1,0.0010799136069114472,1,1.0,28807.5,28807.50,28807.5,false
238187fed38e706cad61d35ef71fda07,feat_001,IND_083,2023,1,0.0004078303425774878,0,0.0,,0.00,0.0,false
28a9bfbb1638eabc7ec2c3b4639fbf82,feat_001,IND_032,2023,1,0.0004078303425774878,0,0.0,,0.00,0.0,false
a3b64490bf92a0e5d776cc6bf624e3be,feat_001,IND_099,2022,1,0.0005920663114268798,0,0.0,,0.00,0.0,false
320f4e601a9505c744d565d973374140,feat_001,IND_135,2020,1,0.0012406947890818859,0,0.0,,0.00,0.0,false
c900818f462f88d89a75308c800309e3,feat_001,IND_031,2019,1,0.0010799136069114472,0,0.0,,0.00,0.0,false
9b95524ce24cf0824d8b0ddf6f54ef0e,feat_001,IND_017,2019,1,0.0010799136069114472,0,0.0,,0.00,0.0,false
7fa3659cf5a5fa58236a61b2f4234193,feat_001,IND_179,2020,1,0.0012406947890818859,1,1.0,20570.3,20570.30,20570.3,false
132022798edb0880e105b66f843db3e0,feat_001,IND_128,2020,1,0.0012406947890818859,0,0.0,,0.00,0.0,false
31badf45d4b66c9a85826254b36df396,feat_001,IND_016,2021,1,0.006578947368421052,1,1.0,61519.11,61519.11,61519.11,false
d78d2d5ff73149b276d30811376fbdf3,feat_001,IND_225,2023,1,0.0004078303425774878,0,0.0,,0.00,0.0,false
673cee4a96550181d762a0bc9cdae374,feat_001,IND_016,2020,1,0.0012406947890818859,0,0.0,,0.00,0.0,false
5700f25fe63acb5b687ab92c3d1c926b,feat_001,IND_114,2020,1,0.0012406947890818859,0,0.0,,0.00,0.0,false
1ddb30f4f430b1230e43c66c89c9e88e,feat_001,IND_155,2020,1,0.0012406947890818859,0,0.0,,0.00,0.0,false
3041fce624841e348760d97885a63b2f,feat_001,IND_159,2023,1,0.0004078303425774878,0,0.0,,0.00,0.0,false
355c3718217ccf8554ccf97fd534d672,feat_001,IND_122,2023,1,0.0004078303425774878,0,0.0,,0.00,0.0,false
574dac3b37cefb73edb896e9057a18df,feat_001,IND_001,2021,1,0.006578947368421052,0,0.0,,0.00,0.0,false
03ab4d3fb01929705553b7885bf0595c,feat_001,IND_127,2021,1,0.006578947368421052,0,0.0,,0.00,0.0,false
88531381421990d415092563eefd7ba3,feat_001,IND_002,2020,1,0.0012406947890818859,0,0.0,,0.00,0.0,false
4c01a97febac6d52bbc1c7f136049a87,feat_001,IND_119,2023,1,0.0004078303425774878,0,0.0,,0.00,0.0,false
9f6a6edb83c6f760a2b96717dabcdbdc,feat_001,IND_182,2024,1,0.0005841121495327102,0,0.0,,0.00,0.0,false
c76c75103ccc6bc195570711477681ce,feat_001,IND_013,2021,1,0.006578947368421052,0,0.0,,0.00,0.0,false
89c4632ce3960c637e538f73ef9f0b05,feat_001,IND_102,2020,1,0.0012406947890818859,0,0.0,,0.00,0.0,false
efc279694e9b248efbb7d92322000149,feat_001,IND_045,2023,1,0.0004078303425774878,0,0.0,,0.00,0.0,false
1e34d93b3932a71be10a14bda6866e3f,feat_001,IND_231,2018,1,0.0012658227848101266,0,0.0,,0.00,0.0,false
1ec7c80db6c4a4768994d713d64d1d5d,feat_001,IND_228,2024,1,0.0005841121495327102,0,0.0,,0.00,0.0,false
74f116387b5939eb26aed2f780d7c92d,feat_001,IND_085,2022,1,0.0005920663114268798,0,0.0,,0.00,0.0,false
883ffc033241db3d431f62457daaa8bb,feat_001,IND_163,2019,1,0.0010799136069114472,0,0.0,,0.00,0.0,false
5b5e484627d0a839417966f9a0546ade,feat_001,IND_041,2025,1,0.0006788866259334691,0,0.0,,0.00,0.0,false
64ad6f6200f6116a21f00d2d6a172e6b,feat_001,IND_014,2018,1,0.0012658227848101266,0,0.0,,0.00,0.0,false
c51f5eff2b59904897c212897ba74c63,feat_001,IND_219,2024,1,0.0005841121495327102,0,0.0,,0.00,0.0,false
adf73ffd4f1d566b9ddc8931675a13e2,feat_001,IND_169,2022,1,0.0005920663114268798,0,0.0,,0.00,0.0,false
429d0f9944e7fba4aa76fab0e5edf9bb,feat_001,IND_160,2021,1,0.006578947368421052,0,0.0,,0.00,0.0,false
88be49d8e5cc538534850804249ab32b,feat_001,IND_034,2023,1,0.0004078303425774878,0,0.0,,0.00,0.0,false
b2d21f51f3e0f163772365da0420390c,feat_001,IND_154,2022,1,0.0005920663114268798,0,0.0,,0.00,0.0,false
f4dea35b4020d1c37ef43f95f15bc77b,feat_001,IND_210,2025,1,0.0006788866259334691,1,1.0,7043.12,7043.12,7043.12,false
39621f800f50d72cd6bf0d6cec857c81,feat_001,IND_060,2023,1,0.0004078303425774878,0,0.0,,0.00,0.0,false
d138d1feb78d6cb940e1bde20f4f6a77,feat_001,IND_176,2023,1,0.0004078303425774878,0,0.0,,0.00,0.0,false
0eb1ffe904033c19eae2e2034c89ef52,feat_001,IND_066,2025,1,0.0006788866259334691,0,0.0,,0.00,0.0,false
b30cd29eb3904d624a1cd936d9432caf,feat_001,IND_163,2022,1,0.0005920663114268798,0,0.0,,0.00,0.0,false
081ff41c0deb5a48ad34c7570b079374,feat_001,IND_172,2023,1,0.0004078303425774878,1,1.0,64778.65,64778.65,64778.65,false
06c20c8a4fda60e4f6cd94cdaa9d7a53,feat_001,IND_079,2023,1,0.0004078303425774878,1,1.0,6286.67,6286.67,6286.67,false
5d007d93d055e2071be42675be7534bf,feat_001,IND_066,2018,1,0.0012658227848101266,0,0.0,,0.00,0.0,false
9dacc842bd456ff7933eab581ceea223,feat_001,IND_084,2024,1,0.0005841121495327102,1,1.0,47169.32,47169.32,47169.32,false
2dca6deeaf57334ca68c3b223cfd070b,feat_001,IND_161,2018,1,0.0012658227848101266,0,0.0,,0.00,0.0,false
61796ce654ee847b7f0954afa1321552,feat_001,IND_037,2021,1,0.006578947368421052,0,0.0,,0.00,0.0,false
2b93a16fb5c0ac4df4b0f63764f3f614,feat_001,IND_177,2018,1,0.0012658227848101266,0,0.0,,0.00,0.0,false
9cf8dbffef9f78ad0303f323408ee0fc,feat_001,IND_008,2024,1,0.0005841121495327102,1,1.0,14793.6,14793.60,14793.6,false
c5a820c4b821ab18ce0389a7f7e0368d,feat_001,IND_041,2023,1,0.0004078303425774878,0,0.0,,0.00,0.0,false
503d126a1f92c1200d3ed72478caf6dc,feat_001,IND_124,2020,1,0.0012406947890818859,0,0.0,,0.00,0.0,false
c9818b51134a340cdbba96d3c21f24a0,feat_001,IND_138,2024,1,0.0005841121495327102,0,0.0,,0.00,0.0,false
18efb421628c20a430bdaf7f5b968491,feat_001,IND_116,2022,1,0.0005920663114268798,0,0.0,,0.00,0.0,false
f37d814311a40e4fc756efc79da78a12,feat_001,IND_139,2023,1,0.0004078303425774878,0,0.0,,0.00,0.0,false
f8f9418f35cde6fc374e94eeaec137e7,feat_001,IND_107,2021,1,0.006578947368421052,0,0.0,,0.00,0.0,false
9f5c9748aecae964d324958119ab4ff5,feat_001,IND_084,2020,1,0.0012406947890818859,0,0.0,,0.00,0.0,false
52ac8c13e6a19e4cb74643897b01c892,feat_001,IND_024,2019,1,0.0010799136069114472,0,0.0,,0.00,0.0,false
3a2190f663f8468b8e0c8b37e52b06e5,feat_001,IND_013,2020,1,0.0012406947890818859,0,0.0,,0.00,0.0,false
d0718d1a6508df7e7ea08037e35d14b4,feat_001,IND_173,2021,1,0.006578947368421052,0,0.0,,0.00,0.0,false
8b704c02c6eceeb88d24829f6fc923d3,feat_001,IND_204,2024,1,0.0005841121495327102,0,0.0,,0.00,0.0,false
1fab999f4485fa6756241c87c91aa239,feat_001,IND_227,2025,1,0.0006788866259334691,1,1.0,10802.49,10802.49,10802.49,false
78bb3f0819e6441f66824ea908928551,feat_001,IND_068,2019,1,0.0010799136069114472,0,0.0,,0.00,0.0,false
a0d585386f698ca19f047652bf066efd,feat_001,IND_194,2021,1,0.006578947368421052,0,0.0,,0.00,0.0,false
da556bfb3821b3237b8c7d082701ec9a,feat_001,IND_067,2025,1,0.0006788866259334691,1,1.0,47314.29,47314.29,47314.29,false
7c9873430d0858f3c0f7f7b38ac92a6f,feat_001,IND_121,2021,1,0.006578947368421052,0,0.0,,0.00,0.0,false
5dbc9fecb24b0680038ca90f5c237354,feat_001,IND_035,2024,1,0.0005841121495327102,0,0.0,,0.00,0.0,false
2df3eed13235b725b423063f1131ad51,feat_001,IND_142,2024,1,0.0005841121495327102,1,1.0,16560.0,16560.00,16560.0,false
4ced893f6f467b6fc044d4279669b69d,feat_001,IND_101,2021,1,0.006578947368421052,0,0.0,,0.00,0.0,false
bb8966359ccfc0d698fda97fb3f5eac9,feat_001,IND_209,2024,1,0.0005841121495327102,0,0.0,,0.00,0.0,false
fdbdec9200368b3190c9fc97fcd25329,feat_001,IND_016,2024,1,0.0005841121495327102,0,0.0,,0.00,0.0,false
f811956350c42a1e2a9785913fd41b78,feat_001,IND_003,2019,1,0.0010799136069114472,1,1.0,17999.23,17999.23,17999.23,false
dcf3aa8e31268acc5adfddded078b495,feat_001,IND_188,2023,1,0.0004078303425774878,1,1.0,43152.43,43152.43,43152.43,false
36b46e9f2b6d2129640503fd2f00fbdb,feat_001,IND_012,2021,1,0.006578947368421052,0,0.0,,0.00,0.0,false
412166881fd78a3b0fd5cc129e154d08,feat_001,IND_066,2020,1,0.0012406947890818859,0,0.0,,0.00,0.0,false
0f9f08203c552bb3f19d3139c1fbf852,feat_001,IND_075,2022,1,0.0005920663114268798,1,1.0,16962.5,16962.50,16962.5,false
bdd2c1e2e62ef2bfec0657a61bc3e49e,feat_001,IND_109,2019,1,0.0010799136069114472,0,0.0,,0.00,0.0,false
d69f4a9a05a00de8408cf3605baab593,feat_001,IND_033,2022,1,0.0005920663114268798,0,0.0,,0.00,0.0,false
22ed4993d2ffd34cf02cbca3b6e8c4ad,feat_001,IND_181,2025,1,0.0006788866259334691,1,1.0,55892.72,55892.72,55892.72,false
77b6d23b94fa0dee305b49f56f334e4c,feat_001,IND_081,2023,1,0.0004078303425774878,0,0.0,,0.00,0.0,false
8092f544b2caa48a951ace6f3634498b,feat_001,IND_164,2022,1,0.0005920663114268798,0,0.0,,0.00,0.0,false
951d0fa8a18d806d98230c53e0bd488e,feat_001,IND_106,2021,1,0.006578947368421052,0,0.0,,0.00,0.0,false
2ed8bfdf17856541ce16abcb191eec9d,feat_001,IND_144,2023,1,0.0004078303425774878,0,0.0,,0.00,0.0,false
ad851798d1bc7824de1f6cae8864989b,feat_001,IND_163,2023,1,0.0004078303425774878,0,0.0,,0.00,0.0,false
4d801dd506af4991dc0402f166b042e9,feat_001,IND_084,2019,1,0.0010799136069114472,0,0.0,,0.00,0.0,false
6233ece4ae7810290f5d896314554ce9,feat_001,IND_174,2023,1,0.0004078303425774878,1,1.0,21014.24,21014.24,21014.24,false
ed2f8194387204f470b4fe48cc94387e,feat_001,IND_111,2018,1,0.0012658227848101266,0,0.0,,0.00,0.0,false
5a0d6b4c822e6318ba391459efdd22e9,feat_001,IND_023,2022,1,0.0005920663114268798,0,0.0,,0.00,0.0,false
8b1adf1e588ae0fba630204a8d0a6fb9,feat_001,IND_057,2023,1,0.0004078303425774878,0,0.0,,0.00,0.0,false
d25f3ee9bcef66cb408a27ab34089aa8,feat_001,IND_080,2024,1,0.0005841121495327102,0,0.0,,0.00,0.0,false
6b70264399a7c484e71cb0f40d95338e,feat_001,IND_042,2020,1,0.0012406947890818859,0,0.0,,0.00,0.0,false
046d50829d1b08f231837423d25716cf,feat_001,IND_016,2018,1,0.0012658227848101266,1,1.0,1357.66,1357.66,1357.66,false
6f654817e662b792c5de7c460875ad90,feat_001,IND_002,2023,1,0.0004078303425774878,0,0.0,,0.00,0.0,false
07d5f2631a0ddc3c1f2c2c4c3b8c0bac,feat_001,IND_126,2025,1,0.0006788866259334691,1,1.0,138141.99,138141.99,138141.99,false
3748b8c1a0748ffca256f5fe8d312cb5,feat_001,IND_215,2023,1,0.0004078303425774878,0,0.0,,0.00,0.0,false
d7f4a4eb300240d201bbd811f1792f3c,feat_001,IND_219,2019,1,0.0010799136069114472,0,0.0,,0.00,0.0,false
241ed052812c8f12496422e0df535453,feat_001,IND_217,2019,1,0.0010799136069114472,0,0.0,,0.00,0.0,false
0ebabc503b6c3af833a5e7c8323cc3e2,feat_001,IND_151,2023,1,0.0004078303425774878,1,1.0,2035.06,2035.06,2035.06,false
db358d508c68f440b1da544558f5f05c,feat_001,IND_069,2019,1,0.0010799136069114472,0,0.0,,0.00,0.0,false
09cc130f0f62a21befce239f365a6349,feat_001,IND_211,2020,1,0.0012406947890818859,1,1.0,60397.14,60397.14,60397.14,false
240bfa7be8765e481fa7e68f3f1d11b6,feat_001,IND_009,2024,1,0.0005841121495327102,0,0.0,,0.00,0.0,false
32e120089192501afe154eaf62714019,feat_001,IND_017,2021,1,0.006578947368421052,1,1.0,26062.31,26062.31,26062.31,false
ae3c3104405bf344f6f104b824c8e83d,feat_001,IND_228,2018,1,0.0012658227848101266,1,1.0,3255.9,3255.90,3255.9,false
0c14b25470608d53f2271143b35011da,feat_001,IND_046,2022,1,0.0005920663114268798,0,0.0,,0.00,0.0,false
c37ceb40ed6e6e25cc26fd70996c704d,feat_001,IND_115,2022,1,0.0005920663114268798,0,0.0,,0.00,0.0,false
04627547080c361d55c9d2f4e4fe12b5,feat_001,IND_196,2024,1,0.0005841121495327102,0,0.0,,0.00,0.0,false
ce5a8bd4ad8482acbc30e872a4478226,feat_001,IND_215,2022,1,0.0005920663114268798,1,1.0,19814.87,19814.87,19814.87,false
cd49aafe3059d8b80029e7858fa7c991,feat_001,IND_076,2023,1,0.0004078303425774878,1,1.0,7130.0,7130.00,7130.0,false
cdf1f2a8c866e367cf85fb6c6efa1444,feat_001,IND_147,2021,1,0.006578947368421052,0,0.0,,0.00,0.0,false
861a317122c29910aded608d55c6bba1,feat_001,IND_078,2019,1,0.0010799136069114472,1,1.0,1.27,1.27,1.27,false
78af2560e2a7fe6864f00cbe3d974d49,feat_001,IND_223,2023,1,0.0004078303425774878,1,1.0,12406.62,12406.62,12406.62,false
e9aa0c89b25661e3e15e77436b15b322,feat_001,IND_192,2022,1,0.0005920663114268798,0,0.0,,0.00,0.0,false
ac884192000412dfc50cc76bf11407bf,feat_001,IND_182,2018,1,0.0012658227848101266,0,0.0,,0.00,0.0,false
d241a43efa75447ed7272dec891054bb,feat_001,IND_208,2021,1,0.006578947368421052,0,0.0,,0.00,0.0,false
f7be2e65c7ab665226816acb82836427,feat_001,IND_151,2022,1,0.0005920663114268798,1,1.0,3875.37,3875.37,3875.37,false
70a5f44e40409a90512f2f32e9376b0a,feat_001,IND_216,2025,1,0.0006788866259334691,1,1.0,20100.31,20100.31,20100.31,false
c3fdb0cb4c370c80a05b8f9f7e6e2cbc,feat_001,IND_193,2020,1,0.0012406947890818859,0,0.0,,0.00,0.0,false
5ef3346d9b432d9a7dc580fb99f882c4,feat_001,IND_188,2022,1,0.0005920663114268798,0,0.0,,0.00,0.0,false
7c07c2305cbf1a671791812598cc2bf1,feat_001,IND_008,2020,1,0.0012406947890818859,0,0.0,,0.00,0.0,false
15573457a90c3dfa180cce53287296fc,feat_001,IND_211,2021,1,0.006578947368421052,1,1.0,42893.23,42893.23,42893.23,false
8a2c05a431840bbba16b1655a934df40,feat_001,IND_067,2024,1,0.0005841121495327102,0,0.0,,0.00,0.0,false
4e45c54f8eae89fcf5da5e8e44f48167,feat_001,IND_122,2024,1,0.0005841121495327102,1,1.0,49294.59,49294.59,49294.59,false
3d09fb14a1cccf0075f53b513ff25e99,feat_001,IND_134,2024,1,0.0005841121495327102,1,1.0,19056.57,19056.57,19056.57,false
6b69bbd1e56735cec4f64061894310be,feat_001,IND_039,2025,1,0.0006788866259334691,0,0.0,,0.00,0.0,false
fd0a6c589608a6e86e0befb20a365a9d,feat_001,IND_117,2025,1,0.0006788866259334691,0,0.0,,0.00,0.0,false
764b875e1c9c6de9131a5c094b392a53,feat_001,IND_225,2022,1,0.0005920663114268798,0,0.0,,0.00,0.0,false
5d4c8f51846a2f436abbc38b65af29db,feat_001,IND_069,2018,1,0.0012658227848101266,0,0.0,,0.00,0.0,false
9d545c122adb005a87eeea1ba45c3dbf,feat_001,IND_136,2025,1,0.0006788866259334691,0,0.0,,0.00,0.0,false
bfd2b1b9c82eda4152b2bc11c16bf4f8,feat_001,IND_158,2018,1,0.0012658227848101266,0,0.0,,0.00,0.0,false
de41bb729a54882332ebebbc8fc5ed44,feat_001,IND_081,2022,1,0.0005920663114268798,0,0.0,,0.00,0.0,false
d5fff8ca010903a3704ae9bea5e3a995,feat_001,IND_131,2025,1,0.0006788866259334691,0,0.0,,0.00,0.0,false
2b6f038ca9fda0a2e5bac1615a9c9e2c,feat_001,IND_079,2019,1,0.0010799136069114472,0,0.0,,0.00,0.0,false
46c8b0a7899684a17ddb9720eef7b6fe,feat_001,IND_010,2018,1,0.0012658227848101266,0,0.0,,0.00,0.0,false
9e22bb1793a206c1a724ffb616ba13b3,feat_001,IND_227,2024,1,0.0005841121495327102,0,0.0,,0.00,0.0,false
663d41d2b2a69acf431c9ad0fcdfaf89,feat_001,IND_078,2023,1,0.0004078303425774878,0,0.0,,0.00,0.0,false
036e9d8275c57e4897282e3cc002ef76,feat_001,IND_164,2018,1,0.0012658227848101266,0,0.0,,0.00,0.0,false
fa613557d0b04a000a35c8eeb46f750b,feat_001,IND_014,2025,1,0.0006788866259334691,1,1.0,7573.99,7573.99,7573.99,false
7fa6a8af0328a0e380d2b5cc86f7e867,feat_001,IND_053,2023,1,0.0004078303425774878,0,0.0,,0.00,0.0,false
53287b4e0247dca5a5ba770e51647368,feat_001,IND_027,2025,1,0.0006788866259334691,0,0.0,,0.00,0.0,false
b0790040843604bed8279ce8b6ec5728,feat_001,IND_060,2024,1,0.0005841121495327102,0,0.0,,0.00,0.0,false
0992acf4598b7a0eaf6aef5d3df6216e,feat_001,IND_152,2019,1,0.0010799136069114472,0,0.0,,0.00,0.0,false
af1a6d8a63261c3d647447618a262ffc,feat_001,IND_102,2019,1,0.0010799136069114472,0,0.0,,0.00,0.0,false
669e63738d4502c3d3447c1eac784e58,feat_001,IND_016,2019,1,0.0010799136069114472,1,1.0,39092.36,39092.36,39092.36,false
4b9557e843f9ed87a409ba7ac4cc3f7f,feat_001,IND_191,2021,1,0.006578947368421052,0,0.0,,0.00,0.0,false
c877ce4334cd4db2f74ab24b54ebbdf7,feat_001,IND_181,2019,1,0.0010799136069114472,0,0.0,,0.00,0.0,false
345f4d2a12b81eab718cd451d866f3dd,feat_001,IND_130,2018,1,0.0012658227848101266,1,1.0,36228.22,36228.22,36228.22,false
7244bf7e230fc4c75d01d998a269cca6,feat_001,IND_178,2018,1,0.0012658227848101266,0,0.0,,0.00,0.0,false
a1eb46a4e913ba82c621e1dc1f043cd9,feat_001,IND_028,2024,1,0.0005841121495327102,0,0.0,,0.00,0.0,false
e1ac269332a7cb0a34443f0c4457d740,feat_001,IND_163,2021,1,0.006578947368421052,0,0.0,,0.00,0.0,false
6de575ed1856f78dca4aeec54eb1dd53,feat_001,IND_141,2022,1,0.0005920663114268798,0,0.0,,0.00,0.0,false
dc7dc1f11bffafe10b4e4d1ba210bfa5,feat_001,IND_125,2019,1,0.0010799136069114472,0,0.0,,0.00,0.0,false
2581178d35611ef4b60a74949bfbb035,feat_001,IND_131,2021,1,0.006578947368421052,1,1.0,30536.81,30536.81,30536.81,false
07961f668bb3d7a470a8c6ec6389d0f9,feat_001,IND_035,2022,1,0.0005920663114268798,1,1.0,9159.76,9159.76,9159.76,false
5afdff6c56e675af4b2b8c4d1d6967f8,feat_001,IND_130,2025,1,0.0006788866259334691,0,0.0,,0.00,0.0,false
ad8c0e1c662167a36d70eebfebd5b0be,feat_001,IND_024,2024,1,0.0005841121495327102,0,0.0,,0.00,0.0,false
04e0fd5f1c9d7dad99d1705c9eaecc7e,feat_001,IND_121,2022,1,0.0005920663114268798,0,0.0,,0.00,0.0,false
6a400dd2a5df00a2490a6e85e7fdd58d,feat_001,IND_228,2022,1,0.0005920663114268798,1,1.0,49341.18,49341.18,49341.18,false
0bcbc466f70b5827132b00afbbe3920e,feat_001,IND_112,2021,1,0.006578947368421052,0,0.0,,0.00,0.0,false
b2448f0de67aa66edaf411936912b190,feat_001,IND_066,2024,1,0.0005841121495327102,0,0.0,,0.00,0.0,false
ceea54795daf2020fc460098c590f602,feat_001,IND_071,2024,1,0.0005841121495327102,0,0.0,,0.00,0.0,false
59e11660bb3cccc872132c8c7cee08ba,feat_001,IND_049,2022,1,0.0005920663114268798,1,1.0,19901.13,19901.13,19901.13,false
0d93fdba83f7a039ede5aa8fe44a5761,feat_001,IND_049,2019,1,0.0010799136069114472,0,0.0,,0.00,0.0,false
f0392d9450beef2767cc767bd0c57ffe,feat_001,IND_046,2019,1,0.0010799136069114472,0,0.0,,0.00,0.0,false
1d700b72277bf061a0238c7a738263aa,feat_001,IND_125,2025,1,0.0006788866259334691,0,0.0,,0.00,0.0,false
4598dc6b1f8cfbb02e3fe453e616fcc2,feat_001,IND_158,2022,1,0.0005920663114268798,0,0.0,,0.00,0.0,false
ecdd70615fa4b4d045d63ba1bbd40d33,feat_001,IND_122,2021,1,0.006578947368421052,0,0.0,,0.00,0.0,false
7b4ecfd2261175725fcace7618a6dba2,feat_003,ST_46,2023,353,0.14396411092985317,73,0.20679886685552407,23741.340410958903,1733117.85,4909.682294617564,true
9e11c2979c4f6e43e6db737d951bf2ab,feat_003,ST_32,2023,331,0.13499184339314846,90,0.2719033232628399,33200.107,2988009.63,9027.219425981873,true
d026bca071c6d28d186d22f40b1c7f72,feat_003,ST_32,2024,248,0.14485981308411214,76,0.3064516129032258,42559.35881578947,3234511.27,13042.384153225807,true
c16dab24d33fabbe57438914cd9a3727,feat_003,ST_46,2024,233,0.1360981308411215,56,0.24034334763948498,24848.52357142857,1391517.32,5972.177339055795,true
06493c9a690f9b7248e27c7c8bde5bc6,feat_003,ST_07,2023,233,0.09502446982055465,62,0.26609442060085836,32674.932741935485,2025845.83,8694.61729613734,true
e00523a334f8bea0974f3eb7fca8bf9e,feat_003,ST_46,2022,214,0.1267021906453523,36,0.16822429906542055,30067.36388888889,1082425.10,5058.061214953272,true
dd0f0e94b065c126c8a3ea4acdc7026c,feat_003,ST_32,2025,205,0.13917175831636117,46,0.22439024390243903,34490.60543478261,1586567.85,7739.355365853659,true
f2749f707a05d5c7520b4392b363da60,feat_003,ST_46,2025,198,0.13441955193482688,49,0.2474747474747475,37938.44367346939,1858983.74,9388.806767676768,true
1355a553dd8b21bb114f7b032e3a0e49,feat_003,ST_32,2022,198,0.1172291296625222,42,0.21212121212121213,56027.19047619047,2353142.00,11884.555555555555,true
72e3232295dc25116b0533019400dffc,feat_003,ST_07,2022,182,0.10775606867969213,31,0.17032967032967034,25527.332903225808,791347.32,4348.062197802197,true
315c034f46d10257c35fb9a8705c3b97,feat_003,ST_07,2024,181,0.10572429906542057,36,0.19889502762430938,33036.95638888889,1189330.43,6570.88635359116,true
87a6c26a540738a1c1230399355da794,feat_003,ST_07,2025,147,0.09979633401221996,38,0.2585034013605442,43082.45184210526,1637133.17,11136.960340136055,true
1672507f529545e3d93668092e9a9354,feat_003,ST_06,2023,135,0.055057096247960846,35,0.25925925925925924,21478.974285714285,751764.10,5568.622962962962,true
0f5a8add02a847f78e88941fa40eb78f,feat_003,ST_46,2019,132,0.14254859611231102,25,0.1893939393939394,29048.3612,726209.03,5501.583560606061,true
1a2334859758c7b4452010ec5a1241bf,feat_003,ST_08,2025,118,0.08010862186014936,14,0.11864406779661017,27544.764285714286,385626.70,3268.0228813559324,true
1ac29d0004af3da079153a46accd3e9f,feat_003,ST_32,2018,114,0.14430379746835442,12,0.10526315789473684,31280.91,375370.92,3292.7273684210527,true
2f370d9e55d788c8e868a02923092d37,feat_003,ST_32,2019,110,0.11879049676025918,19,0.17272727272727273,34719.14842105263,659663.82,5996.943818181818,true
1b9d422adf0dab143f5a4ff88acc50e9,feat_003,ST_50,2023,110,0.044861337683523655,34,0.3090909090909091,25696.74,873689.16,7942.628727272728,true
e519bac35d0ff2544fbc141c44af506d,feat_003,ST_32,2020,107,0.1327543424317618,19,0.17757009345794392,57373.292631578945,1090092.56,10187.78093457944,true
29299b75804524ebc492d10576f7f595,feat_003,ST_46,2020,103,0.12779156327543426,16,0.1553398058252427,28872.92125,461966.74,4485.113980582524,true
b806311f3e97bc77eef8cc51d3da842c,feat_003,ST_03,2023,97,0.039559543230016314,34,0.35051546391752575,18574.071470588235,631518.43,6510.499278350516,true
657eea5ab2f69fbfe9985bc868811044,feat_003,ST_06,2025,96,0.06517311608961303,24,0.25,74410.61416666667,1785854.74,18602.653541666667,true
12835475e2a91dcf555cd6a7d95761b4,feat_003,ST_50,2022,92,0.054470100651272946,17,0.18478260869565216,21690.556470588235,368739.46,4008.0376086956526,true
da3f5ce9b3ddf6253a8b8806d8c01d88,feat_003,ST_06,2022,92,0.054470100651272946,10,0.10869565217391304,21066.365,210663.65,2289.822282608696,true
ea7acffc55018f3d4bcb2be2448ab570,feat_003,ST_50,2024,91,0.053154205607476634,30,0.32967032967032966,25198.126333333334,755943.79,8307.074615384616,true
7004ea3c87e162eb4ff9f760c0103347,feat_003,ST_08,2024,90,0.052570093457943924,9,0.1,27429.97,246869.73,2742.9970000000003,true
2a94e1db7f7fc216e8b6290d602d8bbd,feat_003,ST_39,2023,82,0.033442088091353996,27,0.32926829268292684,34317.63111111111,926576.04,11299.70780487805,true
8022802414822d4c40b7ba7bb191b037,feat_003,ST_07,2020,81,0.10049627791563276,8,0.09876543209876543,44244.61375,353956.91,4369.838395061728,true
e42a91f3a1da800e476a9f6b0d682fc1,feat_003,ST_46,2018,79,0.1,13,0.16455696202531644,21242.456153846153,276151.93,3495.594050632911,true
5ff1e755c2e3edfb217118b3168842d8,feat_003,ST_06,2024,79,0.04614485981308411,15,0.189873417721519,24507.8,367617.00,4653.379746835443,true
9f1f2d17cba3024f0e10c1d1e32d317d,feat_003,ST_41,2023,77,0.031402936378466556,14,0.18181818181818182,31424.097857142857,439937.37,5713.472337662338,true
eff7947fc2eec2d6db8d9a04a644f765,feat_003,ST_41,2022,77,0.045589105979869746,25,0.3246753246753247,22754.3472,568858.68,7387.7750649350655,true
7ae271f94de49268f8209f122a3613ab,feat_003,ST_08,2023,75,0.030587275693311582,19,0.25333333333333335,12063.536315789474,229207.19,3056.0958666666666,true
54da04db24f9b28adf5fbf6bdc500834,feat_003,ST_07,2019,75,0.08099352051835854,14,0.18666666666666668,30021.08,420295.12,5603.934933333333,true
c200a8a1ffcd3836b407e3964141917d,feat_003,ST_07,2018,73,0.09240506329113925,11,0.1506849315068493,41304.78727272727,454352.66,6224.00904109589,true
ee9581b4335f524894fff5254ebd4c55,feat_003,ST_44,2023,67,0.02732463295269168,29,0.43283582089552236,57435.67034482759,1665634.44,24860.215522388058,true
1ade3a312f88adc03a37e9f8862a0411,feat_003,ST_50,2025,65,0.04412763068567549,13,0.2,27386.387692307693,356023.04,5477.277538461538,true
fc7b2a5cda996d8f6fe0fee983ef014c,feat_003,ST_39,2022,62,0.036708111308466546,12,0.1935483870967742,38917.941666666666,467015.30,7532.504838709678,true
92a1aa30bcccee4328e4abb3d5c83e90,feat_003,ST_06,2018,60,0.0759493670886076,7,0.11666666666666667,17890.30857142857,125232.16,2087.2026666666666,true
7e31409137330ffd33c1d6f7cebfd925,feat_003,ST_49,2023,58,0.02365415986949429,12,0.20689655172413793,9190.103333333333,110281.24,1901.4006896551725,true
e362ebf0549628f8f3f382511c4deb58,feat_003,ST_27,2024,57,0.03329439252336448,6,0.10526315789473684,10716.818333333333,64300.91,1128.0861403508773,true
43711fc3ba86beefde98ce01b226b482,feat_003,ST_08,2020,56,0.06947890818858561,3,0.05357142857142857,12098.106666666667,36294.32,648.1128571428571,true
0d7f03b1199dcf1fd25c446642bdb4e2,feat_003,ST_27,2023,56,0.022838499184339316,13,0.23214285714285715,25933.521538461537,337135.78,6020.281785714286,true
24527ed20e1ba47a2fe2443a79ec46d7,feat_003,ST_06,2019,55,0.05939524838012959,5,0.09090909090909091,36287.892,181439.46,3298.8992727272725,true
76f4dcdabb897ccef34bad4fb324b449,feat_003,ST_18,2023,54,0.02202283849918434,22,0.4074074074074074,16641.186818181817,366106.11,6779.7427777777775,true
35842b01b999e40f3e3e74565b5b2157,feat_003,ST_44,2024,51,0.029789719626168224,14,0.27450980392156865,48183.680714285714,674571.53,13226.892745098039,true
fe32ce72ccead638b9ea33c348c6374a,feat_003,ST_49,2024,49,0.028621495327102803,4,0.08163265306122448,17476.5425,69906.17,1426.6565306122448,false
3d2244ea6b6803e606ae70d4833c4c3a,feat_003,ST_27,2025,49,0.03326544467073999,10,0.20408163265306123,29210.586,292105.86,5961.344081632653,false
abf2c2c00856fa3a83c0bfbed1a4b9e5,feat_003,ST_06,2020,48,0.05955334987593052,14,0.2916666666666667,20890.705,292469.87,6093.122291666667,false
5decd8137d4c30b09bc197f6a5c11c4c,feat_003,ST_26,2023,48,0.01957585644371941,18,0.375,28250.034444444445,508500.62,10593.762916666667,false
be0f411a73b8728e816c201ae5bcb3f4,feat_003,ST_25,2022,47,0.027827116637063352,11,0.23404255319148937,19737.688181818183,217114.57,4619.458936170213,false
6aee4fd15011d2a2490d58ae9e64fc87,feat_003,ST_22,2023,47,0.019168026101141926,10,0.2127659574468085,18299.218,182992.18,3893.450638297872,false
410f8de7773d968b9336ec6c9f981fa8,feat_003,ST_50,2019,47,0.05075593952483801,14,0.2978723404255319,17351.915714285715,242926.82,5168.655744680851,false
de10413931220fc66ebc01a618d49191,feat_003,ST_03,2022,46,0.027235050325636473,4,0.08695652173913043,46248.62,184994.48,4021.6191304347826,false
2ed2b3ca56ec45680fc3c00a9c5e07e5,feat_003,ST_41,2024,46,0.026869158878504672,4,0.08695652173913043,26129.855,104519.42,2272.161304347826,false
a94653cf97f2b11b653ddf46f83ec1d3,feat_003,ST_44,2022,45,0.02664298401420959,11,0.24444444444444444,19414.20090909091,213556.21,4745.693555555556,false
58f179c3cea9e2ba0b1076142abb86c0,feat_003,ST_25,2023,44,0.01794453507340946,9,0.20454545454545456,22760.044444444444,204840.40,4655.463636363636,false
741f608bda2ea0461095f763193e9617,feat_003,ST_39,2025,44,0.02987101154107264,11,0.25,28070.823636363635,308779.06,7017.705909090909,false
3b9586a3dddf94f4aa9a6b0652295b21,feat_003,ST_49,2025,44,0.02987101154107264,11,0.25,29203.96,321243.56,7300.99,false
b7ed461386b47f888068c4c1371ad974,feat_003,ST_39,2024,42,0.02453271028037383,5,0.11904761904761904,49447.496,247237.48,5886.606666666667,false
e213d0664526fe6d10563d154155b11c,feat_003,ST_27,2022,41,0.02427471876850207,8,0.1951219512195122,21204.62,169636.96,4137.486829268292,false
fec74b09907153886861ed90b8bbb06b,feat_003,ST_03,2025,41,0.027834351663272233,14,0.34146341463414637,48475.37285714286,678655.22,16552.566341463415,false
9c7bb9c2bf0dd1e23a393c32c25fd10a,feat_003,ST_26,2024,41,0.02394859813084112,10,0.24390243902439024,48106.289,481062.89,11733.241219512196,false
a3c2013767ecbe36ccc6da673be0227d,feat_003,ST_42,2022,41,0.02427471876850207,14,0.34146341463414637,59988.845,839843.83,20483.995853658536,false
706aed3a7f8b925cc1f00721fc5d3a37,feat_003,ST_39,2020,40,0.04962779156327544,3,0.075,3408.1566666666668,10224.47,255.61174999999997,false
9e4e58357243933ed7d893ab822ce46e,feat_003,ST_11,2023,39,0.015905383360522024,14,0.358974358974359,18052.07857142857,252729.10,6480.233333333334,false
d77cb219540d044d8b43a0f4fbc0a0df,feat_003,ST_49,2022,37,0.021906453522794554,7,0.1891891891891892,23526.912857142856,164688.39,4451.037567567568,false
564b7a1d0052f9f8ec14ead767e9fc7d,feat_003,ST_42,2023,37,0.015089722675367047,9,0.24324324324324326,15264.71,137382.39,3713.0375675675677,false
d117ff94e8cfdc36239d133c98422005,feat_003,ST_51,2023,36,0.01468189233278956,7,0.19444444444444445,6530.464285714285,45713.25,1269.8125,false
d590949ebd8244bb879d7e955e888eb6,feat_003,ST_14,2023,36,0.01468189233278956,10,0.2777777777777778,23480.526,234805.26,6522.368333333334,false
2082df33a071e095a7164f307ff0e059,feat_003,ST_19,2022,35,0.020722320899940794,5,0.14285714285714285,14147.084,70735.42,2021.012,false
c32905581a30ba579b67c66a83a7035e,feat_003,ST_19,2023,35,0.014274061990212071,14,0.4,42644.072857142855,597017.02,17057.629142857142,false
d18cf17ada6e8f09a42fc19603f904cd,feat_003,ST_03,2024,35,0.02044392523364486,6,0.17142857142857143,35715.93833333333,214295.63,6122.732285714286,false
a1dd13e2b12f9027f44dddd1b710c0a0,feat_003,ST_26,2019,35,0.03779697624190065,2,0.05714285714285714,10890.43,21780.86,622.3102857142858,false
98db103f598fec0882501af66d8846ce,feat_003,ST_11,2022,34,0.020130254588513915,6,0.17647058823529413,52122.085,312732.51,9198.015,false
02a3c508238e8c31577db819aec1734d,feat_003,ST_50,2018,34,0.043037974683544304,9,0.2647058823529412,64102.47777777778,576922.30,16968.302941176473,false
60a12c6ece455b2bf7c05ed3421bb028,feat_003,ST_32,2021,33,0.21710526315789475,5,0.15151515151515152,68746.064,343730.32,10416.070303030303,false
e44c3ca15fb91de1141ffd955c503ed7,feat_003,ST_42,2024,32,0.018691588785046728,5,0.15625,36992.706,184963.53,5780.1103125,false
f01c30bd6e4cbc5d30df166260e3404a,feat_003,ST_19,2024,32,0.018691588785046728,9,0.28125,57408.79555555555,516679.16,16146.22375,false
9a428b43ca3cbb4a08a1d2566acd400d,feat_003,ST_03,2018,32,0.04050632911392405,5,0.15625,11146.36,55731.80,1741.61875,false
323c1f111e93a76ea852b6fed2452cb4,feat_003,ST_18,2024,32,0.018691588785046728,4,0.125,44769.27,179077.08,5596.15875,false
88a77726c9c7b92c3eeec4f88e248c49,feat_003,ST_44,2025,32,0.02172437202987101,6,0.1875,22272.853333333333,133637.12,4176.16,false
245e838f9e376891b16b8edb5eaec80e,feat_003,ST_08,2018,31,0.039240506329113925,4,0.12903225806451613,24170.375,96681.50,3118.7580645161293,false
272032caab769d8e4af9cc5abd5f63d9,feat_003,ST_08,2019,31,0.03347732181425486,6,0.1935483870967742,30582.013333333332,183492.08,5919.09935483871,false
f6627f5eeefb6f720b77ab11bb2829a1,feat_003,ST_08,2022,31,0.018354055654233273,1,0.03225806451612903,15323.0,15323.00,494.2903225806452,false
42761a12d8023bf0794264012c174ff6,feat_003,ST_26,2022,31,0.018354055654233273,8,0.25806451612903225,28158.53875,225268.31,7266.719677419354,false
a5ac24e47ea224b6fc7333c80e9b3050,feat_003,ST_37,2023,31,0.01264274061990212,8,0.25806451612903225,47565.26875,380522.15,12274.90806451613,false
8817c7daa8563084acc034ddb20990d1,feat_003,ST_47,2023,30,0.012234910277324634,11,0.36666666666666664,11569.47090909091,127264.18,4242.1393333333335,false
3da01d623993fb511a64ed229fec7637,feat_003,ST_15,2023,30,0.012234910277324634,7,0.23333333333333334,27614.042857142857,193298.30,6443.276666666667,false
242637267f3018c249cc31319b895b49,feat_003,ST_41,2025,29,0.019687712152070606,10,0.3448275862068966,37833.24,378332.40,13045.944827586207,false
d9ca4446622f3b35289c302dc7bb3825,feat_003,ST_43,2023,29,0.011827079934747145,11,0.3793103448275862,20633.91909090909,226973.11,7826.658965517241,false
8383c8f711840f73f4fa0c89c8a6f35a,feat_003,ST_25,2025,29,0.019687712152070606,5,0.1724137931034483,14668.73,73343.65,2529.0913793103446,false
1071ffda46efaa8deb1e2d018d675cfc,feat_003,ST_43,2022,28,0.016577856719952634,10,0.35714285714285715,16120.751,161207.51,5757.411071428572,false
2c3b5f44eb458e1ba56aa2caa8ba2e4c,feat_003,ST_39,2019,27,0.029157667386609073,8,0.2962962962962963,44184.75625,353478.05,13091.77962962963,false
20285ea8188d63168cc1241ce07d8624,feat_003,ST_41,2018,27,0.03417721518987342,11,0.4074074074074074,14676.06090909091,161436.67,5979.135925925926,false
1d7107e17aa03727ec6b93efec7ac127,feat_003,ST_49,2020,27,0.033498759305210915,4,0.14814814814814814,23369.02,93476.08,3462.077037037037,false
3e4c3fe7dd0a9ce3a87f4311d66dcca0,feat_003,ST_17,2024,26,0.015186915887850467,1,0.038461538461538464,36164.35,36164.35,1390.9365384615385,false
cc66f09b4c4bf9e30dc6e15dd6a6473b,feat_003,ST_41,2019,26,0.028077753779697623,3,0.11538461538461539,13356.16,40068.48,1541.0953846153848,false
32982b40bd69f30767320fe32d802184,feat_003,ST_18,2019,26,0.028077753779697623,2,0.07692307692307693,42814.4,85628.80,3293.415384615385,false
52805c219ad4f7315e60c0c0c6bb9bb0,feat_003,ST_22,2022,26,0.015393724097098875,2,0.07692307692307693,28260.41,56520.82,2173.877692307692,false
01e3849b66e059a867d4d0ea3e3f728b,feat_003,ST_52,2023,25,0.010195758564437194,5,0.2,15250.752,76253.76,3050.1504,false
d1f45855309628c83db933cc755ce7af,feat_003,ST_17,2023,25,0.010195758564437194,7,0.28,45501.17428571429,318508.22,12740.3288,false
e1f7952c56fb1570939895f89ed6ae96,feat_003,ST_44,2019,25,0.026997840172786176,2,0.08,10674.01,21348.02,853.9208,false
e019e07795a2b2a13a3c5d565a7d0436,feat_003,ST_11,2024,25,0.014602803738317757,8,0.32,15772.09625,126176.77,5047.0708,false
1d83dda7e68de0a08eff5bf3490282b5,feat_003,ST_50,2020,25,0.031017369727047148,4,0.16,47587.8325,190351.33,7614.053199999999,false
c6820f6a9f6dad5971d4b47191093dae,feat_003,ST_47,2022,24,0.014209591474245116,7,0.2916666666666667,23762.338571428572,166336.37,6930.682083333333,false
3b53b5b982e6ab11315aee8d2749c43a,feat_003,ST_18,2022,24,0.014209591474245116,3,0.125,21710.046666666665,65130.14,2713.755833333333,false
0de1be4733c6f94dfd5c125cc48c0ad9,feat_003,ST_25,2024,23,0.013434579439252336,2,0.08695652173913043,27508.545,55017.09,2392.0473913043475,false
ea9d9eb9f72932e42f1b82f55430e69c,feat_003,ST_25,2019,23,0.024838012958963283,1,0.043478260869565216,11780.45,11780.45,512.1934782608696,false
d533d9104f7eb1e3becb6bb4013fff00,feat_003,ST_39,2018,22,0.027848101265822784,2,0.09090909090909091,58846.35,117692.70,5349.668181818181,false
db074dd6d33d87c85d3d84639028a679,feat_003,ST_15,2024,22,0.012850467289719626,8,0.36363636363636365,26887.97125,215103.77,9777.44409090909,false
f49d4a99fc2124af65c035541e7a00c9,feat_003,ST_51,2022,21,0.012433392539964476,5,0.23809523809523808,39187.528,195937.64,9330.36380952381,false
3da55bbe19dc1e470e38dac9ffdd37e9,feat_003,ST_27,2019,21,0.02267818574514039,4,0.19047619047619047,17730.365,70921.46,3377.2123809523814,false
943f3380e0b88bfa53642a3b9188541d,feat_003,ST_22,2019,21,0.02267818574514039,6,0.2857142857142857,24998.97,149993.82,7142.562857142858,false
46077725464920d35ff2d8f12ce4ce57,feat_003,ST_37,2025,21,0.014256619144602852,8,0.38095238095238093,35128.2375,281025.90,13382.185714285715,false
ef76342996e6be76b724c05e7c5ed1fc,feat_003,ST_03,2019,21,0.02267818574514039,1,0.047619047619047616,104971.12,104971.12,4998.624761904762,false
d126796def818bf02baccc23ff5db906,feat_003,ST_13,2023,21,0.008564437194127243,5,0.23809523809523808,12073.736,60368.68,2874.6990476190476,false
2abcf27fc8c3e1ce48b0a59fa58c8aa7,feat_003,ST_27,2020,20,0.02481389578163772,5,0.25,58104.956,290524.78,14526.239000000001,false
a363f14de0e395a1432602fdccbb1235,feat_003,ST_42,2020,20,0.02481389578163772,4,0.2,10475.83,41903.32,2095.166,false
8f261572a8ebc99c93a53270b8e3260c,feat_003,ST_51,2024,20,0.011682242990654205,6,0.3,40673.073333333334,244038.44,12201.922,false
7342a7785aecebaa2a5715438cdfa5da,feat_003,ST_18,2025,20,0.013577732518669382,10,0.5,23661.96,236619.60,11830.98,false
c228ec13843725f9af82a0449c2ae852,feat_003,ST_27,2018,20,0.02531645569620253,4,0.2,18229.6275,72918.51,3645.9255,false
d40a082f7d61132dfeb954fce34e1282,feat_003,ST_47,2024,19,0.011098130841121495,5,0.2631578947368421,7724.246,38621.23,2032.6963157894738,false
40b6dd4e78974e85acc14049f878dff9,feat_003,ST_18,2020,19,0.02357320099255583,4,0.21052631578947367,187422.035,749688.14,39457.27052631579,false
a540e3b5b0ec418dc82b09d1b19eae59,feat_003,ST_17,2022,19,0.011249259917110717,4,0.21052631578947367,59906.37,239625.48,12611.867368421053,false
483af981cf6fc3d1353aedd2cad96ecd,feat_003,ST_49,2019,19,0.020518358531317494,3,0.15789473684210525,63407.71,190223.13,10011.743684210527,false
985277fec565c0d93f258c2d149ea71f,feat_003,ST_52,2019,19,0.020518358531317494,4,0.21052631578947367,12622.2975,50489.19,2657.3257894736844,false
f1b4b7ea89955835a53426d6fa8c1a84,feat_003,ST_47,2025,19,0.012898845892735914,5,0.2631578947368421,37432.718,187163.59,9850.715263157894,false
b674ced41a902e152a938340c6bba448,feat_003,ST_03,2020,19,0.02357320099255583,7,0.3684210526315789,30168.214285714286,211177.50,11114.605263157895,false
badb34e98dd012ecd6e58ff4341c77be,feat_003,ST_17,2025,19,0.012898845892735914,3,0.15789473684210525,49583.76,148751.28,7829.014736842105,false
0d9239ea14366d04f1dbe744cf88722b,feat_003,ST_11,2025,19,0.012898845892735914,4,0.21052631578947367,72677.7075,290710.83,15300.570000000002,false
5ab2625b2cda5c0d6b7266d0fb3e594c,feat_003,ST_23,2025,19,0.012898845892735914,3,0.15789473684210525,26353.516666666666,79060.55,4161.081578947368,false
dfbe2b0b16440112d5b7030c8ab0c46a,feat_003,ST_46,2021,18,0.11842105263157894,1,0.05555555555555555,17432.8,17432.80,968.4888888888888,false
364d296296d96fbd547bb4f6653c0f02,feat_003,ST_14,2024,18,0.010514018691588784,1,0.05555555555555555,9523.32,9523.32,529.0733333333333,false
0b16834fb5d7fafc67429eb5b71cd4fd,feat_003,ST_02,2023,18,0.00734094616639478,5,0.2777777777777778,40572.954,202864.77,11270.265,false
5e3062de9bf36b781e9cc37f5a8d5a22,feat_003,ST_22,2018,18,0.02278481012658228,2,0.1111111111111111,27947.695,55895.39,3105.2994444444444,false
460e2accdd0589037f55b2d8cdb3ad63,feat_003,ST_26,2025,18,0.012219959266802444,8,0.4444444444444444,27482.485,219859.88,12214.437777777777,false
3c5eb6123df712483c08711efc7be840,feat_003,ST_09,2023,17,0.006933115823817292,5,0.29411764705882354,12061.01,60305.05,3547.3558823529415,false
7db649226ebafe4b2e612767b0b7b415,feat_003,ST_17,2020,17,0.02109181141439206,2,0.11764705882352941,14431.01,28862.02,1697.7658823529412,false
6d9c9fec1271e32a8df4475bccc2f1f4,feat_003,ST_20,2024,17,0.009929906542056074,3,0.17647058823529413,27224.983333333334,81674.95,4804.408823529411,false
ce6ac8e9778f802d69534aca4fa443ad,feat_003,ST_33,2022,17,0.010065127294256957,2,0.11764705882352941,6493.95,12987.90,763.9941176470588,false
4d86105cf29b0ef0fdb130be03821fdb,feat_003,ST_37,2024,17,0.009929906542056074,3,0.17647058823529413,14860.33,44580.99,2622.411176470588,false
60e391f3e10822685f9eba31f1a9df6d,feat_003,ST_23,2022,17,0.010065127294256957,3,0.17647058823529413,19482.56333333333,58447.69,3438.099411764706,false
c1c0736401b4bf1bbb9d51c8dc0fe73a,feat_003,ST_52,2025,17,0.011541072640868975,3,0.17647058823529413,72403.8,217211.40,12777.141176470588,false
bb3c3f800633b38ad51d53f0fc142be4,feat_003,ST_52,2022,17,0.010065127294256957,3,0.17647058823529413,16830.03,50490.09,2970.005294117647,false
0b81b5c10ea806892f7c35064e3ec16a,feat_003,ST_44,2020,17,0.02109181141439206,4,0.23529411764705882,5162.5475,20650.19,1214.7170588235294,false
9da4caaf2ea07f70302cc65cb9445d86,feat_003,ST_37,2018,17,0.021518987341772152,1,0.058823529411764705,2367.1,2367.10,139.24117647058824,false
1c5d65fdcc156103f7935190a8fd87e4,feat_003,ST_41,2020,17,0.02109181141439206,1,0.058823529411764705,18324.96,18324.96,1077.9388235294118,false
0bc100e7a87f024bf67be12f3c373c2a,feat_003,ST_20,2023,17,0.006933115823817292,6,0.35294117647058826,36346.42,218078.52,12828.148235294117,false
b73b61068a75a259c5bd88d369f21805,feat_003,ST_37,2022,16,0.009473060982830076,1,0.0625,8173.96,8173.96,510.8725,false
c91c1cc47969358047ca9cf6d03256bf,feat_003,ST_11,2018,16,0.020253164556962026,1,0.0625,16299.2,16299.20,1018.7,false
2609eb7db4f11acb7aa18b3042812900,feat_003,ST_37,2019,16,0.017278617710583154,1,0.0625,1619.2,1619.20,101.2,false
d01a423fc053e0fbf6fe838937199866,feat_003,ST_22,2025,16,0.010862186014935505,3,0.1875,24543.146666666667,73629.44,4601.84,false
01ddf4b492e6cc423f6552e1266fe190,feat_003,ST_23,2023,16,0.0065252854812398045,2,0.125,22316.11,44632.22,2789.51375,false
66cd3c1c8c4ef35d4b7c8602cb2c1e31,feat_003,ST_11,2020,16,0.019851116625310174,6,0.375,17919.046666666665,107514.28,6719.6425,false
7e9dbbfbe5e1b388e8810fc705f5c11f,feat_003,ST_22,2024,16,0.009345794392523364,6,0.375,26301.44,157808.64,9863.04,false
cc021e72d6b97e5320f6143d8af0c429,feat_003,ST_33,2025,16,0.010862186014935505,1,0.0625,0.0,0.00,0.0,false
2f6c863bd347067f8d355474121eb750,feat_003,ST_13,2024,16,0.009345794392523364,5,0.3125,89162.076,445810.38,27863.14875,false
ae82ace3f185f0a393b977b3fc9c20c2,feat_003,ST_23,2019,15,0.016198704103671708,1,0.06666666666666667,28693.94,28693.94,1912.9293333333333,false
4133734f9609ecc55da889a13d8b105e,feat_003,ST_14,2022,15,0.008880994671403197,0,0.0,,0.00,0.0,false
6f45ffaf4aa30f313928f3cfd388296e,feat_003,ST_09,2018,15,0.0189873417721519,3,0.2,54794.15,164382.45,10958.83,false
8863b3695157d10686a72dd59854bf5d,feat_003,ST_15,2025,15,0.010183299389002037,4,0.26666666666666666,25148.07,100592.28,6706.152,false
da1c2f2f682501621152fcce77bdcea4,feat_003,ST_25,2018,15,0.0189873417721519,2,0.13333333333333333,12052.23,24104.46,1606.964,false
324fffea38938bfb6c0ca9c1c579be4c,feat_003,ST_02,2024,14,0.008177570093457943,3,0.21428571428571427,5201.86,15605.58,1114.6842857142858,false
ab5de29871b7ff1bb6839652b1eac76b,feat_003,ST_17,2018,14,0.017721518987341773,4,0.2857142857142857,23111.6075,92446.43,6603.316428571428,false
38ede1fd3712748c4c54a42aee037fa0,feat_003,ST_24,2023,14,0.005709624796084829,2,0.14285714285714285,35798.82,71597.64,5114.117142857142,false
7c16c1bd9fcda43cc5a6bf9d1c0a51ce,feat_003,ST_14,2019,14,0.01511879049676026,3,0.21428571428571427,55760.83666666667,167282.51,11948.750714285716,false
2688ef9e18432ba26cf14c333f685ae2,feat_003,ST_37,2020,14,0.017369727047146403,1,0.07142857142857142,31857.1,31857.10,2275.5071428571428,false
bf452a70978e13f6e9aa15903542f986,feat_003,ST_13,2022,14,0.008288928359976317,3,0.21428571428571427,36311.736666666664,108935.21,7781.086428571429,false
d9dbaaea4abbbaff5eae557d5f48186e,feat_003,ST_52,2024,14,0.008177570093457943,2,0.14285714285714285,23160.935,46321.87,3308.7050000000004,false
296276bab9fd18f55d301969eea2fa8b,feat_003,ST_04,2023,14,0.005709624796084829,2,0.14285714285714285,6624.46,13248.92,946.3514285714285,false
bede83783869253f18ee4f1ee4fb86a9,feat_003,ST_33,2023,14,0.005709624796084829,0,0.0,,0.00,0.0,false
de9d0c1eecd3d7eecd86caa4b6dcdd9d,feat_003,ST_43,2018,14,0.017721518987341773,3,0.21428571428571427,29497.666666666668,88493.00,6320.928571428572,false
38b813aa805460450c08553b1577abd1,feat_003,ST_24,2022,14,0.008288928359976317,3,0.21428571428571427,12838.013333333334,38514.04,2751.002857142857,false
ace451ea98e4c5cbf0084328648340a0,feat_003,ST_47,2018,13,0.016455696202531647,1,0.07692307692307693,5058.95,5058.95,389.15,false
1857dcb831278461bde310bb7c00be8c,feat_003,ST_11,2019,13,0.014038876889848811,2,0.15384615384615385,7109.17,14218.34,1093.7184615384615,false
2d209d24c509315f0f57e4e5f77dabe1,feat_003,ST_44,2018,13,0.016455696202531647,0,0.0,,0.00,0.0,false
d72e0dafaad90e671032af44e6d01bc8,feat_003,ST_19,2019,13,0.014038876889848811,2,0.15384615384615385,11931.0,23862.00,1835.5384615384614,false
3ccd82ba0f2a818e169e42576548a22f,feat_003,ST_18,2018,13,0.016455696202531647,4,0.3076923076923077,28781.5025,115126.01,8855.846923076922,false
af1efdef4737259b1fb748b44358a0a3,feat_003,ST_40,2022,13,0.0076968620485494375,4,0.3076923076923077,17803.75,71215.00,5478.076923076923,false
7b94fab23d8e58ce5d9b9377482a1e12,feat_003,ST_42,2025,13,0.008825526137135099,2,0.15384615384615385,45030.12,90060.24,6927.71076923077,false
19f20bad5a618ebb029567175c27c5cb,feat_003,ST_49,2018,13,0.016455696202531647,1,0.07692307692307693,15862.57,15862.57,1220.1976923076923,false
d95fddce5f058bbf1f0b12c677fc6c8e,feat_003,ST_26,2018,13,0.016455696202531647,0,0.0,,0.00,0.0,false
c4f42d703c345f4511b0c82e23794285,feat_003,ST_34,2024,13,0.007593457943925234,2,0.15384615384615385,13954.68,27909.36,2146.873846153846,false
7c2862e8956ec094e7e911f2076646ca,feat_003,ST_20,2022,13,0.0076968620485494375,3,0.23076923076923078,29678.383333333335,89035.15,6848.857692307692,false
302cc2f038f06754e551b708dcf26905,feat_003,ST_01,2022,13,0.0076968620485494375,3,0.23076923076923078,17505.493333333332,52516.48,4039.729230769231,false
00d2b8c639aa6e80bea1de9f4dbbae66,feat_003,ST_40,2023,13,0.005301794453507341,2,0.15384615384615385,51312.32,102624.64,7894.203076923077,false
d789986c95168454bd8e512293968324,feat_003,ST_52,2018,13,0.016455696202531647,1,0.07692307692307693,33506.11,33506.11,2577.393076923077,false
248c2d78b6a186dc9c1702061b6dbf12,feat_003,ST_40,2024,12,0.007009345794392523,0,0.0,,0.00,0.0,false
c976a0bcdf6fe44bf36b112a3248fc14,feat_003,ST_25,2020,12,0.01488833746898263,1,0.08333333333333333,14630.48,14630.48,1219.2066666666667,false
6e6e86a7fa052f85fa4efc8103ffbbd4,feat_003,ST_42,2018,12,0.015189873417721518,0,0.0,,0.00,0.0,false
989ebab7f64f71ff7992699abf542e0f,feat_003,ST_19,2018,12,0.015189873417721518,2,0.16666666666666666,68734.36,137468.72,11455.726666666667,false
3135903c3de95f85c613a77bc1565018,feat_003,ST_23,2020,12,0.01488833746898263,1,0.08333333333333333,12486.41,12486.41,1040.5341666666666,false
43c4498c259b3f219e6f047b78cc1b68,feat_003,ST_26,2020,12,0.01488833746898263,2,0.16666666666666666,20422.75,40845.50,3403.7916666666665,false
24e2c2136270c107b1e49c732c7acd09,feat_003,ST_08,2021,12,0.07894736842105263,0,0.0,,0.00,0.0,false
ef9d04a34949824d405083a9657f2cdd,feat_003,ST_21,2025,12,0.008146639511201629,2,0.16666666666666666,3602.04,7204.08,600.34,false
e15c13acf217165690d7993f277e928f,feat_003,ST_42,2019,11,0.011879049676025918,0,0.0,,0.00,0.0,false
b651781aff2d6d41f6c551deece8f410,feat_003,ST_14,2025,11,0.00746775288526816,1,0.09090909090909091,8492.3,8492.30,772.0272727272727,false
13ccb0d4c33165fffe27c8a3497e601d,feat_003,ST_09,2025,11,0.00746775288526816,6,0.5454545454545454,9978.605,59871.63,5442.875454545454,false
bdad30cf30e39f3c26f4f57370cde3d4,feat_003,ST_50,2021,11,0.07236842105263158,1,0.09090909090909091,30536.81,30536.81,2776.0736363636365,false
6f3d48afd5848ad41343110dbb27ad38,feat_003,ST_51,2025,11,0.00746775288526816,3,0.2727272727272727,36579.12,109737.36,9976.123636363636,false
1608580a6b53b97bf13acb9830ae60bd,feat_003,ST_34,2023,11,0.004486133768352365,2,0.18181818181818182,19076.16,38152.32,3468.3927272727274,false
4064a802e326939f006f461611e7e19c,feat_003,ST_13,2020,11,0.013647642679900745,0,0.0,,0.00,0.0,false
e7f820d5e6cabf9a0674bfe8c8093bcc,feat_003,ST_43,2019,11,0.011879049676025918,3,0.2727272727272727,6092.68,18278.04,1661.64,false
81d1a89390cfdc33fd5b9a08752e23f6,feat_003,ST_17,2019,10,0.01079913606911447,5,0.5,32577.392,162886.96,16288.696,false
866d66575a86a7946dc87b87f008feea,feat_003,ST_04,2020,10,0.01240694789081886,4,0.4,9888.74,39554.96,3955.496,false
742c7269ac48f49c6d414ab7aadb0281,feat_003,ST_33,2024,10,0.005841121495327103,0,0.0,,0.00,0.0,false
92837f774e1f25de0fdd57bf99a9cf5e,feat_003,ST_39,2021,10,0.06578947368421052,0,0.0,,0.00,0.0,false
81da6a435f43ab1645e07f1109530118,feat_003,ST_30,2023,10,0.004078303425774877,4,0.4,22588.625,90354.50,9035.45,false
cb79a0d285a5eb92e425029cd64f5c1d,feat_003,ST_54,2022,10,0.005920663114268798,2,0.2,13614.1,27228.20,2722.82,false
b8a130dcffd70bc207caee6bc47058d5,feat_003,ST_07,2021,10,0.06578947368421052,3,0.3,4015.9733333333334,12047.92,1204.792,false
455265c13bf6b88cbd1a7d09751dde54,feat_003,ST_47,2019,10,0.01079913606911447,3,0.3,4366.95,13100.85,1310.085,false
d56b6eef5ca845618905953fb141a856,feat_003,ST_20,2020,9,0.011166253101736972,1,0.1111111111111111,20413.25,20413.25,2268.1388888888887,false
75cf65568559287dbd2b988c4c2a8b22,feat_003,ST_22,2020,9,0.011166253101736972,2,0.2222222222222222,50182.25,100364.50,11151.611111111111,false
8e194ab8e7da3fb94ea370d2a0e2519c,feat_003,ST_02,2025,9,0.006109979633401222,1,0.1111111111111111,26166.53,26166.53,2907.3922222222222,false
437f8bf7b5d6e49f705b178dd2f64c55,feat_003,ST_05,2022,9,0.0053285968028419185,0,0.0,,0.00,0.0,false
8d990535ec0d33ffaf3741c8ba9beb42,feat_003,ST_15,2022,9,0.0053285968028419185,3,0.3333333333333333,29079.556666666667,87238.67,9693.185555555556,false
8fafa016e926ace94a360e1f102edcf7,feat_003,ST_54,2023,9,0.00367047308319739,1,0.1111111111111111,12530.4,12530.40,1392.2666666666667,false
d36fdcb03cb0300476dc83a1a1bc8fde,feat_003,ST_20,2018,9,0.01139240506329114,1,0.1111111111111111,3509.1,3509.10,389.9,false
228d0d1ef5fff6bee0c1bb039d654773,feat_003,ST_23,2018,9,0.01139240506329114,1,0.1111111111111111,23912.71,23912.71,2656.967777777778,false
d78410ab7a54921bc34aae760fe785aa,feat_003,ST_10,2023,9,0.00367047308319739,0,0.0,,0.00,0.0,false
759f82af28f01f28dc3b76ace18a468a,feat_003,ST_31,2023,9,0.00367047308319739,1,0.1111111111111111,5672.65,5672.65,630.2944444444444,false
db2c2b17852586330a9a6135a798c08f,feat_003,ST_54,2025,9,0.006109979633401222,1,0.1111111111111111,15578.93,15578.93,1730.9922222222222,false
73466ea21d236033fcacfa1296800fb7,feat_003,ST_20,2025,9,0.006109979633401222,0,0.0,,0.00,0.0,false
0a2e86f74b8a8b9b9a2760e449c4f044,feat_003,ST_09,2024,9,0.005257009345794392,1,0.1111111111111111,321281.48,321281.48,35697.94222222222,false
47bf33181623809483af022ed35187ec,feat_003,ST_31,2022,9,0.0053285968028419185,1,0.1111111111111111,10174.02,10174.02,1130.4466666666667,false
e8b6266fc7dffbc6a2f1bd18fd4789f3,feat_003,ST_10,2022,8,0.004736530491415038,0,0.0,,0.00,0.0,false
8a5218f68c5cdbeb60a8f61a4bc158f7,feat_003,ST_14,2018,8,0.010126582278481013,1,0.125,11828.42,11828.42,1478.5525,false
d5ab07538bc81c2904308420db175f66,feat_003,ST_21,2022,8,0.004736530491415038,0,0.0,,0.00,0.0,false
140b953bb3c698d583e3390614536d1f,feat_003,ST_02,2019,8,0.008639308855291577,0,0.0,,0.00,0.0,false
2abe28dab20a55435f2ca45c1c0210e7,feat_003,ST_24,2018,8,0.010126582278481013,3,0.375,8549.426666666666,25648.28,3206.035,false
aa63e431286c16c06bbc4c8b040a0d2b,feat_003,ST_19,2025,8,0.005431093007467753,4,0.5,53689.0075,214756.03,26844.50375,false
cee311a92be4656b945712b206906d15,feat_003,ST_54,2024,8,0.004672897196261682,1,0.125,1304.43,1304.43,163.05375,false
7ec6d67c8361693ffb3b30d9673140af,feat_003,ST_13,2025,8,0.005431093007467753,2,0.25,8625.34,17250.68,2156.335,false
62496e25080785ad60b09ecc0d4bea5a,feat_003,ST_34,2025,8,0.005431093007467753,1,0.125,336680.73,336680.73,42085.09125,false
86d572bb63c372d3599a79b10b9df236,feat_003,ST_55,2019,8,0.008639308855291577,3,0.375,69541.68,208625.04,26078.13,false
678409344280186970ef2d6d46fd8022,feat_003,ST_40,2018,8,0.010126582278481013,0,0.0,,0.00,0.0,false
ec29666cc69e5ab28b837b44f43d1b84,feat_003,ST_43,2024,8,0.004672897196261682,4,0.5,34851.53,139406.12,17425.765,false
545577856896d38dcbdb65eadaa94f06,feat_003,ST_40,2020,8,0.009925558312655087,2,0.25,7273.24,14546.48,1818.31,false
d79ffe0e6a38ee45a695043b3e55b4ad,feat_003,ST_35,2018,7,0.008860759493670886,1,0.14285714285714285,36228.22,36228.22,5175.46,false
49f87a3624169fdfe63f2d05792e705e,feat_003,ST_24,2019,7,0.00755939524838013,5,0.7142857142857143,5987.776,29938.88,4276.982857142857,false
300ced39f1ddfcabf494e40e289201df,feat_003,ST_14,2020,7,0.008684863523573201,0,0.0,,0.00,0.0,false
bf044290a79fa8969e633457228e4e05,feat_003,ST_45,2023,7,0.0028548123980424145,4,0.5714285714285714,50523.985,202095.94,28870.84857142857,false
68522a19ffd890b209851ad5e9b9b557,feat_003,ST_31,2018,7,0.008860759493670886,2,0.2857142857142857,2349.22,4698.44,671.2057142857142,false
34e153bc87b9f36b55aafbcac70dcda3,feat_003,ST_55,2024,7,0.0040887850467289715,1,0.14285714285714285,8084.39,8084.39,1154.912857142857,false
b457378e147cce8ffc8e98d10e299b6b,feat_003,ST_52,2020,7,0.008684863523573201,1,0.14285714285714285,116287.94,116287.94,16612.562857142857,false
073137433f9d6f76618b9ed7f20ff7bf,feat_003,ST_04,2019,7,0.00755939524838013,1,0.14285714285714285,21805.01,21805.01,3115.0014285714283,false
7f538fac746164910daa977701bc10f7,feat_003,ST_45,2025,7,0.0047522063815342835,1,0.14285714285714285,33551.83,33551.83,4793.118571428572,false
ef2ce4538c3e919ee0ba636448377d8c,feat_003,ST_55,2025,6,0.004073319755600814,4,0.6666666666666666,30765.6475,123062.59,20510.431666666667,false
b1475b1b1a36f4ff9d28a1118e6bc0e3,feat_003,ST_34,2019,6,0.0064794816414686825,0,0.0,,0.00,0.0,false
d8655b48d947644be311cc89fbb5d44f,feat_003,ST_20,2019,6,0.0064794816414686825,2,0.3333333333333333,9852.28,19704.56,3284.0933333333337,false
b851c02a47dd25ab43ec5a9e573d6e27,feat_003,ST_15,2018,6,0.007594936708860759,2,0.3333333333333333,20967.3,41934.60,6989.099999999999,false
0711a8650d5d64aa7ca486c1625d9369,feat_003,ST_02,2020,6,0.007444168734491315,3,0.5,10431.29,31293.87,5215.6449999999995,false
da802d1c66fb9b3f98f7b4f605ade10b,feat_003,ST_55,2023,6,0.0024469820554649264,3,0.5,7285.096666666666,21855.29,3642.5483333333336,false
d98016ac17e179b2be406a9ef960054b,feat_003,ST_40,2019,6,0.0064794816414686825,0,0.0,,0.00,0.0,false
2e111f3ca2219a99144608a04f7544aa,feat_003,ST_51,2020,6,0.007444168734491315,1,0.16666666666666666,30116.48,30116.48,5019.413333333333,false
933f3248eb940b0841451389f4cac35f,feat_003,ST_45,2024,6,0.0035046728971962616,2,0.3333333333333333,24515.9,49031.80,8171.966666666667,false
46dffc67f96cfd076ac622bb63decae5,feat_003,ST_34,2022,6,0.003552397868561279,0,0.0,,0.00,0.0,false
1114cf77722b9cee92d2e69db97dfc34,feat_003,ST_16,2024,5,0.0029205607476635513,1,0.2,26877.76,26877.76,5375.552,false
f95992b29e70731b8de5639929614e94,feat_003,ST_55,2020,5,0.00620347394540943,2,0.4,37602.095,75204.19,15040.838,false
a82431450e34880391c2b85ec574bc60,feat_003,ST_06,2021,5,0.03289473684210526,2,0.4,4996.67,9993.34,1998.6680000000001,false
01e00f01384d25d6e51a07332424c254,feat_003,ST_43,2025,5,0.0033944331296673455,3,0.6,59524.70333333333,178574.11,35714.822,false
6304a9b075100d3f433a1bbb7d06a915,feat_003,ST_31,2024,5,0.0029205607476635513,1,0.2,33213.82,33213.82,6642.764,false
a94535a622250354787f811c287572e4,feat_003,ST_12,2024,5,0.0029205607476635513,0,0.0,,0.00,0.0,false
78527e1235760270749b1745d880153e,feat_003,ST_03,2021,5,0.03289473684210526,0,0.0,,0.00,0.0,false
fc8621ea130a40286af0ed3c9256c715,feat_003,ST_23,2024,5,0.0029205607476635513,4,0.8,21576.7125,86306.85,17261.370000000003,false
49cdce2788c441a95f7566677fb7fafd,feat_003,ST_05,2024,5,0.0029205607476635513,0,0.0,,0.00,0.0,false
700ef708f8697cc0ad68d8c9342a1958,feat_003,ST_43,2020,5,0.00620347394540943,1,0.2,510.2,510.20,102.03999999999999,false
5f463b149956c9d94c03573ae745d4ec,feat_003,ST_30,2025,5,0.0033944331296673455,2,0.4,20766.55,41533.10,8306.619999999999,false
152ec86e49ec51334d439010604918ce,feat_003,ST_16,2018,5,0.006329113924050633,0,0.0,,0.00,0.0,false
cac9b007a9bdf6f247576f361566de52,feat_003,ST_16,2025,5,0.0033944331296673455,2,0.4,21051.55,42103.10,8420.619999999999,false
0162420df6249a77aeacb24bb8b2c4ed,feat_003,ST_16,2023,5,0.0020391517128874386,4,0.8,26981.32,107925.28,21585.056,false
815d42f5932fc6dfca9717ac36134fdb,feat_003,ST_16,2019,5,0.005399568034557235,1,0.2,1.27,1.27,0.254,false
b7c8fbd05c50506d8dc867211918271f,feat_003,ST_40,2025,5,0.0033944331296673455,1,0.2,30197.97,30197.97,6039.594,false
dcd2cf295cd1d6e46ebf37fae629b6fb,feat_003,ST_35,2019,5,0.005399568034557235,1,0.2,43200.51,43200.51,8640.102,false
24190205492e10c6aed81107e2c83680,feat_003,ST_31,2025,5,0.0033944331296673455,2,0.4,17960.53,35921.06,7184.2119999999995,false
ddf33f8f5eb797ff6dad2843b9627943,feat_003,ST_33,2020,5,0.00620347394540943,0,0.0,,0.00,0.0,false
f4732fc16961abeb0de3ffef18f4ec2b,feat_003,ST_12,2025,5,0.0033944331296673455,3,0.6,96279.86,288839.58,57767.916000000005,false
371ecc87c3fbe023e3623b58253902b2,feat_003,ST_13,2019,4,0.004319654427645789,2,0.5,27093.75,54187.50,13546.875,false
fea0cd493bb6a8173b78646bb5fb4460,feat_003,ST_44,2021,4,0.02631578947368421,1,0.25,5433.28,5433.28,1358.32,false
a0b0a8e752f37ee787966b017bd41318,feat_003,ST_33,2019,4,0.004319654427645789,1,0.25,1898.84,1898.84,474.71,false
643b815b58e3d47e2aef3e3ce919cc6a,feat_003,ST_51,2018,4,0.005063291139240506,2,0.5,123486.6,246973.20,61743.3,false
1aadeff98523aa392e312e6d6c871f67,feat_003,ST_18,2021,4,0.02631578947368421,0,0.0,,0.00,0.0,false
fdca2ca4aa5f5ad7019ec27fa89293fa,feat_003,ST_29,2023,4,0.0016313213703099511,0,0.0,,0.00,0.0,false
b5602921538d399b21bc324fbb9d484c,feat_003,ST_13,2018,4,0.005063291139240506,2,0.5,44183.14,88366.28,22091.57,false
841eed30a4e8da86a95060f235610436,feat_003,ST_02,2018,4,0.005063291139240506,0,0.0,,0.00,0.0,false
9d63ef1c71b7166fab1acd1f3758ff3c,feat_003,ST_09,2020,4,0.004962779156327543,0,0.0,,0.00,0.0,false
10a76ea56feb888a56893d19dac9ca54,feat_003,ST_35,2023,4,0.0016313213703099511,2,0.5,17487.485,34974.97,8743.7425,false
4c809d63de13bdc8fa9d961d203282bf,feat_003,ST_01,2024,4,0.002336448598130841,4,1.0,52610.7775,210443.11,52610.7775,false
f05461a4c81d83853964899ab2597ec5,feat_003,ST_09,2022,4,0.002368265245707519,0,0.0,,0.00,0.0,false
6f6f53253b7342fb52648a06284f3707,feat_003,ST_49,2021,4,0.02631578947368421,0,0.0,,0.00,0.0,false
0774ca5bd9b69133dedffc877605f852,feat_003,ST_02,2022,4,0.002368265245707519,1,0.25,12623.3,12623.30,3155.825,false
9bf0f3187bdada088c0b9a38c7eac76d,feat_003,ST_53,2020,4,0.004962779156327543,2,0.5,25886.87,51773.74,12943.435,false
8293bbcf22c26d394ea99c944fc31dd0,feat_003,ST_19,2020,4,0.004962779156327543,0,0.0,,0.00,0.0,false
a13e272084c23a010fa80ea365a47a6b,feat_003,ST_04,2025,4,0.0027155465037338763,2,0.5,2812.15,5624.30,1406.075,false
57ec3cadd7eba73db4cf18034ce48c6b,feat_003,ST_35,2024,4,0.002336448598130841,3,0.75,9646.51,28939.53,7234.8825,false
005ce18aa817b99a75ea4132cc6a89f9,feat_003,ST_26,2021,4,0.02631578947368421,1,0.25,42893.23,42893.23,10723.3075,false
39b68ee84114a806cbe64d9906a0e07a,feat_003,ST_31,2019,4,0.004319654427645789,1,0.25,28144.77,28144.77,7036.1925,false
d6cf58c364c3df68af132560a4488e55,feat_003,ST_30,2020,4,0.004962779156327543,0,0.0,,0.00,0.0,false
acaacbbdaf011ef5957bfaa3f8f87197,feat_003,ST_55,2022,4,0.002368265245707519,2,0.5,19188.55,38377.10,9594.275,false
d3b90a25ce0464854dd4445727950f72,feat_003,ST_30,2024,4,0.002336448598130841,0,0.0,,0.00,0.0,false
afb3c79f6cfa88adb90fefe0f373ae50,feat_003,ST_51,2019,4,0.004319654427645789,2,0.5,994.78,1989.56,497.39,false
f964a9dcc3166e65351b883c74694efe,feat_003,ST_53,2019,4,0.004319654427645789,0,0.0,,0.00,0.0,false
e4e89c2b718a3768810c81d6e35e4d1a,feat_003,ST_04,2022,4,0.002368265245707519,0,0.0,,0.00,0.0,false
0767ee5815cf64149cf2cba9ce3374d4,feat_003,ST_10,2019,4,0.004319654427645789,0,0.0,,0.00,0.0,false
236f4b1fbabb7af713f410c13a72c524,feat_003,ST_48,2024,4,0.002336448598130841,0,0.0,,0.00,0.0,false
b4a3b852e5a78baac03b0181f94971b3,feat_003,ST_05,2023,3,0.0012234910277324632,0,0.0,,0.00,0.0,false
16df3189a6d5135e435ad91ec4802cb0,feat_003,ST_30,2022,3,0.0017761989342806395,0,0.0,,0.00,0.0,false
1d17c5005ee6e7c7dd853eda2fa38f36,feat_003,ST_35,2022,3,0.0017761989342806395,2,0.6666666666666666,31262.54,62525.08,20841.693333333333,false
1b4edf2c7f22865b885762980ce1f518,feat_003,ST_09,2019,3,0.0032397408207343412,1,0.3333333333333333,30183.67,30183.67,10061.223333333333,false
c192db8926334103694c14b9a1853267,feat_003,ST_52,2021,3,0.019736842105263157,0,0.0,,0.00,0.0,false
f29e879b90f4f010c7d24d256db3489e,feat_003,ST_27,2021,3,0.019736842105263157,1,0.3333333333333333,16638.95,16638.95,5546.316666666667,false
db61a9d2fa23df43b957b49185167859,feat_003,ST_48,2022,3,0.0017761989342806395,0,0.0,,0.00,0.0,false
602eba6e4644c0ba48e2eba0f52ac5fb,feat_003,ST_05,2019,3,0.0032397408207343412,0,0.0,,0.00,0.0,false
5a840a25fb4f6d54162390505050b4c0,feat_003,ST_38,2025,3,0.002036659877800407,0,0.0,,0.00,0.0,false
48cca98e5e289d4f11ca2966ff47dd1b,feat_003,ST_01,2023,3,0.0012234910277324632,0,0.0,,0.00,0.0,false
818037d6372d51a02e5e4ae0a01bed28,feat_003,ST_24,2024,3,0.0017523364485981308,1,0.3333333333333333,31927.33,31927.33,10642.443333333335,false
6a10509ac8bd3541ae3d44c3be3e2ef5,feat_003,ST_10,2020,3,0.0037220843672456576,0,0.0,,0.00,0.0,false
0e6283e8951351e1e7f2fce7519b6fdf,feat_003,ST_31,2021,3,0.019736842105263157,0,0.0,,0.00,0.0,false
75d6d930e5699744211bd22324f4d088,feat_003,ST_21,2024,3,0.0017523364485981308,1,0.3333333333333333,12869.33,12869.33,4289.776666666667,false
322dd2e2684c52e2158c7995c1567dfb,feat_003,ST_05,2025,3,0.002036659877800407,0,0.0,,0.00,0.0,false
fefb15c01d2c761c3c3d57c6cc3b4f96,feat_003,ST_16,2020,3,0.0037220843672456576,0,0.0,,0.00,0.0,false
fce4ec0ec7b579781b690cc646a46189,feat_003,ST_20,2021,3,0.019736842105263157,0,0.0,,0.00,0.0,false
934b4274e82e7919ee56b33863318f45,feat_003,ST_01,2025,3,0.002036659877800407,0,0.0,,0.00,0.0,false
24bf04dc425f5dc788e9d55fbb085311,feat_003,ST_30,2019,3,0.0032397408207343412,0,0.0,,0.00,0.0,false
dcd0384a0bb5a3acbae409e7b5040581,feat_003,ST_10,2025,3,0.002036659877800407,0,0.0,,0.00,0.0,false
f4c39a84c555e6611200e223d618b499,feat_003,ST_47,2020,3,0.0037220843672456576,2,0.6666666666666666,71717.2,143434.40,47811.46666666667,false
633ffb3b6bf0421d11cfc9e4f9ac0787,feat_003,ST_48,2023,3,0.0012234910277324632,0,0.0,,0.00,0.0,false
e117d7fe9e0371f76f98c19401a5f14e,feat_003,ST_29,2022,3,0.0017761989342806395,0,0.0,,0.00,0.0,false
4a660431590cf4dc8415da4968acd981,feat_003,ST_01,2019,3,0.0032397408207343412,0,0.0,,0.00,0.0,false
ad1661dd5eb1b41431ae3fbacc2c988d,feat_003,ST_15,2019,3,0.0032397408207343412,0,0.0,,0.00,0.0,false
d3102402ffc4c28fab7899ad79082dbb,feat_003,ST_05,2018,2,0.002531645569620253,0,0.0,,0.00,0.0,false
091d80c95ec492c54ee2038e7254bf31,feat_003,ST_16,2022,2,0.0011841326228537595,0,0.0,,0.00,0.0,false
25e61aa8f6b9a6898e323b9d7445991c,feat_003,ST_22,2021,2,0.013157894736842105,2,1.0,19872.0,39744.00,19872.0,false
e4adbaba52f128dcb53fc7d445b93388,feat_003,ST_11,2021,2,0.013157894736842105,1,0.5,26062.31,26062.31,13031.155,false
c27cd62cf52a55fcf954a9474c098332,feat_003,ST_12,2023,2,0.0008156606851549756,0,0.0,,0.00,0.0,false
5326674e28fbd9072c2b0e2be06b0566,feat_003,ST_34,2021,2,0.013157894736842105,0,0.0,,0.00,0.0,false
e8cda9e8826cb20223c8e58d55f3efc3,feat_003,ST_29,2025,2,0.0013577732518669382,0,0.0,,0.00,0.0,false
2935486499a0d60018623e1e055ac43c,feat_003,ST_41,2021,2,0.013157894736842105,2,1.0,18520.23,37040.46,18520.23,false
c5546d19d29c27503dd7f91fd76dc554,feat_003,ST_48,2025,2,0.0013577732518669382,2,1.0,8331.89,16663.78,8331.89,false
cbf439b16b737f92f23e6a5f81f18d9d,feat_003,ST_24,2025,2,0.0013577732518669382,2,1.0,37317.68,74635.36,37317.68,false
262294821973239e1988b2c2261a234e,feat_003,ST_01,2020,2,0.0024813895781637717,0,0.0,,0.00,0.0,false
b7b562fc51dff6bc2bd06b78b898e6e9,feat_003,ST_42,2021,2,0.013157894736842105,0,0.0,,0.00,0.0,false
377fa4922f85599b61695516f90b6190,feat_003,ST_29,2024,2,0.0011682242990654205,0,0.0,,0.00,0.0,false
af7906afda03b72865034385e22dfa78,feat_003,ST_21,2019,2,0.0021598272138228943,0,0.0,,0.00,0.0,false
dd420ef815a479b1b5b1fe791d263681,feat_003,ST_21,2020,2,0.0024813895781637717,0,0.0,,0.00,0.0,false
44fd123ee6f440c802cc0ebeaa5002bd,feat_003,ST_34,2020,2,0.0024813895781637717,2,1.0,6079.36,12158.72,6079.36,false
e08429ef707ae314b2434bbc8c56e740,feat_003,ST_45,2022,2,0.0011841326228537595,0,0.0,,0.00,0.0,false
37c83496a25be1403f8f132065f64baf,feat_003,ST_37,2021,2,0.013157894736842105,0,0.0,,0.00,0.0,false
4ff1c773835c1be77c9ec87a9b949e0a,feat_003,ST_10,2024,2,0.0011682242990654205,0,0.0,,0.00,0.0,false
4b171232cc8b8daf33251eb9337c5254,feat_003,ST_15,2020,2,0.0024813895781637717,1,0.5,60397.14,60397.14,30198.57,false
f94fda95ec8fc56dabdc3d9b9386b82f,feat_003,ST_21,2018,2,0.002531645569620253,0,0.0,,0.00,0.0,false
d75e053aa490f70d27d2c57178b5d7a3,feat_003,ST_55,2018,2,0.002531645569620253,1,0.5,5914.68,5914.68,2957.34,false
b0b542621d5eb2960c71c896ba6e61be,feat_003,ST_53,2025,2,0.0013577732518669382,0,0.0,,0.00,0.0,false
55ea8b4f928d750710ec32a832a57b61,feat_003,ST_53,2024,1,0.0005841121495327102,0,0.0,,0.00,0.0,false
ae575272fa1254534384516fba34ea6f,feat_003,ST_38,2024,1,0.0005841121495327102,0,0.0,,0.00,0.0,false
8d8f2a91b13f0ebe278570ba8f89b8a8,feat_003,ST_14,2021,1,0.006578947368421052,0,0.0,,0.00,0.0,false
b4e1c2853aa206630a78be35a1fde02a,feat_003,ST_12,2022,1,0.0005920663114268798,0,0.0,,0.00,0.0,false
de7b95766314439addf35fead6108970,feat_003,ST_21,2023,1,0.0004078303425774878,1,1.0,90423.75,90423.75,90423.75,false
b0a22ba89a421e768a2a32e3c221049c,feat_003,ST_30,2018,1,0.0012658227848101266,0,0.0,,0.00,0.0,false
ed70e515922192d43913c980115d4c5d,feat_003,ST_24,2020,1,0.0012406947890818859,0,0.0,,0.00,0.0,false
5b7ed4f41457117b2ba85729f83fefa8,feat_003,ST_09,2021,1,0.006578947368421052,0,0.0,,0.00,0.0,false
c16ec7684ebf0ea9a4348140291ba9c4,feat_003,ST_36,2019,1,0.0010799136069114472,0,0.0,,0.00,0.0,false
04ec473fa25054433a776477403e729d,feat_003,ST_33,2021,1,0.006578947368421052,0,0.0,,0.00,0.0,false
779764685a1133e1a6f0d79eea1b4fa9,feat_003,ST_15,2021,1,0.006578947368421052,0,0.0,,0.00,0.0,false
bf0641046ed7749c31bfd0366c733436,feat_003,ST_47,2021,1,0.006578947368421052,0,0.0,,0.00,0.0,false
b26e0d7725c2dd68193b00dd3136c29a,feat_003,ST_17,2021,1,0.006578947368421052,0,0.0,,0.00,0.0,false
d9be700991fdd7dff232deacc5fff124,feat_003,ST_25,2021,1,0.006578947368421052,0,0.0,,0.00,0.0,false
dc1d038c9de68129a546b358e4db9802,feat_003,ST_10,2021,1,0.006578947368421052,0,0.0,,0.00,0.0,false
67afe30552f2bf2cf1ce9d16584c3463,feat_003,ST_48,2018,1,0.0012658227848101266,0,0.0,,0.00,0.0,false
db71524a08003b7588b1b12e682e69af,feat_003,ST_28,2025,1,0.0006788866259334691,0,0.0,,0.00,0.0,false
290b34eb94409a93a4e05d531ac40e17,feat_003,ST_53,2023,1,0.0004078303425774878,0,0.0,,0.00,0.0,false
6f15502cdf6116ea61e9bb66f26a516b,feat_003,ST_31,2020,1,0.0012406947890818859,0,0.0,,0.00,0.0,false
a02e90d7ff6d5e7da8822f1e1c6f0ece,feat_003,ST_29,2020,1,0.0012406947890818859,0,0.0,,0.00,0.0,false
0c02b8049ade450b2db6b702d7fb2196,feat_003,ST_28,2023,1,0.0004078303425774878,0,0.0,,0.00,0.0,false
95ebb307bd9217effb1c3e7a20975255,feat_003,ST_28,2022,1,0.0005920663114268798,0,0.0,,0.00,0.0,false
cd999f4f61c85ab948fc76b8bf863011,feat_004,true,2023,1739,0.7092169657422512,529,0.3041978148361127,27360.55077504726,14473731.36,8323.019758481885,true
b22e5ac65ffef3bd0436c3d14ce02c26,feat_004,true,2022,1245,0.7371225577264654,243,0.19518072289156627,32380.519423868314,7868466.22,6320.05318875502,true
67b24383fcf27544af56f6734b5f7e7b,feat_004,true,2024,1138,0.6647196261682243,280,0.2460456942003515,34958.437892857146,9788362.61,8601.373119507909,true
26832e9bcd799a8b14ff7df4d4fd9b24,feat_004,true,2025,893,0.606245756958588,248,0.2777155655095185,36943.12754032258,9161895.63,10259.681556550953,true
947a15ebaccdb23d1b0810d11826aef2,feat_004,false,2023,713,0.29078303425774876,126,0.1767180925666199,27536.48642857143,3469597.29,4866.195357643759,true
03c46f70ec45970f8aea29b0c33601aa,feat_004,false,2025,580,0.3937542430414121,102,0.17586206896551723,41426.67176470588,4225520.52,7285.380206896551,true
a98761c071890ad0e4e2d3a15f7c7972,feat_004,false,2024,574,0.3352803738317757,88,0.15331010452961671,29864.58431818182,2628083.42,4578.542543554006,true
5e7e127f55ee84aafc2416790129b400,feat_004,false,2018,536,0.6784810126582278,63,0.11753731343283583,30097.75492063492,1896158.56,3537.6092537313434,true
becc0760f12564376cf6ec0c9842a458,feat_004,true,2020,499,0.6191066997518611,94,0.18837675350701402,36085.61734042553,3392048.03,6797.691442885771,true
ad47c3a316128835c003d127bae6c0a6,feat_004,true,2019,495,0.5345572354211663,117,0.23636363636363636,26661.727777777778,3119422.15,6301.862929292929,true
525b88fbc64ab5b242dff8bb119dc695,feat_004,false,2022,444,0.26287744227353466,72,0.16216216216216217,27789.705833333333,2000858.82,4506.438783783784,true
0e7686a5e0b9e99bbc43dfe51479e18c,feat_004,false,2019,431,0.4654427645788337,42,0.09744779582366589,30116.88119047619,1264909.01,2934.8236890951275,true
a9bcc0d5299464373f75ebd4e6a50934,feat_004,false,2020,307,0.38089330024813894,39,0.1270358306188925,35930.89230769231,1401304.80,4564.510749185668,true
1d3c9c030c2c51f217a86197641fab05,feat_004,true,2018,254,0.32151898734177214,56,0.2204724409448819,29577.801964285714,1656356.91,6521.090196850393,true
69373bab1a0e74093b6e5c2ced6ccbf0,feat_004,true,2021,99,0.6513157894736842,19,0.1919191919191919,28573.075263157894,542888.43,5483.721515151516,true
737a038a7c35ad773da4bdbc76aefa06,feat_004,false,2021,53,0.34868421052631576,1,0.018867924528301886,38664.99,38664.99,729.5281132075471,true
76ba4f1030e8da535309efbad1d13708,feat_015,false,2023,1595,0.6504893964110929,449,0.28150470219435736,26071.91487750557,11706289.78,7339.366633228839,true
0af186b1af644c4976301938340e2d17,feat_015,false,2024,1198,0.6997663551401869,285,0.2378964941569282,33210.38849122807,9464960.72,7900.634991652755,true
37eaad2140f00dc7add4b47e4344fac2,feat_015,false,2025,1054,0.7155465037338764,256,0.2428842504743833,41979.2123828125,10746678.37,10196.089535104364,true
dd59b554c410c262a1a98ec683f86d02,feat_015,false,2022,978,0.5790408525754884,186,0.1901840490797546,33692.20344086021,6266749.84,6407.719672801636,true
43bc21aa7f201570f8c659d4712b196c,feat_015,true,2023,857,0.349510603588907,206,0.24037339556592766,30276.887718446604,6237038.87,7277.758308051342,true
622b438913ce5096cc7ef770622f96d1,feat_015,true,2022,711,0.42095914742451157,129,0.18143459915611815,27926.93953488372,3602575.20,5066.913080168777,true
f1f78ebda71b9bc685c261764c8871b7,feat_015,true,2018,539,0.6822784810126582,76,0.14100185528756956,27867.912105263156,2117961.32,3929.4273098330236,true
81fc02b37adf69b1a934becc47f901a8,feat_015,true,2019,539,0.58207343412527,77,0.14285714285714285,28570.894675324675,2199958.89,4081.5563821892397,true
48787e354c0c78ca7c45d053c9a800bc,feat_015,true,2024,514,0.3002336448598131,83,0.1614785992217899,35560.06397590361,2951485.31,5742.189319066148,true
a4760e16f387f7b09f9348c507f822a0,feat_015,true,2020,467,0.5794044665012407,78,0.1670235546038544,32603.8991025641,2543104.13,5445.619122055674,true
db9af9951e544b2c667910229f7616af,feat_015,true,2025,419,0.28445349626612354,94,0.2243436754176611,28092.95510638298,2640737.78,6302.476801909307,true
21170e49121b63c05f183803a349c0bf,feat_015,false,2019,387,0.41792656587473004,82,0.21188630490956073,26638.686219512194,2184372.27,5644.372790697675,true
befb33b5635421b4203b74ccc143ef6b,feat_015,false,2020,339,0.4205955334987593,55,0.16224188790560473,40913.612727272724,2250248.70,6637.901769911505,true
12a81b00de6cf0711f6bc96af92703fa,feat_015,false,2018,251,0.31772151898734174,43,0.17131474103585656,33361.72441860465,1434554.15,5715.355179282868,true
0133b13cd44994d7d67472c57f74b04c,feat_015,true,2021,94,0.618421052631579,9,0.09574468085106383,17604.90777777778,158444.17,1685.5762765957447,true
e5af36d2df599cdbdb12c84658431470,feat_015,false,2021,58,0.3815789473684211,11,0.1896551724137931,38464.47727272727,423109.25,7294.987068965517,true
29f61ffa299384709fd484dd3b6af3a3,feat_041,A,2023,1418,0.5783034257748777,395,0.27856135401974613,24318.309164556962,9605732.12,6774.141128349788,true
f4368c1c164e48c05c2e30dc0cc698a7,feat_041,A,2022,916,0.5423327412670219,179,0.19541484716157206,28448.776815642457,5092331.05,5559.313373362445,true
69f1753e91fd6d1a034bf7ec2636f32d,feat_041,A,2024,895,0.5227803738317757,212,0.23687150837988827,31884.536981132074,6759521.84,7552.538368715083,true
839d95f7ea84b68e7358938a95573a6b,feat_041,A,2025,797,0.5410726408689749,203,0.2547051442910916,34788.93906403941,7062154.63,8860.92174404015,true
a3da1ec79a3ee4c156f65f2aafb53655,feat_041,B,2023,638,0.2601957585644372,159,0.24921630094043887,38265.447358490565,6084206.13,9536.373244514107,true
9628df8102dd95c8e722c1de8473ae75,feat_041,B,2024,553,0.3230140186915888,103,0.18625678119349007,42665.86650485437,4394584.25,7946.806962025316,true
f0cf66534f279d851306a41b58805097,feat_041,B,2022,507,0.30017761989342806,89,0.1755424063116371,41888.32157303371,3728060.62,7353.176765285996,true
01c9f758e1d85972b6ff5a67702188dc,feat_041,B,2025,496,0.3367277664630007,118,0.23790322580645162,48443.49974576271,5716332.97,11524.864858870968,true
27f0fbe74f909de1ce2314fc4847758d,feat_041,A,2019,443,0.47840172786177104,76,0.17155756207674944,30098.274868421053,2287468.89,5163.586659142213,true
586886588f6bb58ef0d986299763fe00,feat_041,A,2020,409,0.5074441687344913,68,0.16625916870415647,39716.30235294117,2700708.56,6603.199413202934,true
ef6c370347549ecd35f888dc1026c013,feat_041,C,2023,380,0.15497553017944535,96,0.25263157894736843,22947.191041666665,2202930.34,5797.185105263157,true
9f5f6f80b3494a1c430fc4fa17c87f50,feat_041,A,2018,355,0.44936708860759494,57,0.16056338028169015,36484.55087719298,2079619.40,5858.0828169014085,true
104a375ae50a2729173e33a081ba4625,feat_041,B,2019,336,0.36285097192224625,52,0.15476190476190477,31485.037115384614,1637221.93,4872.68431547619,true
288de0a4e1aa0104e39d27151cc436cd,feat_041,B,2020,296,0.36724565756823824,48,0.16216216216216217,35170.62875,1688190.18,5703.345202702702,true
8437b737dad2266a2fba3edc50a43420,feat_041,B,2018,288,0.36455696202531646,38,0.13194444444444445,20591.497894736844,782476.92,2716.93375,true
a87df4e53d70e5427e965174054e80ae,feat_041,C,2022,265,0.15689757252812314,47,0.17735849056603772,22317.731276595743,1048933.37,3958.2391320754723,true
3ade49c066c77343b30c4236e457b7e9,feat_041,C,2024,256,0.14953271028037382,53,0.20703125,23817.734716981133,1262339.94,4931.015390625,true
b60415af3fbfc2b6fc554d1f01dd5758,feat_041,C,2025,173,0.11744738628649015,27,0.15606936416184972,22445.591111111113,606030.96,3503.069132947977,true
3171b95e7557575b9af7dc904b46f993,feat_041,C,2019,145,0.15658747300215983,31,0.21379310344827587,14827.107741935484,459640.34,3169.933379310345,true
02b6d04561d3d65426a74551f7c1703e,feat_041,C,2018,141,0.17848101265822786,24,0.1702127659574468,28767.464583333334,690419.15,4896.589716312057,true
c6a7c51faefee3755668de1c566d5195,feat_041,C,2020,101,0.12531017369727046,17,0.16831683168316833,23791.41705882353,404454.09,4004.4959405940594,true
b78459c21b4bf1019419787b5c481182,feat_041,A,2021,74,0.4868421052631579,7,0.0945945945945946,35286.85428571429,247007.98,3337.945675675676,true
94a44b94844b045c8cd543c0735be607,feat_041,B,2021,51,0.3355263157894737,9,0.17647058823529413,24622.96888888889,221606.72,4345.229803921568,true
6a6c5c455f049dd56ed8130b3c0ab6ea,feat_041,C,2021,27,0.17763157894736842,4,0.14814814814814814,28234.68,112938.72,4182.915555555555,false
71a2253e3e9e4894844b77769411bd5f,feat_041,D,2023,16,0.0065252854812398045,5,0.3125,10092.012,50460.06,3153.75375,false
d17c7e48468036892d8e6c5d57fb389b,feat_041,D,2024,8,0.004672897196261682,0,0.0,,0.00,0.0,false
50268222aa977be3fa2e8e86fa7a15bd,feat_041,D,2025,7,0.0047522063815342835,2,0.2857142857142857,1448.795,2897.59,413.9414285714286,false
1965f7a5f98bc765e631e217f9404ff9,feat_041,D,2018,6,0.007594936708860759,0,0.0,,0.00,0.0,false
2a9adf6ef90e1463bbd87e7d1d02cb86,feat_041,D,2019,2,0.0021598272138228943,0,0.0,,0.00,0.0,false
fd909fc30fdc00e9fd4b741a756cbed1,feat_041,D,2022,1,0.0005920663114268798,0,0.0,,0.00,0.0,false
